"SUBMITTER_NAME","SUBMITTER_EMAIL","DOW","SURVEY_START","RAKE_MAX","SUBMIT_TIME","SURVEYORS","sta_nbr","ceratophyllum_demersum","depth_ft","potamogeton_crispus","elodea_canadensis","stuckenia_pectinata","lemna_trisulca","nymphaea_odorata","myriophyllum_spicatum","chara_sp","potamogeton_illinoensis","potamogeton_zosteriformis","vallisneria_americana","potamogeton_praelongus","potamogeton_richardsonii","najas_flexilis","heteranthera_dubia","spirodela_polyrrhiza","lemna_minor","nuphar_variegata","algae","subbasin","potamogeton_robbinsii","potamogeton_nodosus","wolffia_sp","potamogeton_foliosus","ranunculus_aquatilis","potamogeton_pusillus","myriophyllum_sibiricum","potamogeton_amplifolius","brasenia_schreberi","lemna_sp","najas_sp","latitude","longitude","eleocharis_acicularis","utricularia_macrorhiza","nitella_mucronata","myriophyllum_spicatum_x_sibiricum","riccia_fluitans","characeae_taxa","MISSING_LAT","MISSING_LONG"
"Ramsey County Parks and Recreation","alexis.lipstein@co.ramsey.mn.us","61006400","2021-07-29","3","2025-02-10 10:22:03.939497","Unnamed hardworking surveyor(s)","1","3","1.31",NA,NA,NA,NA,NA,NA,NA,NA,"1",NA,NA,NA,NA,NA,NA,NA,NA,"2",NA,NA,NA,NA,NA,NA,NA,NA,NA,NA,NA,NA,45.1265218893942,-93.0530425827301,NA,NA,NA,NA,NA,NA,FALSE,FALSE
"Ramsey County Parks and Recreation","alexis.lipstein@co.ramsey.mn.us","61006400","2021-07-29","3","2025-02-10 10:22:03.939497","Unnamed hardworking surveyor(s)","2","3","0.98",NA,"2",NA,NA,NA,NA,NA,NA,"2",NA,NA,NA,NA,NA,NA,NA,NA,"2",NA,NA,NA,NA,NA,NA,NA,NA,NA,NA,NA,NA,45.1263138799702,-93.0521953278961,NA,NA,"2",NA,NA,NA,FALSE,FALSE
"Ramsey County Parks and Recreation","alexis.lipstein@co.ramsey.mn.us","61006400","2021-07-29","3","2025-02-10 10:22:03.939497","Unnamed hardworking surveyor(s)","3","3","0.66",NA,"1",NA,NA,NA,NA,NA,NA,NA,NA,NA,NA,NA,NA,NA,NA,NA,"2",NA,NA,NA,NA,NA,NA,NA,NA,NA,NA,NA,NA,45.1265225878819,-93.0515166742941,NA,NA,NA,NA,NA,NA,FALSE,FALSE
"Ramsey County Parks and Recreation","alexis.lipstein@co.ramsey.mn.us","61006400","2021-07-29","3","2025-02-10 10:22:03.939497","Unnamed hardworking surveyor(s)","4",NA,"1.64",NA,"1",NA,NA,NA,NA,NA,NA,"1",NA,NA,NA,NA,NA,NA,NA,NA,"2",NA,NA,NA,NA,NA,NA,NA,NA,NA,NA,NA,NA,45.127061635851,-93.0538060446782,NA,NA,"3",NA,NA,NA,FALSE,FALSE
"Ramsey County Parks and Recreation","alexis.lipstein@co.ramsey.mn.us","61006400","2021-07-29","3","2025-02-10 10:22:03.939497","Unnamed hardworking surveyor(s)","5","3","2.3",NA,"1",NA,NA,NA,NA,NA,NA,"2",NA,NA,NA,NA,NA,NA,NA,NA,"2",NA,NA,NA,NA,NA,NA,NA,NA,NA,NA,NA,NA,45.1270623445455,-93.0522801218706,NA,NA,"1",NA,NA,NA,FALSE,FALSE
"Ramsey County Parks and Recreation","alexis.lipstein@co.ramsey.mn.us","61006400","2021-07-29","3","2025-02-10 10:22:03.939497","Unnamed hardworking surveyor(s)","6",NA,"0.33",NA,"2",NA,NA,NA,"2",NA,NA,"1",NA,NA,NA,NA,NA,NA,NA,NA,"2",NA,NA,NA,NA,NA,NA,NA,NA,NA,NA,NA,NA,45.1270630328526,-93.0507541990073,NA,NA,"2",NA,NA,NA,FALSE,FALSE
"Ramsey County Parks and Recreation","alexis.lipstein@co.ramsey.mn.us","61006400","2021-07-29","3","2025-02-10 10:22:03.939497","Unnamed hardworking surveyor(s)","7",NA,"1.64",NA,NA,NA,NA,NA,NA,NA,NA,"1",NA,NA,NA,NA,NA,NA,NA,NA,NA,NA,NA,NA,NA,NA,NA,NA,NA,NA,NA,NA,NA,45.1276013771462,-93.0545695210261,NA,NA,"3",NA,NA,NA,FALSE,FALSE
"Ramsey County Parks and Recreation","alexis.lipstein@co.ramsey.mn.us","61006400","2021-07-29","3","2025-02-10 10:22:03.939497","Unnamed hardworking surveyor(s)","8","2","2.62",NA,"1",NA,NA,NA,NA,NA,NA,"1",NA,NA,NA,NA,NA,NA,NA,NA,NA,NA,NA,NA,NA,NA,NA,NA,NA,NA,NA,NA,NA,45.1276020960479,-93.053043583847,NA,NA,"3",NA,NA,NA,FALSE,FALSE
"Ramsey County Parks and Recreation","alexis.lipstein@co.ramsey.mn.us","61006400","2021-07-29","3","2025-02-10 10:22:03.939497","Unnamed hardworking surveyor(s)","9",NA,"2.3",NA,"3",NA,NA,NA,NA,NA,NA,"1",NA,NA,NA,"1",NA,NA,NA,NA,NA,NA,NA,NA,NA,NA,NA,NA,NA,NA,NA,NA,NA,45.1276027945618,-93.0515176466113,NA,NA,"3",NA,NA,NA,FALSE,FALSE
"Ramsey County Parks and Recreation","alexis.lipstein@co.ramsey.mn.us","61006400","2021-07-29","3","2025-02-10 10:22:03.939497","Unnamed hardworking surveyor(s)","10",NA,"0.33",NA,NA,NA,NA,NA,NA,NA,NA,NA,NA,NA,NA,NA,NA,NA,NA,NA,NA,NA,NA,NA,NA,NA,NA,NA,NA,NA,NA,NA,NA,45.128140363782,-93.0568589632659,NA,NA,NA,NA,NA,NA,FALSE,FALSE
"Ramsey County Parks and Recreation","alexis.lipstein@co.ramsey.mn.us","61006400","2021-07-29","3","2025-02-10 10:22:03.939497","Unnamed hardworking surveyor(s)","11","2","1.97",NA,"3",NA,NA,NA,NA,NA,NA,NA,NA,NA,NA,NA,NA,NA,NA,NA,NA,NA,NA,NA,NA,NA,NA,NA,NA,NA,NA,NA,NA,45.1281411132795,-93.0553330117743,NA,NA,"3",NA,NA,NA,FALSE,FALSE
"Ramsey County Parks and Recreation","alexis.lipstein@co.ramsey.mn.us","61006400","2021-07-29","3","2025-02-10 10:22:03.939497","Unnamed hardworking surveyor(s)","12",NA,"2.3",NA,NA,"1",NA,NA,NA,"3",NA,NA,NA,NA,NA,NA,NA,NA,NA,NA,NA,NA,NA,NA,NA,NA,NA,NA,NA,NA,NA,NA,NA,45.1281418423888,-93.0538070602236,NA,NA,NA,NA,NA,NA,FALSE,FALSE
"Ramsey County Parks and Recreation","alexis.lipstein@co.ramsey.mn.us","61006400","2021-07-29","3","2025-02-10 10:22:03.939497","Unnamed hardworking surveyor(s)","13","2","2.3",NA,"1","1",NA,NA,NA,NA,NA,"3",NA,NA,NA,NA,NA,NA,NA,NA,NA,NA,NA,NA,NA,NA,NA,NA,NA,NA,NA,NA,NA,45.1281425511099,-93.0522811086156,NA,NA,NA,NA,NA,NA,FALSE,FALSE
"Ramsey County Parks and Recreation","alexis.lipstein@co.ramsey.mn.us","61006400","2021-07-29","3","2025-02-10 10:22:03.939497","Unnamed hardworking surveyor(s)","14",NA,"2.3",NA,NA,NA,NA,NA,NA,NA,NA,"1",NA,NA,NA,NA,NA,NA,NA,NA,NA,NA,NA,NA,NA,NA,NA,NA,NA,NA,NA,NA,NA,45.1281432394428,-93.0507551569517,NA,NA,"3",NA,NA,NA,FALSE,FALSE
"Ramsey County Parks and Recreation","alexis.lipstein@co.ramsey.mn.us","61006400","2021-07-29","3","2025-02-10 10:22:03.939497","Unnamed hardworking surveyor(s)","15",NA,"0.98",NA,NA,NA,NA,NA,NA,NA,NA,"2",NA,NA,NA,NA,NA,NA,NA,NA,NA,NA,NA,NA,NA,NA,NA,NA,NA,NA,NA,NA,NA,45.1286800845448,-93.0576224827855,NA,NA,"2",NA,NA,NA,FALSE,FALSE
"Ramsey County Parks and Recreation","alexis.lipstein@co.ramsey.mn.us","61006400","2021-07-29","3","2025-02-10 10:22:03.939497","Unnamed hardworking surveyor(s)","16",NA,"1.31",NA,NA,NA,NA,NA,NA,NA,NA,"1",NA,NA,NA,"1",NA,NA,NA,NA,NA,NA,NA,NA,NA,NA,NA,NA,NA,NA,NA,NA,NA,45.1286808442506,-93.0560965169232,NA,NA,"1",NA,NA,NA,FALSE,FALSE
"Ramsey County Parks and Recreation","alexis.lipstein@co.ramsey.mn.us","61006400","2021-07-29","3","2025-02-10 10:22:03.939497","Unnamed hardworking surveyor(s)","17",NA,"2.3",NA,"1",NA,NA,NA,NA,"3",NA,NA,NA,NA,NA,NA,NA,NA,NA,NA,NA,NA,NA,NA,NA,NA,NA,NA,NA,NA,NA,NA,NA,45.1286815835679,-93.0545705510009,NA,NA,"2",NA,NA,NA,FALSE,FALSE
"Ramsey County Parks and Recreation","alexis.lipstein@co.ramsey.mn.us","61006400","2021-07-29","3","2025-02-10 10:22:03.939497","Unnamed hardworking surveyor(s)","18",NA,"2.62",NA,NA,NA,NA,NA,"1","2",NA,"3",NA,NA,NA,NA,NA,NA,NA,NA,NA,NA,NA,NA,NA,NA,NA,NA,NA,NA,NA,NA,NA,45.1286823024965,-93.0530445850205,NA,NA,"1",NA,NA,NA,FALSE,FALSE
"Ramsey County Parks and Recreation","alexis.lipstein@co.ramsey.mn.us","61006400","2021-07-29","3","2025-02-10 10:22:03.939497","Unnamed hardworking surveyor(s)","19",NA,"2.3",NA,NA,NA,NA,NA,NA,"3",NA,"2",NA,NA,NA,NA,NA,NA,NA,NA,NA,NA,NA,NA,NA,NA,NA,NA,NA,NA,NA,NA,NA,45.1286830010366,-93.0515186189835,NA,NA,NA,NA,NA,NA,FALSE,FALSE
"Ramsey County Parks and Recreation","alexis.lipstein@co.ramsey.mn.us","61006400","2021-07-29","3","2025-02-10 10:22:03.939497","Unnamed hardworking surveyor(s)","20","3","2.3",NA,NA,NA,NA,NA,NA,NA,NA,"1",NA,NA,NA,NA,NA,NA,NA,NA,NA,NA,NA,NA,NA,NA,NA,NA,NA,NA,NA,NA,NA,45.1292205700593,-93.0568600364731,NA,NA,"2",NA,NA,NA,FALSE,FALSE
"Ramsey County Parks and Recreation","alexis.lipstein@co.ramsey.mn.us","61006400","2021-07-29","3","2025-02-10 10:22:03.939497","Unnamed hardworking surveyor(s)","21",NA,"2.3",NA,NA,NA,NA,NA,NA,"3",NA,NA,NA,NA,NA,NA,NA,NA,NA,NA,NA,NA,NA,NA,NA,NA,NA,NA,NA,NA,NA,NA,NA,45.1292213195848,-93.0553340561793,NA,NA,"2",NA,NA,NA,FALSE,FALSE
"Ramsey County Parks and Recreation","alexis.lipstein@co.ramsey.mn.us","61006400","2021-07-29","3","2025-02-10 10:22:03.939497","Unnamed hardworking surveyor(s)","22",NA,"2.3",NA,NA,NA,NA,NA,NA,"3",NA,"1",NA,NA,NA,NA,NA,NA,NA,NA,NA,NA,NA,NA,NA,NA,NA,NA,NA,NA,NA,NA,NA,45.1292220487214,-93.0538080758265,NA,NA,"2",NA,NA,NA,FALSE,FALSE
"Ramsey County Parks and Recreation","alexis.lipstein@co.ramsey.mn.us","61006400","2021-07-29","3","2025-02-10 10:22:03.939497","Unnamed hardworking surveyor(s)","23",NA,"2.62",NA,"1",NA,NA,NA,NA,NA,NA,"3",NA,NA,NA,NA,NA,NA,NA,NA,NA,NA,NA,NA,NA,NA,NA,NA,NA,NA,NA,NA,NA,45.129222757469,-93.0522820954163,NA,NA,NA,NA,NA,NA,FALSE,FALSE
"Ramsey County Parks and Recreation","alexis.lipstein@co.ramsey.mn.us","61006400","2021-07-29","3","2025-02-10 10:22:03.939497","Unnamed hardworking surveyor(s)","24",NA,"2.3",NA,NA,NA,NA,NA,NA,"3",NA,"1",NA,NA,NA,NA,NA,NA,NA,NA,NA,NA,NA,NA,NA,NA,NA,NA,NA,NA,NA,NA,NA,45.1292234458277,-93.0507561149503,NA,NA,NA,NA,NA,NA,FALSE,FALSE
"Ramsey County Parks and Recreation","alexis.lipstein@co.ramsey.mn.us","61006400","2021-07-29","3","2025-02-10 10:22:03.939497","Unnamed hardworking surveyor(s)","25",NA,"1.97",NA,NA,NA,NA,NA,NA,NA,NA,NA,NA,NA,NA,NA,NA,NA,NA,NA,NA,NA,NA,NA,NA,NA,NA,NA,NA,NA,NA,NA,NA,45.1297610504394,-93.0560975757592,NA,NA,"3",NA,NA,NA,FALSE,FALSE
"Ramsey County Parks and Recreation","alexis.lipstein@co.ramsey.mn.us","61006400","2021-07-29","3","2025-02-10 10:22:03.939497","Unnamed hardworking surveyor(s)","26",NA,"2.3",NA,NA,NA,NA,NA,NA,NA,NA,NA,NA,NA,NA,NA,NA,NA,NA,NA,NA,NA,NA,NA,NA,NA,NA,NA,NA,NA,NA,NA,NA,45.1297617897843,-93.054571581034,NA,NA,"3",NA,NA,NA,FALSE,FALSE
"Ramsey County Parks and Recreation","alexis.lipstein@co.ramsey.mn.us","61006400","2021-07-29","3","2025-02-10 10:22:03.939497","Unnamed hardworking surveyor(s)","27",NA,"2.62",NA,NA,NA,NA,NA,NA,"2",NA,NA,NA,NA,NA,NA,NA,NA,NA,NA,NA,NA,NA,NA,NA,NA,NA,NA,NA,NA,NA,NA,NA,45.1297625087399,-93.0530455862506,NA,NA,NA,NA,NA,NA,FALSE,FALSE
"Ramsey County Parks and Recreation","alexis.lipstein@co.ramsey.mn.us","61006400","2021-07-29","3","2025-02-10 10:22:03.939497","Unnamed hardworking surveyor(s)","28",NA,"2.62",NA,NA,NA,NA,NA,NA,"3",NA,"1",NA,NA,NA,NA,NA,NA,NA,NA,NA,NA,NA,NA,NA,NA,NA,NA,NA,NA,NA,NA,NA,45.1297632073061,-93.0515195914106,NA,NA,NA,NA,NA,NA,FALSE,FALSE
"Ramsey County Parks and Recreation","alexis.lipstein@co.ramsey.mn.us","61006400","2021-07-29","3","2025-02-10 10:22:03.939497","Unnamed hardworking surveyor(s)","29",NA,"2.3",NA,NA,NA,NA,NA,NA,"3",NA,NA,NA,NA,NA,NA,NA,NA,NA,NA,NA,NA,NA,NA,NA,NA,NA,NA,NA,NA,NA,NA,NA,45.1303007761313,-93.0568611097409,NA,NA,NA,NA,NA,NA,FALSE,FALSE
"Ramsey County Parks and Recreation","alexis.lipstein@co.ramsey.mn.us","61006400","2021-07-29","3","2025-02-10 10:22:03.939497","Unnamed hardworking surveyor(s)","30",NA,"2.3",NA,NA,NA,NA,NA,NA,NA,NA,NA,NA,NA,NA,NA,NA,NA,NA,NA,NA,NA,NA,NA,NA,NA,NA,NA,NA,NA,NA,NA,NA,45.1303015256849,-93.0553351006433,NA,NA,"2",NA,NA,NA,FALSE,FALSE
"Ramsey County Parks and Recreation","alexis.lipstein@co.ramsey.mn.us","61006400","2021-07-29","3","2025-02-10 10:22:03.939497","Unnamed hardworking surveyor(s)","31",NA,"1.97",NA,NA,NA,NA,NA,NA,NA,NA,"1",NA,NA,NA,NA,NA,NA,NA,NA,NA,NA,NA,NA,NA,NA,NA,NA,NA,NA,NA,NA,NA,45.1303022548488,-93.0538090914868,NA,NA,"3",NA,NA,NA,FALSE,FALSE
"Ramsey County Parks and Recreation","alexis.lipstein@co.ramsey.mn.us","61006400","2021-07-29","3","2025-02-10 10:22:03.939497","Unnamed hardworking surveyor(s)","32",NA,"2.62",NA,NA,NA,NA,NA,NA,NA,NA,NA,NA,NA,NA,NA,NA,NA,NA,NA,NA,NA,NA,NA,NA,NA,NA,NA,NA,NA,NA,NA,NA,45.130302963623,-93.0522830822728,NA,NA,"2",NA,NA,NA,FALSE,FALSE
"Ramsey County Parks and Recreation","alexis.lipstein@co.ramsey.mn.us","61006400","2021-07-29","3","2025-02-10 10:22:03.939497","Unnamed hardworking surveyor(s)","33",NA,"2.62",NA,NA,NA,NA,NA,NA,"3",NA,"1",NA,NA,NA,NA,NA,NA,NA,NA,NA,NA,NA,NA,NA,NA,NA,NA,NA,NA,NA,NA,NA,45.1303036520074,-93.050757073003,NA,NA,NA,NA,NA,NA,FALSE,FALSE
"Ramsey County Parks and Recreation","alexis.lipstein@co.ramsey.mn.us","61006400","2021-07-29","3","2025-02-10 10:22:03.939497","Unnamed hardworking surveyor(s)","34",NA,"2.3",NA,NA,NA,NA,NA,NA,"3",NA,"1",NA,NA,NA,NA,NA,NA,NA,NA,NA,NA,NA,NA,NA,NA,NA,NA,NA,NA,NA,NA,NA,45.1300958113891,-93.0494832318844,NA,NA,NA,NA,NA,NA,FALSE,FALSE
"Ramsey County Parks and Recreation","alexis.lipstein@co.ramsey.mn.us","61006400","2021-07-29","3","2025-02-10 10:22:03.939497","Unnamed hardworking surveyor(s)","35",NA,"2.62",NA,NA,NA,NA,NA,NA,"3",NA,NA,NA,NA,NA,NA,NA,NA,NA,NA,NA,NA,NA,NA,NA,NA,NA,NA,NA,NA,NA,NA,NA,45.1308412564229,-93.056098634655,NA,NA,NA,NA,NA,NA,FALSE,FALSE
"Ramsey County Parks and Recreation","alexis.lipstein@co.ramsey.mn.us","61006400","2021-07-29","3","2025-02-10 10:22:03.939497","Unnamed hardworking surveyor(s)","36",NA,"1.97",NA,NA,NA,NA,NA,NA,NA,NA,"1",NA,NA,NA,NA,NA,NA,NA,NA,NA,NA,NA,NA,NA,NA,NA,NA,NA,NA,NA,NA,NA,45.1308419957955,-93.0545726111253,NA,NA,"2",NA,NA,NA,FALSE,FALSE
"Ramsey County Parks and Recreation","alexis.lipstein@co.ramsey.mn.us","61006400","2021-07-29","3","2025-02-10 10:22:03.939497","Unnamed hardworking surveyor(s)","37",NA,"0.33",NA,NA,NA,NA,NA,NA,NA,NA,"3",NA,NA,NA,NA,NA,NA,NA,NA,NA,NA,NA,NA,NA,NA,NA,NA,NA,NA,NA,NA,NA,45.130842714778,-93.0530465875373,NA,NA,"2",NA,NA,NA,FALSE,FALSE
"Ramsey County Parks and Recreation","alexis.lipstein@co.ramsey.mn.us","61006400","2021-07-29","3","2025-02-10 10:22:03.939497","Unnamed hardworking surveyor(s)","38",NA,"2.62",NA,NA,NA,NA,NA,NA,NA,NA,NA,NA,NA,NA,NA,NA,NA,NA,NA,NA,NA,NA,NA,NA,NA,NA,NA,NA,NA,NA,NA,NA,45.1308434133704,-93.0515205638927,NA,NA,"3",NA,NA,NA,FALSE,FALSE
"Ramsey County Parks and Recreation","alexis.lipstein@co.ramsey.mn.us","61006400","2021-07-29","3","2025-02-10 10:22:03.939497","Unnamed hardworking surveyor(s)","39",NA,"2.62",NA,NA,NA,NA,NA,NA,NA,NA,"1",NA,NA,NA,NA,NA,NA,NA,NA,NA,NA,NA,NA,NA,NA,NA,NA,NA,NA,NA,NA,NA,45.1308440915727,-93.0499945401931,NA,NA,"3",NA,NA,NA,FALSE,FALSE
"Ramsey County Parks and Recreation","alexis.lipstein@co.ramsey.mn.us","61006400","2021-07-29","3","2025-02-10 10:22:03.939497","Unnamed hardworking surveyor(s)","40",NA,"2.62",NA,NA,NA,NA,NA,NA,"3",NA,NA,NA,NA,NA,NA,NA,NA,NA,NA,NA,NA,NA,NA,NA,NA,NA,NA,NA,NA,NA,NA,NA,45.1313809819981,-93.0568621830694,NA,NA,NA,NA,NA,NA,FALSE,FALSE
"Ramsey County Parks and Recreation","alexis.lipstein@co.ramsey.mn.us","61006400","2021-07-29","3","2025-02-10 10:22:03.939497","Unnamed hardworking surveyor(s)","41",NA,"2.3",NA,NA,NA,NA,NA,NA,"1",NA,"2",NA,NA,NA,NA,NA,NA,NA,NA,NA,NA,NA,NA,NA,NA,NA,NA,NA,NA,NA,NA,NA,45.131382460771,-93.0538101072044,NA,NA,NA,NA,NA,NA,FALSE,FALSE
"Ramsey County Parks and Recreation","alexis.lipstein@co.ramsey.mn.us","61006400","2021-07-29","3","2025-02-10 10:22:03.939497","Unnamed hardworking surveyor(s)","42",NA,"2.3",NA,"1","1",NA,NA,NA,NA,NA,"1",NA,NA,NA,NA,NA,NA,NA,NA,NA,NA,NA,NA,NA,NA,NA,NA,NA,NA,NA,NA,NA,45.1313831695717,-93.052284069185,NA,NA,"1",NA,NA,NA,FALSE,FALSE
"Ramsey County Parks and Recreation","alexis.lipstein@co.ramsey.mn.us","61006400","2021-07-29","3","2025-02-10 10:22:03.939497","Unnamed hardworking surveyor(s)","43",NA,"0.98",NA,"2",NA,NA,NA,NA,"3",NA,NA,NA,NA,NA,NA,NA,NA,NA,NA,NA,NA,NA,NA,NA,NA,NA,NA,NA,NA,NA,NA,NA,45.1313838579819,-93.0507580311099,NA,NA,"1",NA,NA,NA,FALSE,FALSE
"Ramsey County Parks and Recreation","alexis.lipstein@co.ramsey.mn.us","61006400","2021-07-29","3","2025-02-10 10:22:03.939497","Unnamed hardworking surveyor(s)","44",NA,"2.62",NA,NA,NA,NA,NA,NA,NA,NA,"1",NA,NA,NA,NA,NA,NA,NA,NA,NA,NA,NA,NA,NA,NA,NA,NA,NA,NA,NA,NA,NA,45.1319214622013,-93.0560996936107,NA,NA,"3",NA,NA,NA,FALSE,FALSE
"Ramsey County Parks and Recreation","alexis.lipstein@co.ramsey.mn.us","61006400","2021-07-29","3","2025-02-10 10:22:03.939497","Unnamed hardworking surveyor(s)","45",NA,"2.95",NA,NA,NA,NA,NA,NA,NA,NA,NA,NA,NA,NA,NA,NA,NA,NA,NA,NA,NA,NA,NA,NA,NA,NA,NA,NA,NA,NA,NA,NA,45.1319222016015,-93.0545736412747,NA,NA,"3",NA,NA,NA,FALSE,FALSE
"Ramsey County Parks and Recreation","alexis.lipstein@co.ramsey.mn.us","61006400","2021-07-29","3","2025-02-10 10:22:03.939497","Unnamed hardworking surveyor(s)","46",NA,"2.62",NA,NA,NA,NA,NA,NA,"2",NA,"2",NA,NA,NA,NA,NA,NA,NA,NA,NA,NA,NA,NA,NA,NA,NA,NA,NA,NA,NA,NA,NA,45.131922920611,-93.0530475888805,NA,NA,"3",NA,NA,NA,FALSE,FALSE
"Ramsey County Parks and Recreation","alexis.lipstein@co.ramsey.mn.us","61006400","2021-07-29","3","2025-02-10 10:22:03.939497","Unnamed hardworking surveyor(s)","47",NA,"2.3",NA,NA,NA,NA,NA,NA,NA,NA,"1",NA,NA,NA,NA,NA,NA,NA,NA,NA,NA,NA,NA,NA,NA,NA,NA,NA,NA,NA,NA,NA,45.1319236192295,-93.0515215364297,NA,NA,"3",NA,NA,NA,FALSE,FALSE
"Ramsey County Parks and Recreation","alexis.lipstein@co.ramsey.mn.us","61006400","2021-07-29","3","2025-02-10 10:22:03.939497","Unnamed hardworking surveyor(s)","48",NA,"0.33",NA,"1",NA,NA,NA,NA,NA,NA,"2",NA,NA,NA,NA,NA,NA,NA,NA,NA,NA,NA,NA,NA,NA,NA,NA,NA,NA,NA,NA,NA,45.1319242974572,-93.049995483924,NA,NA,"3",NA,NA,NA,FALSE,FALSE
"Ramsey County Parks and Recreation","alexis.lipstein@co.ramsey.mn.us","61006400","2021-07-29","3","2025-02-10 10:22:03.939497","Unnamed hardworking surveyor(s)","49",NA,"2.62",NA,NA,NA,NA,NA,NA,NA,NA,NA,NA,NA,NA,NA,NA,NA,NA,NA,NA,NA,NA,NA,NA,NA,NA,NA,NA,NA,NA,NA,NA,45.1324611876597,-93.0568632564585,NA,NA,"3",NA,NA,NA,FALSE,FALSE
"Ramsey County Parks and Recreation","alexis.lipstein@co.ramsey.mn.us","61006400","2021-07-29","3","2025-02-10 10:22:03.939497","Unnamed hardworking surveyor(s)","50",NA,"2.95",NA,NA,NA,NA,NA,NA,NA,NA,"2",NA,NA,NA,NA,NA,NA,NA,NA,NA,NA,NA,NA,NA,NA,NA,NA,NA,NA,NA,NA,NA,45.1324619372694,-93.0553371897485,NA,NA,"3",NA,NA,NA,FALSE,FALSE
"Ramsey County Parks and Recreation","alexis.lipstein@co.ramsey.mn.us","61006400","2021-07-29","3","2025-02-10 10:22:03.939497","Unnamed hardworking surveyor(s)","51",NA,"2.95",NA,NA,NA,NA,NA,NA,"3",NA,NA,NA,NA,NA,NA,NA,NA,NA,NA,NA,NA,NA,NA,NA,NA,NA,NA,NA,NA,NA,NA,NA,45.132462666488,-93.0538111229795,NA,NA,NA,NA,NA,NA,FALSE,FALSE
"Ramsey County Parks and Recreation","alexis.lipstein@co.ramsey.mn.us","61006400","2021-07-29","3","2025-02-10 10:22:03.939497","Unnamed hardworking surveyor(s)","52","2","2.3",NA,NA,NA,NA,NA,NA,"3",NA,NA,NA,NA,NA,NA,NA,NA,NA,NA,NA,NA,NA,NA,NA,NA,NA,NA,NA,NA,NA,NA,NA,45.1324633753152,-93.0522850561531,NA,NA,NA,NA,NA,NA,FALSE,FALSE
"Ramsey County Parks and Recreation","alexis.lipstein@co.ramsey.mn.us","61006400","2021-07-29","3","2025-02-10 10:22:03.939497","Unnamed hardworking surveyor(s)","53",NA,"2.3",NA,NA,NA,NA,NA,NA,"3",NA,NA,NA,NA,NA,NA,NA,NA,NA,NA,NA,NA,NA,NA,NA,NA,NA,NA,NA,NA,NA,NA,NA,45.1324640637512,-93.0507589892709,NA,NA,NA,NA,NA,NA,FALSE,FALSE
"Ramsey County Parks and Recreation","alexis.lipstein@co.ramsey.mn.us","61006400","2021-07-29","3","2025-02-10 10:22:03.939497","Unnamed hardworking surveyor(s)","54","2","2.95",NA,NA,NA,NA,NA,NA,NA,NA,"1",NA,NA,NA,NA,NA,NA,NA,NA,NA,NA,NA,NA,NA,NA,NA,NA,NA,NA,NA,NA,NA,45.132464731796,-93.0492329223345,NA,NA,NA,NA,NA,NA,FALSE,FALSE
"Ramsey County Parks and Recreation","alexis.lipstein@co.ramsey.mn.us","61006400","2021-07-29","3","2025-02-10 10:22:03.939497","Unnamed hardworking surveyor(s)","55",NA,"2.95",NA,"1",NA,NA,NA,NA,"3",NA,NA,NA,NA,NA,NA,NA,NA,NA,NA,NA,NA,NA,NA,NA,NA,NA,NA,NA,NA,NA,NA,NA,45.1330016677744,-93.0561007526263,NA,NA,NA,NA,NA,NA,FALSE,FALSE
"Ramsey County Parks and Recreation","alexis.lipstein@co.ramsey.mn.us","61006400","2021-07-29","3","2025-02-10 10:22:03.939497","Unnamed hardworking surveyor(s)","56",NA,"1.97",NA,"2",NA,NA,NA,NA,NA,NA,"1",NA,NA,NA,NA,NA,NA,NA,NA,NA,NA,NA,NA,NA,NA,NA,NA,NA,NA,NA,NA,NA,45.1330024072024,-93.0545746714825,NA,NA,"2",NA,NA,NA,FALSE,FALSE
"Ramsey County Parks and Recreation","alexis.lipstein@co.ramsey.mn.us","61006400","2021-07-29","3","2025-02-10 10:22:03.939497","Unnamed hardworking surveyor(s)","57",NA,"1.31",NA,NA,NA,NA,NA,NA,NA,NA,"2",NA,NA,NA,NA,NA,NA,NA,NA,NA,NA,NA,NA,NA,NA,NA,NA,NA,NA,NA,NA,NA,45.1330031262387,-93.0530485902804,NA,NA,"2",NA,NA,NA,FALSE,FALSE
"Ramsey County Parks and Recreation","alexis.lipstein@co.ramsey.mn.us","61006400","2021-07-29","3","2025-02-10 10:22:03.939497","Unnamed hardworking surveyor(s)","58","1","2.3",NA,"1",NA,NA,NA,NA,NA,NA,"1",NA,NA,NA,NA,NA,NA,NA,NA,NA,NA,NA,NA,NA,NA,NA,NA,NA,NA,NA,NA,NA,45.1330038248834,-93.0515225090217,NA,NA,"1",NA,NA,NA,FALSE,FALSE
"Ramsey County Parks and Recreation","alexis.lipstein@co.ramsey.mn.us","61006400","2021-07-29","3","2025-02-10 10:22:03.939497","Unnamed hardworking surveyor(s)","59",NA,"2.62",NA,NA,NA,NA,NA,NA,NA,NA,"1",NA,NA,NA,NA,NA,NA,NA,NA,NA,NA,NA,NA,NA,NA,NA,NA,NA,NA,NA,NA,NA,45.1330045031365,-93.0499964277081,NA,NA,"3",NA,NA,NA,FALSE,FALSE
"Ramsey County Parks and Recreation","alexis.lipstein@co.ramsey.mn.us","61006400","2021-07-29","3","2025-02-10 10:22:03.939497","Unnamed hardworking surveyor(s)","60",NA,"3.28",NA,NA,NA,NA,NA,NA,NA,NA,"2",NA,NA,NA,NA,NA,NA,NA,NA,NA,NA,NA,NA,NA,NA,NA,NA,NA,NA,NA,NA,NA,45.133005160998,-93.0484703463411,NA,NA,"2",NA,NA,NA,FALSE,FALSE
"Ramsey County Parks and Recreation","alexis.lipstein@co.ramsey.mn.us","61006400","2021-07-29","3","2025-02-10 10:22:03.939497","Unnamed hardworking surveyor(s)","61",NA,"2.95",NA,NA,NA,NA,NA,NA,NA,NA,"1",NA,NA,NA,NA,NA,NA,NA,NA,NA,NA,NA,NA,NA,NA,NA,NA,NA,NA,NA,NA,NA,45.1335421427539,-93.0553382343897,NA,NA,"3",NA,NA,NA,FALSE,FALSE
"Ramsey County Parks and Recreation","alexis.lipstein@co.ramsey.mn.us","61006400","2021-07-29","3","2025-02-10 10:22:03.939497","Unnamed hardworking surveyor(s)","62",NA,"18.7",NA,NA,NA,NA,NA,NA,NA,NA,NA,NA,NA,NA,NA,NA,NA,NA,NA,NA,NA,NA,NA,NA,NA,NA,NA,NA,NA,NA,NA,NA,45.1335428719997,-93.053812138812,NA,NA,NA,NA,NA,NA,FALSE,FALSE
"Ramsey County Parks and Recreation","alexis.lipstein@co.ramsey.mn.us","61006400","2021-07-29","3","2025-02-10 10:22:03.939497","Unnamed hardworking surveyor(s)","63",NA,"2.3",NA,NA,NA,NA,NA,NA,"3",NA,NA,NA,NA,NA,NA,NA,NA,NA,NA,NA,NA,NA,NA,NA,NA,NA,NA,NA,NA,NA,NA,NA,45.1335435808535,-93.0522860431769,NA,NA,NA,NA,NA,NA,FALSE,FALSE
"Ramsey County Parks and Recreation","alexis.lipstein@co.ramsey.mn.us","61006400","2021-07-29","3","2025-02-10 10:22:03.939497","Unnamed hardworking surveyor(s)","64",NA,"2.62",NA,NA,NA,NA,NA,NA,"3",NA,NA,NA,NA,NA,NA,NA,NA,NA,NA,NA,NA,NA,NA,NA,NA,NA,NA,NA,NA,NA,NA,NA,45.1335442693153,-93.050759947486,NA,NA,NA,NA,NA,NA,FALSE,FALSE
"Ramsey County Parks and Recreation","alexis.lipstein@co.ramsey.mn.us","61006400","2021-07-29","3","2025-02-10 10:22:03.939497","Unnamed hardworking surveyor(s)","65",NA,"2.95",NA,NA,NA,NA,NA,NA,"3",NA,NA,NA,NA,NA,NA,NA,NA,NA,NA,NA,NA,NA,NA,NA,NA,NA,NA,NA,NA,NA,NA,NA,45.1335449373851,-93.049233851741,NA,NA,NA,NA,NA,NA,FALSE,FALSE
"Ramsey County Parks and Recreation","alexis.lipstein@co.ramsey.mn.us","61006400","2021-07-29","3","2025-02-10 10:22:03.939497","Unnamed hardworking surveyor(s)","66",NA,"2.62",NA,NA,NA,NA,NA,NA,NA,NA,NA,NA,NA,NA,NA,NA,NA,NA,NA,NA,NA,NA,NA,NA,NA,NA,NA,NA,NA,NA,NA,NA,45.134082612598,-93.0545757017484,NA,NA,"3",NA,NA,NA,FALSE,FALSE
"Ramsey County Parks and Recreation","alexis.lipstein@co.ramsey.mn.us","61006400","2021-07-29","3","2025-02-10 10:22:03.939497","Unnamed hardworking surveyor(s)","67",NA,"2.3",NA,NA,NA,NA,NA,NA,"3",NA,"1",NA,NA,NA,NA,NA,NA,NA,NA,NA,NA,NA,NA,NA,NA,NA,NA,NA,NA,NA,NA,NA,45.1340833316613,-93.0530495917369,NA,NA,"1",NA,NA,NA,FALSE,FALSE
"Ramsey County Parks and Recreation","alexis.lipstein@co.ramsey.mn.us","61006400","2021-07-29","3","2025-02-10 10:22:03.939497","Unnamed hardworking surveyor(s)","68",NA,"2.95",NA,NA,NA,NA,NA,NA,"3",NA,NA,NA,NA,NA,NA,NA,NA,NA,NA,NA,NA,NA,NA,NA,NA,NA,NA,NA,NA,NA,NA,NA,45.1340840303321,-93.0515234816687,NA,NA,NA,NA,NA,NA,FALSE,FALSE
"Ramsey County Parks and Recreation","alexis.lipstein@co.ramsey.mn.us","61006400","2021-07-29","3","2025-02-10 10:22:03.939497","Unnamed hardworking surveyor(s)","69",NA,"2.95",NA,NA,NA,NA,NA,NA,"3",NA,"1",NA,NA,NA,NA,NA,NA,NA,NA,NA,NA,NA,NA,NA,NA,NA,NA,NA,NA,NA,NA,NA,45.1340847086106,-93.0499973715456,NA,NA,NA,NA,NA,NA,FALSE,FALSE
"Ramsey County Parks and Recreation","alexis.lipstein@co.ramsey.mn.us","61006400","2021-07-29","3","2025-02-10 10:22:03.939497","Unnamed hardworking surveyor(s)","70",NA,"2.62",NA,NA,NA,NA,NA,NA,NA,NA,NA,NA,NA,NA,NA,NA,NA,NA,NA,NA,NA,NA,NA,NA,NA,NA,NA,NA,NA,NA,NA,NA,45.1340853664967,-93.0484712613692,NA,NA,"3",NA,NA,NA,FALSE,FALSE
"Ramsey County Parks and Recreation","alexis.lipstein@co.ramsey.mn.us","61006400","2021-07-29","3","2025-02-10 10:22:03.939497","Unnamed hardworking surveyor(s)","71",NA,"1.64",NA,NA,NA,NA,NA,NA,NA,NA,"2",NA,NA,NA,NA,NA,NA,NA,NA,NA,NA,NA,NA,NA,NA,NA,NA,NA,NA,NA,NA,NA,45.1346223480332,-93.0553392790899,NA,NA,"1",NA,NA,NA,FALSE,FALSE
"Ramsey County Parks and Recreation","alexis.lipstein@co.ramsey.mn.us","61006400","2021-07-29","3","2025-02-10 10:22:03.939497","Unnamed hardworking surveyor(s)","72","2","0.66",NA,"2",NA,NA,NA,NA,NA,NA,"1",NA,NA,NA,NA,NA,NA,NA,NA,NA,NA,NA,NA,NA,NA,NA,NA,NA,NA,NA,NA,NA,45.1346230773063,-93.0538131547019,NA,NA,NA,NA,NA,NA,FALSE,FALSE
"Ramsey County Parks and Recreation","alexis.lipstein@co.ramsey.mn.us","61006400","2021-07-29","3","2025-02-10 10:22:03.939497","Unnamed hardworking surveyor(s)","73",NA,"2.3",NA,"1",NA,NA,NA,NA,NA,NA,"1",NA,NA,NA,NA,NA,NA,NA,NA,NA,NA,NA,NA,NA,NA,NA,NA,NA,NA,NA,NA,NA,45.1346237861867,-93.0522870302566,NA,NA,"3",NA,NA,NA,FALSE,FALSE
"Ramsey County Parks and Recreation","alexis.lipstein@co.ramsey.mn.us","61006400","2021-07-29","3","2025-02-10 10:22:03.939497","Unnamed hardworking surveyor(s)","74",NA,"2.95",NA,NA,NA,NA,NA,NA,"3",NA,NA,NA,NA,NA,NA,NA,NA,NA,NA,NA,NA,NA,NA,NA,NA,NA,NA,NA,NA,NA,NA,NA,45.1346244746742,-93.0507609057554,NA,NA,NA,NA,NA,NA,FALSE,FALSE
"Ramsey County Parks and Recreation","alexis.lipstein@co.ramsey.mn.us","61006400","2021-07-29","3","2025-02-10 10:22:03.939497","Unnamed hardworking surveyor(s)","75",NA,"2.62",NA,NA,NA,NA,NA,NA,"3",NA,NA,NA,NA,NA,NA,NA,NA,NA,NA,NA,NA,NA,NA,NA,NA,NA,NA,NA,NA,NA,NA,NA,45.134625142769,-93.0492347812,NA,NA,NA,NA,NA,NA,FALSE,FALSE
"Ramsey County Parks and Recreation","alexis.lipstein@co.ramsey.mn.us","61006400","2021-07-29","3","2025-02-10 10:22:03.939497","Unnamed hardworking surveyor(s)","76",NA,"2.62",NA,NA,NA,NA,NA,NA,NA,NA,"1",NA,NA,NA,NA,NA,NA,NA,NA,NA,NA,NA,NA,NA,NA,NA,NA,NA,NA,NA,NA,NA,45.1351628177884,-93.0545767320726,NA,NA,"3",NA,NA,NA,FALSE,FALSE
"Ramsey County Parks and Recreation","alexis.lipstein@co.ramsey.mn.us","61006400","2021-07-29","3","2025-02-10 10:22:03.939497","Unnamed hardworking surveyor(s)","77","3","0.98",NA,"1",NA,NA,NA,NA,NA,NA,"1",NA,NA,NA,NA,NA,NA,NA,NA,NA,NA,NA,NA,NA,NA,NA,NA,NA,NA,NA,NA,NA,45.1351635368786,-93.0530505932499,NA,NA,"2",NA,NA,NA,FALSE,FALSE
"Ramsey County Parks and Recreation","alexis.lipstein@co.ramsey.mn.us","61006400","2021-07-29","3","2025-02-10 10:22:03.939497","Unnamed hardworking surveyor(s)","78",NA,"2.3",NA,NA,NA,NA,NA,NA,NA,NA,"2",NA,NA,NA,NA,NA,NA,NA,NA,NA,NA,NA,NA,NA,NA,NA,NA,NA,NA,NA,NA,NA,45.1351642355757,-93.0515244543707,NA,NA,"2",NA,NA,NA,FALSE,FALSE
"Ramsey County Parks and Recreation","alexis.lipstein@co.ramsey.mn.us","61006400","2021-07-29","3","2025-02-10 10:22:03.939497","Unnamed hardworking surveyor(s)","79",NA,"2.3",NA,NA,NA,NA,NA,NA,"3",NA,NA,NA,NA,NA,NA,NA,NA,NA,NA,NA,NA,NA,NA,NA,NA,NA,NA,NA,NA,NA,NA,NA,45.1351649138795,-93.0499983154365,NA,NA,NA,NA,NA,NA,FALSE,FALSE
"Ramsey County Parks and Recreation","alexis.lipstein@co.ramsey.mn.us","61006400","2021-07-29","3","2025-02-10 10:22:03.939497","Unnamed hardworking surveyor(s)","80",NA,"2.95",NA,NA,NA,NA,NA,NA,NA,NA,"1",NA,NA,NA,NA,NA,NA,NA,NA,NA,NA,NA,NA,NA,NA,NA,NA,NA,NA,NA,NA,NA,45.1351655717903,-93.0484721764489,NA,NA,"3",NA,NA,NA,FALSE,FALSE
"Ramsey County Parks and Recreation","alexis.lipstein@co.ramsey.mn.us","61006400","2021-07-29","3","2025-02-10 10:22:03.939497","Unnamed hardworking surveyor(s)","81",NA,"1.64",NA,NA,NA,NA,NA,NA,"3",NA,"1",NA,NA,NA,NA,NA,NA,NA,NA,NA,NA,NA,NA,NA,NA,NA,NA,NA,NA,NA,NA,NA,45.1357032824077,-93.0538141706493,NA,NA,NA,NA,NA,NA,FALSE,FALSE
"Ramsey County Parks and Recreation","alexis.lipstein@co.ramsey.mn.us","61006400","2021-07-29","3","2025-02-10 10:22:03.939497","Unnamed hardworking surveyor(s)","82",NA,"1.97",NA,NA,NA,NA,NA,NA,"3",NA,"2",NA,NA,NA,NA,NA,NA,NA,NA,NA,NA,NA,NA,NA,NA,NA,NA,NA,NA,NA,NA,NA,45.1357039913146,-93.052288017392,NA,NA,NA,NA,NA,NA,FALSE,FALSE
"Ramsey County Parks and Recreation","alexis.lipstein@co.ramsey.mn.us","61006400","2021-07-29","3","2025-02-10 10:22:03.939497","Unnamed hardworking surveyor(s)","83",NA,"2.3",NA,NA,NA,NA,NA,NA,"3",NA,"1",NA,NA,NA,NA,NA,NA,NA,NA,NA,NA,NA,NA,NA,NA,NA,NA,NA,NA,NA,NA,NA,45.1357046798279,-93.0507618640789,NA,NA,NA,NA,NA,NA,FALSE,FALSE
"Ramsey County Parks and Recreation","alexis.lipstein@co.ramsey.mn.us","61006400","2021-07-29","3","2025-02-10 10:22:03.939497","Unnamed hardworking surveyor(s)","84",NA,"2.3",NA,NA,NA,NA,NA,NA,NA,NA,"1",NA,NA,NA,NA,NA,NA,NA,NA,NA,NA,NA,NA,NA,NA,NA,NA,NA,NA,NA,NA,NA,45.1357053479478,-93.0492357107116,NA,NA,"2",NA,NA,NA,FALSE,FALSE
"Ramsey County Parks and Recreation","alexis.lipstein@co.ramsey.mn.us","61006400","2021-07-29","3","2025-02-10 10:22:03.939497","Unnamed hardworking surveyor(s)","85",NA,"1.97",NA,"1",NA,NA,NA,NA,NA,NA,"1",NA,NA,NA,NA,NA,NA,NA,NA,NA,NA,NA,NA,NA,NA,NA,NA,NA,NA,NA,NA,NA,45.1362437418907,-93.0530515948196,NA,NA,"3",NA,NA,NA,FALSE,FALSE
"Ramsey County Parks and Recreation","alexis.lipstein@co.ramsey.mn.us","61006400","2021-07-29","3","2025-02-10 10:22:03.939497","Unnamed hardworking surveyor(s)","86",NA,"2.3",NA,NA,NA,NA,NA,NA,"2",NA,"2",NA,NA,NA,NA,NA,NA,NA,NA,NA,NA,NA,NA,NA,NA,NA,NA,NA,NA,NA,NA,NA,45.136244440614,-93.0515254271276,NA,NA,NA,NA,NA,NA,FALSE,FALSE
"Ramsey County Parks and Recreation","alexis.lipstein@co.ramsey.mn.us","61006400","2021-07-29","3","2025-02-10 10:22:03.939497","Unnamed hardworking surveyor(s)","87",NA,"1.64",NA,"1",NA,NA,NA,NA,NA,NA,NA,NA,NA,NA,NA,NA,NA,NA,NA,NA,NA,NA,NA,NA,NA,NA,NA,NA,NA,NA,NA,NA,45.1362451189433,-93.0499992593807,NA,NA,"3",NA,NA,NA,FALSE,FALSE
"Ramsey County Parks and Recreation","alexis.lipstein@co.ramsey.mn.us","61006400","2021-07-29","3","2025-02-10 10:22:03.939497","Unnamed hardworking surveyor(s)","88","3","1.31",NA,"2",NA,NA,NA,NA,NA,NA,"1",NA,NA,NA,NA,NA,NA,NA,NA,NA,NA,NA,NA,NA,NA,NA,NA,NA,NA,NA,NA,NA,45.1367841962373,-93.0522890045832,NA,NA,"2",NA,NA,NA,FALSE,FALSE
"Ramsey County Parks and Recreation","alexis.lipstein@co.ramsey.mn.us","61006400","2021-07-29","3","2025-02-10 10:22:03.939497","Unnamed hardworking surveyor(s)","89",NA,"1.64",NA,"1",NA,NA,NA,NA,"3",NA,"1",NA,NA,NA,NA,NA,NA,NA,NA,NA,NA,NA,NA,NA,NA,NA,NA,NA,NA,NA,NA,NA,45.1369929423616,-93.0515261012082,NA,NA,NA,NA,NA,NA,FALSE,FALSE
"Ramsey County Parks and Recreation","alexis.lipstein@co.ramsey.mn.us","61006400","2021-07-29","3","2025-02-10 10:22:03.939497","Unnamed hardworking surveyor(s)","90",NA,"1.64",NA,"2",NA,NA,NA,NA,NA,NA,NA,NA,NA,NA,NA,NA,NA,NA,NA,NA,NA,NA,NA,NA,NA,NA,NA,NA,NA,NA,NA,NA,45.1367848847764,-93.0507628224565,NA,NA,"2",NA,NA,NA,FALSE,FALSE
"Ramsey County Parks and Recreation","alexis.lipstein@co.ramsey.mn.us","62003800","2020-06-23","3","2025-02-10 10:44:55.849794","Unnamed hardworking surveyor(s)","1",NA,"4.27",NA,NA,NA,"1",NA,NA,NA,NA,NA,NA,"1",NA,NA,NA,"1",NA,NA,NA,"01",NA,NA,NA,NA,NA,NA,NA,NA,NA,NA,NA,45.0618302903069,-93.0967304774444,NA,NA,NA,NA,NA,NA,FALSE,FALSE
"Ramsey County Parks and Recreation","alexis.lipstein@co.ramsey.mn.us","62003800","2020-06-23","3","2025-02-10 10:44:55.849794","Unnamed hardworking surveyor(s)","2","1","1.97",NA,NA,NA,"1",NA,"1",NA,NA,"1",NA,NA,NA,NA,NA,"1","1",NA,"2","01",NA,NA,"1",NA,"3",NA,"1",NA,NA,NA,NA,45.0618319934775,-93.0946982305582,NA,NA,NA,NA,NA,NA,FALSE,FALSE
"Ramsey County Parks and Recreation","alexis.lipstein@co.ramsey.mn.us","62003800","2020-06-23","3","2025-02-10 10:44:55.849794","Unnamed hardworking surveyor(s)","3","3","1.64",NA,NA,NA,NA,NA,NA,NA,NA,"1",NA,NA,NA,NA,NA,"1",NA,NA,NA,"01",NA,NA,"1",NA,NA,NA,NA,NA,NA,NA,NA,45.0611092798257,-93.0977453737448,NA,NA,NA,NA,NA,NA,FALSE,FALSE
"Ramsey County Parks and Recreation","alexis.lipstein@co.ramsey.mn.us","62003800","2020-06-23","3","2025-02-10 10:44:55.849794","Unnamed hardworking surveyor(s)","4",NA,"10.5","1",NA,NA,NA,NA,NA,NA,NA,NA,NA,NA,NA,NA,NA,"1","1",NA,NA,"01",NA,NA,NA,NA,NA,NA,NA,NA,NA,NA,NA,45.0611110010346,-93.0957131524616,NA,NA,NA,NA,NA,NA,FALSE,FALSE
"Ramsey County Parks and Recreation","alexis.lipstein@co.ramsey.mn.us","62003800","2020-06-23","3","2025-02-10 10:44:55.849794","Unnamed hardworking surveyor(s)","5","2","3.28",NA,NA,NA,"1",NA,"1",NA,NA,"2",NA,NA,NA,NA,NA,"1",NA,NA,NA,"01",NA,NA,NA,NA,NA,NA,"2",NA,NA,NA,NA,45.061112686082,-93.0936809309974,NA,NA,NA,NA,NA,NA,FALSE,FALSE
"Ramsey County Parks and Recreation","alexis.lipstein@co.ramsey.mn.us","62003800","2020-06-23","3","2025-02-10 10:44:55.849794","Unnamed hardworking surveyor(s)","6",NA,"1.31",NA,NA,NA,"1","1","1",NA,NA,"1",NA,NA,NA,NA,NA,NA,NA,NA,NA,"01",NA,NA,NA,NA,"3",NA,NA,NA,NA,NA,NA,45.0603882602565,-93.0987602445337,NA,NA,NA,NA,NA,NA,FALSE,FALSE
"Ramsey County Parks and Recreation","alexis.lipstein@co.ramsey.mn.us","62003800","2020-06-23","3","2025-02-10 10:44:55.849794","Unnamed hardworking surveyor(s)","7",NA,"16.73",NA,NA,NA,"1",NA,NA,NA,NA,NA,NA,NA,NA,NA,NA,"1",NA,NA,NA,"01",NA,NA,"1",NA,NA,NA,NA,NA,NA,NA,NA,45.0603899995026,-93.0967280488534,NA,NA,NA,NA,NA,NA,FALSE,FALSE
"Ramsey County Parks and Recreation","alexis.lipstein@co.ramsey.mn.us","62003800","2020-06-23","3","2025-02-10 10:44:55.849794","Unnamed hardworking surveyor(s)","8",NA,"10.5","2",NA,NA,NA,NA,NA,NA,NA,NA,NA,NA,NA,NA,NA,NA,NA,NA,NA,"01",NA,NA,NA,NA,NA,NA,NA,NA,NA,NA,NA,45.0603917025881,-93.0946958529903,NA,NA,NA,NA,NA,NA,FALSE,FALSE
"Ramsey County Parks and Recreation","alexis.lipstein@co.ramsey.mn.us","62003800","2020-06-23","3","2025-02-10 10:44:55.849794","Unnamed hardworking surveyor(s)","9",NA,"2.3",NA,NA,NA,NA,NA,"1",NA,NA,"3",NA,NA,NA,NA,NA,NA,NA,NA,"1","01",NA,NA,NA,NA,"1",NA,NA,NA,NA,NA,NA,45.0603933695132,-93.0926636569481,NA,NA,NA,NA,NA,NA,FALSE,FALSE
"Ramsey County Parks and Recreation","alexis.lipstein@co.ramsey.mn.us","62003800","2020-06-23","3","2025-02-10 10:44:55.849794","Unnamed hardworking surveyor(s)","10",NA,"1.97","2",NA,NA,NA,NA,NA,NA,NA,"3",NA,NA,NA,NA,NA,"1",NA,NA,NA,"01",NA,NA,NA,NA,NA,NA,NA,NA,NA,NA,NA,45.0596689888822,-93.0977429197348,NA,NA,NA,NA,NA,NA,FALSE,FALSE
"Ramsey County Parks and Recreation","alexis.lipstein@co.ramsey.mn.us","62003800","2020-06-23","3","2025-02-10 10:44:55.849794","Unnamed hardworking surveyor(s)","11",NA,"27.23",NA,NA,NA,"1",NA,NA,NA,NA,NA,NA,NA,NA,NA,NA,"1",NA,NA,NA,"01",NA,NA,NA,NA,NA,NA,NA,NA,NA,NA,NA,45.0596707100051,-93.0957107494726,NA,NA,NA,NA,NA,NA,FALSE,FALSE
"Ramsey County Parks and Recreation","alexis.lipstein@co.ramsey.mn.us","62003800","2020-06-23","3","2025-02-10 10:44:55.849794","Unnamed hardworking surveyor(s)","12",NA,"22.31",NA,NA,NA,NA,NA,NA,NA,NA,NA,NA,NA,NA,NA,NA,"1",NA,NA,NA,"01",NA,NA,NA,NA,NA,NA,NA,NA,NA,NA,NA,45.0596723949683,-93.0936785790295,NA,NA,NA,NA,NA,NA,FALSE,FALSE
"Ramsey County Parks and Recreation","alexis.lipstein@co.ramsey.mn.us","62003800","2020-06-23","3","2025-02-10 10:44:55.849794","Unnamed hardworking surveyor(s)","13","1","1.64",NA,NA,NA,"1",NA,"1",NA,NA,"2",NA,NA,NA,NA,NA,"1","1",NA,NA,"01",NA,NA,"1",NA,"3",NA,"1",NA,NA,NA,NA,45.0596740437719,-93.0916464084094,NA,NA,NA,NA,NA,NA,FALSE,FALSE
"Ramsey County Parks and Recreation","alexis.lipstein@co.ramsey.mn.us","62003800","2020-06-23","3","2025-02-10 10:44:55.849794","Unnamed hardworking surveyor(s)","14",NA,"0.66",NA,NA,NA,"1",NA,NA,NA,NA,NA,NA,"1",NA,NA,NA,"1","1",NA,NA,"01",NA,NA,"1",NA,"3",NA,NA,NA,NA,NA,NA,45.0589479691741,-93.0987577651065,NA,NA,NA,NA,NA,NA,FALSE,FALSE
"Ramsey County Parks and Recreation","alexis.lipstein@co.ramsey.mn.us","62003800","2020-06-23","3","2025-02-10 10:44:55.849794","Unnamed hardworking surveyor(s)","15",NA,"28.22",NA,NA,NA,NA,NA,NA,NA,NA,NA,NA,NA,NA,NA,NA,"1",NA,NA,NA,"01",NA,NA,NA,NA,NA,NA,NA,NA,NA,NA,NA,45.0589497083334,-93.0967256204453,NA,NA,NA,NA,NA,NA,FALSE,FALSE
"Ramsey County Parks and Recreation","alexis.lipstein@co.ramsey.mn.us","62003800","2020-06-23","3","2025-02-10 10:44:55.849794","Unnamed hardworking surveyor(s)","16",NA,"30.84",NA,NA,NA,NA,NA,NA,NA,NA,NA,NA,NA,NA,NA,NA,NA,NA,NA,NA,"01",NA,NA,NA,NA,NA,NA,NA,NA,NA,NA,NA,45.0589514113339,-93.0946934756013,NA,NA,NA,NA,NA,NA,FALSE,FALSE
"Ramsey County Parks and Recreation","alexis.lipstein@co.ramsey.mn.us","62003800","2020-06-23","3","2025-02-10 10:44:55.849794","Unnamed hardworking surveyor(s)","17",NA,"19.69",NA,NA,NA,NA,NA,NA,NA,NA,NA,NA,NA,NA,NA,NA,NA,"1",NA,NA,"01",NA,NA,NA,NA,NA,NA,NA,NA,NA,NA,NA,45.0589530781757,-93.0926613305783,NA,NA,NA,NA,NA,NA,FALSE,FALSE
"Ramsey County Parks and Recreation","alexis.lipstein@co.ramsey.mn.us","62003800","2020-06-23","3","2025-02-10 10:44:55.849794","Unnamed hardworking surveyor(s)","18",NA,"15.42",NA,NA,NA,"1",NA,NA,NA,NA,NA,NA,NA,NA,NA,NA,"1",NA,NA,NA,"01",NA,NA,NA,NA,NA,NA,NA,NA,NA,NA,NA,45.0582286975737,-93.0977404659095,NA,NA,NA,NA,NA,NA,FALSE,FALSE
"Ramsey County Parks and Recreation","alexis.lipstein@co.ramsey.mn.us","62003800","2020-06-23","3","2025-02-10 10:44:55.849794","Unnamed hardworking surveyor(s)","19",NA,"37.4",NA,NA,NA,"1",NA,NA,NA,NA,NA,NA,NA,NA,NA,NA,"1",NA,NA,NA,"01",NA,NA,NA,NA,NA,NA,NA,NA,NA,NA,NA,45.0582304186107,-93.0957083466645,NA,NA,NA,NA,NA,NA,FALSE,FALSE
"Ramsey County Parks and Recreation","alexis.lipstein@co.ramsey.mn.us","62003800","2020-06-23","3","2025-02-10 10:44:55.849794","Unnamed hardworking surveyor(s)","20",NA,"31.82",NA,NA,NA,NA,NA,NA,NA,NA,NA,NA,NA,NA,NA,NA,"1",NA,NA,NA,"01",NA,NA,NA,NA,NA,NA,NA,NA,NA,NA,NA,45.0582321034898,-93.0936762272387,NA,NA,NA,NA,NA,NA,FALSE,FALSE
"Ramsey County Parks and Recreation","alexis.lipstein@co.ramsey.mn.us","62003800","2020-06-23","3","2025-02-10 10:44:55.849794","Unnamed hardworking surveyor(s)","21","2","2.95","1",NA,NA,"1",NA,"1",NA,NA,"3",NA,NA,NA,NA,NA,"1",NA,NA,NA,"01",NA,NA,NA,NA,NA,NA,NA,NA,NA,NA,NA,45.058233752211,-93.0916441076358,NA,NA,NA,NA,NA,NA,FALSE,FALSE
"Ramsey County Parks and Recreation","alexis.lipstein@co.ramsey.mn.us","62003800","2020-06-23","3","2025-02-10 10:44:55.849794","Unnamed hardworking surveyor(s)","22",NA,"1.97","1",NA,NA,NA,NA,"2",NA,NA,NA,NA,NA,NA,NA,NA,NA,NA,NA,"1","01",NA,NA,NA,NA,NA,NA,NA,NA,NA,NA,NA,45.0575076777269,-93.0987552858659,NA,NA,NA,NA,NA,NA,FALSE,FALSE
"Ramsey County Parks and Recreation","alexis.lipstein@co.ramsey.mn.us","62003800","2020-06-23","3","2025-02-10 10:44:55.849794","Unnamed hardworking surveyor(s)","23",NA,"41.34",NA,NA,NA,NA,NA,NA,NA,NA,NA,NA,NA,NA,NA,NA,"1",NA,NA,NA,"01",NA,NA,"1",NA,NA,NA,NA,NA,NA,NA,NA,45.0575094167993,-93.0967231922201,NA,NA,NA,NA,NA,NA,FALSE,FALSE
"Ramsey County Parks and Recreation","alexis.lipstein@co.ramsey.mn.us","62003800","2020-06-23","3","2025-02-10 10:44:55.849794","Unnamed hardworking surveyor(s)","24",NA,"41.01",NA,NA,NA,"1",NA,NA,NA,NA,NA,NA,NA,NA,NA,NA,"1",NA,NA,NA,"01",NA,NA,NA,NA,NA,NA,NA,NA,NA,NA,NA,45.0575111197148,-93.0946910983914,NA,NA,NA,NA,NA,NA,FALSE,FALSE
"Ramsey County Parks and Recreation","alexis.lipstein@co.ramsey.mn.us","62003800","2020-06-23","3","2025-02-10 10:44:55.849794","Unnamed hardworking surveyor(s)","25",NA,"30.18",NA,NA,NA,NA,NA,NA,NA,NA,NA,NA,NA,NA,NA,NA,"1",NA,NA,NA,"01",NA,NA,"1",NA,NA,NA,NA,NA,NA,NA,NA,45.0575127864733,-93.0926590043837,NA,NA,NA,NA,NA,NA,FALSE,FALSE
"Ramsey County Parks and Recreation","alexis.lipstein@co.ramsey.mn.us","62003800","2020-06-23","3","2025-02-10 10:44:55.849794","Unnamed hardworking surveyor(s)","26",NA,"29.53",NA,NA,NA,"1",NA,NA,NA,NA,NA,NA,NA,NA,NA,NA,"1",NA,NA,NA,"01",NA,NA,NA,NA,NA,NA,NA,NA,NA,NA,NA,45.0567884059004,-93.0977380122689,NA,NA,NA,NA,NA,NA,FALSE,FALSE
"Ramsey County Parks and Recreation","alexis.lipstein@co.ramsey.mn.us","62003800","2020-06-23","3","2025-02-10 10:44:55.849794","Unnamed hardworking surveyor(s)","27",NA,"43.96",NA,NA,NA,NA,NA,NA,NA,NA,NA,NA,NA,NA,NA,NA,"1",NA,NA,NA,"01",NA,NA,NA,NA,NA,NA,NA,NA,NA,NA,NA,45.0567901268514,-93.0957059440374,NA,NA,NA,NA,NA,NA,FALSE,FALSE
"Ramsey County Parks and Recreation","alexis.lipstein@co.ramsey.mn.us","62003800","2020-06-23","3","2025-02-10 10:44:55.849794","Unnamed hardworking surveyor(s)","28",NA,"39.7",NA,NA,NA,NA,NA,NA,NA,NA,NA,NA,NA,NA,NA,NA,"1",NA,NA,NA,"01",NA,NA,NA,NA,NA,NA,NA,NA,NA,NA,NA,45.0567918116463,-93.093673875625,NA,NA,NA,NA,NA,NA,FALSE,FALSE
"Ramsey County Parks and Recreation","alexis.lipstein@co.ramsey.mn.us","62003800","2020-06-23","3","2025-02-10 10:44:55.849794","Unnamed hardworking surveyor(s)","29",NA,"11.81","1",NA,NA,NA,NA,NA,NA,NA,NA,NA,NA,NA,NA,NA,"1",NA,NA,NA,"01",NA,NA,NA,NA,NA,NA,NA,NA,NA,NA,NA,45.0567934602853,-93.0916418070355,NA,NA,NA,NA,NA,NA,FALSE,FALSE
"Ramsey County Parks and Recreation","alexis.lipstein@co.ramsey.mn.us","62003800","2020-06-23","3","2025-02-10 10:44:55.849794","Unnamed hardworking surveyor(s)","30",NA,"2.3","1",NA,NA,"1",NA,NA,NA,NA,NA,NA,NA,NA,NA,NA,"1","1",NA,NA,"01",NA,NA,"1",NA,"3",NA,NA,NA,NA,NA,NA,45.0560673859147,-93.0987528068121,NA,NA,NA,NA,NA,NA,FALSE,FALSE
"Ramsey County Parks and Recreation","alexis.lipstein@co.ramsey.mn.us","62003800","2020-06-23","3","2025-02-10 10:44:55.849794","Unnamed hardworking surveyor(s)","31",NA,"40.03",NA,NA,NA,NA,NA,NA,NA,NA,NA,NA,NA,NA,NA,NA,"1",NA,NA,NA,"01",NA,NA,NA,NA,NA,NA,NA,NA,NA,NA,NA,45.0560691249003,-93.0967207641777,NA,NA,NA,NA,NA,NA,FALSE,FALSE
"Ramsey County Parks and Recreation","alexis.lipstein@co.ramsey.mn.us","62003800","2020-06-23","3","2025-02-10 10:44:55.849794","Unnamed hardworking surveyor(s)","32",NA,"45.6",NA,NA,NA,NA,NA,NA,NA,NA,NA,NA,NA,NA,NA,NA,"1",NA,NA,NA,"01",NA,NA,NA,NA,NA,NA,NA,NA,NA,NA,NA,45.0560708277307,-93.0946887213605,NA,NA,NA,NA,NA,NA,FALSE,FALSE
"Ramsey County Parks and Recreation","alexis.lipstein@co.ramsey.mn.us","62003800","2020-06-23","3","2025-02-10 10:44:55.849794","Unnamed hardworking surveyor(s)","33",NA,"37.07",NA,NA,NA,NA,NA,NA,NA,NA,NA,NA,NA,NA,NA,NA,NA,NA,NA,NA,"01",NA,NA,NA,NA,NA,NA,NA,NA,NA,NA,NA,45.0560724944061,-93.0926566783642,NA,NA,NA,NA,NA,NA,FALSE,FALSE
"Ramsey County Parks and Recreation","alexis.lipstein@co.ramsey.mn.us","62003800","2020-06-23","3","2025-02-10 10:44:55.849794","Unnamed hardworking surveyor(s)","34","1","2.62",NA,NA,NA,NA,NA,"1",NA,NA,"2",NA,"2",NA,NA,NA,"1",NA,NA,NA,"01",NA,NA,NA,NA,NA,NA,NA,NA,NA,NA,NA,45.0560741249263,-93.0906246351929,NA,NA,NA,NA,NA,NA,FALSE,FALSE
"Ramsey County Parks and Recreation","alexis.lipstein@co.ramsey.mn.us","62003800","2020-06-23","3","2025-02-10 10:44:55.849794","Unnamed hardworking surveyor(s)","35",NA,"21",NA,NA,NA,NA,NA,NA,NA,NA,NA,NA,NA,NA,NA,NA,NA,NA,NA,NA,"01",NA,NA,NA,NA,NA,NA,NA,NA,NA,NA,NA,45.0553481138622,-93.0977355588132,NA,NA,NA,NA,NA,NA,FALSE,FALSE
"Ramsey County Parks and Recreation","alexis.lipstein@co.ramsey.mn.us","62003800","2020-06-23","3","2025-02-10 10:44:55.849794","Unnamed hardworking surveyor(s)","36",NA,"43.64",NA,NA,NA,NA,NA,NA,NA,NA,NA,NA,NA,NA,NA,NA,NA,NA,NA,NA,"01",NA,NA,NA,NA,NA,NA,NA,NA,NA,NA,NA,45.0553498347272,-93.0957035415912,NA,NA,NA,NA,NA,NA,FALSE,FALSE
"Ramsey County Parks and Recreation","alexis.lipstein@co.ramsey.mn.us","62003800","2020-06-23","3","2025-02-10 10:44:55.849794","Unnamed hardworking surveyor(s)","37",NA,"48.23",NA,NA,NA,NA,NA,NA,NA,NA,NA,NA,NA,NA,NA,NA,NA,NA,NA,NA,"01",NA,NA,NA,NA,NA,NA,NA,NA,NA,NA,NA,45.055351519438,-93.0936715241883,NA,NA,NA,NA,NA,NA,FALSE,FALSE
"Ramsey County Parks and Recreation","alexis.lipstein@co.ramsey.mn.us","62003800","2020-06-23","3","2025-02-10 10:44:55.849794","Unnamed hardworking surveyor(s)","38",NA,"25.59",NA,NA,NA,NA,NA,NA,NA,NA,NA,NA,NA,NA,NA,NA,NA,NA,NA,NA,"01",NA,NA,NA,NA,NA,NA,NA,NA,NA,NA,NA,45.0553531679946,-93.0916395066083,NA,NA,NA,NA,NA,NA,FALSE,FALSE
"Ramsey County Parks and Recreation","alexis.lipstein@co.ramsey.mn.us","62003800","2020-06-23","3","2025-02-10 10:44:55.849794","Unnamed hardworking surveyor(s)","39",NA,"31.5",NA,NA,NA,NA,NA,NA,NA,NA,NA,NA,NA,NA,NA,NA,NA,NA,NA,NA,"01",NA,NA,NA,NA,NA,NA,NA,NA,NA,NA,NA,45.0546288326364,-93.0967183363181,NA,NA,NA,NA,NA,NA,FALSE,FALSE
"Ramsey County Parks and Recreation","alexis.lipstein@co.ramsey.mn.us","62003800","2020-06-23","3","2025-02-10 10:44:55.849794","Unnamed hardworking surveyor(s)","40",NA,"46.26",NA,NA,NA,NA,NA,NA,NA,NA,NA,NA,NA,NA,NA,NA,NA,NA,NA,NA,"01",NA,NA,NA,NA,NA,NA,NA,NA,NA,NA,NA,45.0546305353818,-93.0946863445085,NA,NA,NA,NA,NA,NA,FALSE,FALSE
"Ramsey County Parks and Recreation","alexis.lipstein@co.ramsey.mn.us","62003800","2020-06-23","3","2025-02-10 10:44:55.849794","Unnamed hardworking surveyor(s)","41",NA,"44.95",NA,NA,NA,NA,NA,NA,NA,NA,NA,NA,NA,NA,NA,NA,NA,NA,NA,NA,"01",NA,NA,NA,NA,NA,NA,NA,NA,NA,NA,NA,45.0546322019739,-93.0926543525199,NA,NA,NA,NA,NA,NA,FALSE,FALSE
"Ramsey County Parks and Recreation","alexis.lipstein@co.ramsey.mn.us","62003800","2020-06-23","3","2025-02-10 10:44:55.849794","Unnamed hardworking surveyor(s)","42","1","1.64","1",NA,NA,"1",NA,NA,NA,NA,"3",NA,NA,NA,NA,NA,NA,NA,NA,NA,"01",NA,NA,NA,NA,"1",NA,NA,NA,NA,NA,NA,45.053907821459,-93.0977331055421,NA,NA,NA,NA,NA,NA,FALSE,FALSE
"Ramsey County Parks and Recreation","alexis.lipstein@co.ramsey.mn.us","62003800","2020-06-23","3","2025-02-10 10:44:55.849794","Unnamed hardworking surveyor(s)","43",NA,"34.78",NA,NA,NA,NA,NA,NA,NA,NA,NA,NA,NA,NA,NA,NA,NA,NA,NA,NA,"01",NA,NA,NA,NA,NA,NA,NA,NA,NA,NA,NA,45.0539095422382,-93.0957011393258,NA,NA,NA,NA,NA,NA,FALSE,FALSE
"Ramsey County Parks and Recreation","alexis.lipstein@co.ramsey.mn.us","62003800","2020-06-23","3","2025-02-10 10:44:55.849794","Unnamed hardworking surveyor(s)","44",NA,"49.21",NA,NA,NA,NA,NA,NA,NA,NA,NA,NA,NA,NA,NA,NA,NA,NA,NA,NA,"01",NA,NA,NA,NA,NA,NA,NA,NA,NA,NA,NA,45.0539112268649,-93.0936691729286,NA,NA,NA,NA,NA,NA,FALSE,FALSE
"Ramsey County Parks and Recreation","alexis.lipstein@co.ramsey.mn.us","62003800","2020-06-23","3","2025-02-10 10:44:55.849794","Unnamed hardworking surveyor(s)","45",NA,"23.29",NA,NA,NA,NA,NA,NA,NA,NA,NA,NA,NA,NA,NA,NA,NA,NA,NA,NA,"01",NA,NA,NA,NA,NA,NA,NA,NA,NA,NA,NA,45.0539128753391,-93.0916372063544,NA,NA,NA,NA,NA,NA,FALSE,FALSE
"Ramsey County Parks and Recreation","alexis.lipstein@co.ramsey.mn.us","62003800","2020-06-23","3","2025-02-10 10:44:55.849794","Unnamed hardworking surveyor(s)","46","3","6.89",NA,NA,NA,NA,NA,"1",NA,NA,NA,NA,NA,NA,NA,NA,NA,NA,NA,NA,"01",NA,NA,NA,NA,NA,NA,NA,NA,NA,NA,NA,45.0531885400077,-93.0967159086413,NA,NA,NA,NA,NA,NA,FALSE,FALSE
"Ramsey County Parks and Recreation","alexis.lipstein@co.ramsey.mn.us","62003800","2020-06-23","3","2025-02-10 10:44:55.849794","Unnamed hardworking surveyor(s)","47",NA,"41.67",NA,NA,NA,NA,NA,NA,NA,NA,NA,NA,NA,NA,NA,NA,NA,NA,NA,NA,"01",NA,NA,NA,NA,NA,NA,NA,NA,NA,NA,NA,45.0531902426681,-93.0946839678354,NA,NA,NA,NA,NA,NA,FALSE,FALSE
"Ramsey County Parks and Recreation","alexis.lipstein@co.ramsey.mn.us","62003800","2020-06-23","3","2025-02-10 10:44:55.849794","Unnamed hardworking surveyor(s)","48",NA,"46.59",NA,NA,NA,NA,NA,NA,NA,NA,NA,NA,NA,NA,NA,NA,NA,NA,NA,NA,"01",NA,NA,NA,NA,NA,NA,NA,NA,NA,NA,NA,45.0531919091769,-93.0926520268507,NA,NA,NA,NA,NA,NA,FALSE,FALSE
"Ramsey County Parks and Recreation","alexis.lipstein@co.ramsey.mn.us","62003800","2020-06-23","3","2025-02-10 10:44:55.849794","Unnamed hardworking surveyor(s)","49",NA,"19.69",NA,NA,NA,NA,NA,NA,NA,NA,NA,NA,NA,NA,NA,NA,NA,NA,NA,NA,"01",NA,NA,NA,NA,NA,NA,NA,NA,NA,NA,NA,45.0531935395343,-93.0906200856908,NA,NA,NA,NA,NA,NA,FALSE,FALSE
"Ramsey County Parks and Recreation","alexis.lipstein@co.ramsey.mn.us","62003800","2020-06-23","3","2025-02-10 10:44:55.849794","Unnamed hardworking surveyor(s)","50","3","4.59","2",NA,NA,NA,NA,NA,NA,NA,"1",NA,NA,NA,NA,NA,"1",NA,NA,NA,"01",NA,NA,NA,NA,NA,NA,NA,NA,NA,NA,NA,45.0524692493842,-93.0956987372413,NA,NA,NA,NA,NA,NA,FALSE,FALSE
"Ramsey County Parks and Recreation","alexis.lipstein@co.ramsey.mn.us","62003800","2020-06-23","3","2025-02-10 10:44:55.849794","Unnamed hardworking surveyor(s)","51",NA,"38.71",NA,NA,NA,NA,NA,NA,NA,NA,NA,NA,NA,NA,NA,NA,NA,NA,NA,NA,"01",NA,NA,NA,NA,NA,NA,NA,NA,NA,NA,NA,45.0524709339268,-93.093666821846,NA,NA,NA,NA,NA,NA,FALSE,FALSE
"Ramsey County Parks and Recreation","alexis.lipstein@co.ramsey.mn.us","62003800","2020-06-23","3","2025-02-10 10:44:55.849794","Unnamed hardworking surveyor(s)","52",NA,"42.65",NA,NA,NA,NA,NA,NA,NA,NA,NA,NA,NA,NA,NA,NA,NA,NA,NA,NA,"01",NA,NA,NA,NA,NA,NA,NA,NA,NA,NA,NA,45.0524725823187,-93.0916349062737,NA,NA,NA,NA,NA,NA,FALSE,FALSE
"Ramsey County Parks and Recreation","alexis.lipstein@co.ramsey.mn.us","62003800","2020-06-23","3","2025-02-10 10:44:55.849794","Unnamed hardworking surveyor(s)","53","3","3.61","1",NA,NA,NA,NA,NA,NA,NA,"1",NA,NA,NA,NA,NA,"1",NA,NA,"1","01",NA,NA,NA,NA,NA,NA,"1",NA,NA,NA,NA,45.0524741945601,-93.0896029905282,NA,NA,NA,NA,NA,NA,FALSE,FALSE
"Ramsey County Parks and Recreation","alexis.lipstein@co.ramsey.mn.us","62003800","2020-06-23","3","2025-02-10 10:44:55.849794","Unnamed hardworking surveyor(s)","54",NA,"2.62",NA,NA,NA,NA,NA,NA,NA,NA,NA,NA,NA,NA,NA,NA,"1",NA,NA,NA,"01",NA,NA,NA,NA,"3",NA,NA,NA,NA,NA,NA,45.0517499495894,-93.0946815913413,NA,NA,NA,NA,NA,NA,FALSE,FALSE
"Ramsey County Parks and Recreation","alexis.lipstein@co.ramsey.mn.us","62003800","2020-06-23","3","2025-02-10 10:44:55.849794","Unnamed hardworking surveyor(s)","55",NA,"43.31",NA,NA,NA,NA,NA,NA,NA,NA,NA,NA,NA,NA,NA,NA,NA,NA,NA,NA,"01",NA,NA,NA,NA,NA,NA,NA,NA,NA,NA,NA,45.051751616015,-93.0926497013565,NA,NA,NA,NA,NA,NA,FALSE,FALSE
"Ramsey County Parks and Recreation","alexis.lipstein@co.ramsey.mn.us","62003800","2020-06-23","3","2025-02-10 10:44:55.849794","Unnamed hardworking surveyor(s)","56","3","12.14",NA,NA,NA,NA,NA,NA,NA,NA,NA,NA,NA,NA,NA,NA,NA,NA,NA,NA,"01",NA,NA,NA,NA,NA,NA,NA,NA,NA,NA,NA,45.051753246291,-93.0906178111967,NA,NA,NA,NA,NA,NA,FALSE,FALSE
"Ramsey County Parks and Recreation","alexis.lipstein@co.ramsey.mn.us","62003800","2020-06-23","3","2025-02-10 10:44:55.849794","Unnamed hardworking surveyor(s)","57","2","2.3",NA,NA,NA,NA,"1",NA,NA,NA,"2",NA,"1",NA,NA,NA,"1",NA,NA,NA,"01",NA,NA,NA,NA,"3",NA,"1",NA,NA,NA,NA,45.0517548404172,-93.0885859208656,NA,NA,NA,NA,NA,NA,FALSE,FALSE
"Ramsey County Parks and Recreation","alexis.lipstein@co.ramsey.mn.us","62003800","2020-06-23","3","2025-02-10 10:44:55.849794","Unnamed hardworking surveyor(s)","58",NA,"29.86",NA,NA,NA,NA,NA,NA,NA,NA,NA,NA,NA,NA,NA,NA,"1",NA,NA,NA,"01",NA,NA,NA,NA,NA,NA,NA,NA,NA,NA,NA,45.0510306406238,-93.0936644709404,NA,NA,NA,NA,NA,NA,FALSE,FALSE
"Ramsey County Parks and Recreation","alexis.lipstein@co.ramsey.mn.us","62003800","2020-06-23","3","2025-02-10 10:44:55.849794","Unnamed hardworking surveyor(s)","59",NA,"39.7",NA,NA,NA,NA,NA,NA,NA,NA,NA,NA,NA,NA,NA,NA,"1",NA,NA,NA,"01",NA,NA,NA,NA,NA,NA,NA,NA,NA,NA,NA,45.0510322889335,-93.0916326063661,NA,NA,NA,NA,NA,NA,FALSE,FALSE
"Ramsey County Parks and Recreation","alexis.lipstein@co.ramsey.mn.us","62003800","2020-06-23","3","2025-02-10 10:44:55.849794","Unnamed hardworking surveyor(s)","60","2","2.62","2",NA,NA,"1",NA,"1",NA,NA,"2",NA,"1",NA,NA,NA,NA,NA,NA,NA,"01",NA,NA,NA,NA,"3",NA,"1",NA,NA,NA,NA,45.0510339010943,-93.0896007416187,NA,NA,NA,"1",NA,NA,FALSE,FALSE
"Ramsey County Parks and Recreation","alexis.lipstein@co.ramsey.mn.us","62003800","2020-06-23","3","2025-02-10 10:44:55.849794","Unnamed hardworking surveyor(s)","61",NA,"9.19",NA,NA,NA,NA,NA,NA,NA,NA,NA,NA,NA,NA,NA,NA,NA,NA,NA,NA,"01",NA,NA,NA,NA,NA,NA,NA,NA,NA,NA,NA,45.0503096561458,-93.0946792150262,NA,NA,NA,NA,NA,NA,FALSE,FALSE
"Ramsey County Parks and Recreation","alexis.lipstein@co.ramsey.mn.us","62003800","2020-06-23","3","2025-02-10 10:44:55.849794","Unnamed hardworking surveyor(s)","62",NA,"42.98",NA,NA,NA,NA,NA,NA,NA,NA,NA,NA,NA,NA,NA,NA,NA,NA,NA,NA,"01",NA,NA,NA,NA,NA,NA,NA,NA,NA,NA,NA,45.0503113224883,-93.0926473760375,NA,NA,NA,NA,NA,NA,FALSE,FALSE
"Ramsey County Parks and Recreation","alexis.lipstein@co.ramsey.mn.us","62003800","2020-06-23","3","2025-02-10 10:44:55.849794","Unnamed hardworking surveyor(s)","63","2","10.5","1",NA,NA,NA,NA,NA,NA,NA,NA,NA,NA,NA,NA,NA,"1",NA,NA,NA,"01",NA,NA,NA,NA,NA,NA,NA,NA,NA,NA,NA,45.0503129526828,-93.0906155368738,NA,NA,NA,NA,NA,NA,FALSE,FALSE
"Ramsey County Parks and Recreation","alexis.lipstein@co.ramsey.mn.us","62003800","2020-06-23","3","2025-02-10 10:44:55.849794","Unnamed hardworking surveyor(s)","64",NA,"35.1",NA,NA,NA,NA,NA,NA,NA,NA,NA,NA,NA,NA,NA,NA,NA,NA,NA,NA,"01",NA,NA,NA,NA,NA,NA,NA,NA,NA,NA,NA,45.049590346956,-93.0936621202118,NA,NA,NA,NA,NA,NA,FALSE,FALSE
"Ramsey County Parks and Recreation","alexis.lipstein@co.ramsey.mn.us","62003800","2020-06-23","3","2025-02-10 10:44:55.849794","Unnamed hardworking surveyor(s)","65",NA,"42.32",NA,NA,NA,NA,NA,NA,NA,NA,NA,NA,NA,NA,NA,NA,NA,NA,NA,NA,"01",NA,NA,NA,NA,NA,NA,NA,NA,NA,NA,NA,45.0495919951833,-93.0916303066317,NA,NA,NA,NA,NA,NA,FALSE,FALSE
"Ramsey County Parks and Recreation","alexis.lipstein@co.ramsey.mn.us","62003800","2020-06-23","3","2025-02-10 10:44:55.849794","Unnamed hardworking surveyor(s)","66","2","4.27","1",NA,NA,NA,NA,"1",NA,NA,"2",NA,"2",NA,NA,NA,NA,NA,NA,"1","01",NA,NA,NA,NA,NA,NA,"1",NA,NA,NA,NA,45.0495936072637,-93.0895984928785,NA,NA,NA,NA,NA,NA,FALSE,FALSE
"Ramsey County Parks and Recreation","alexis.lipstein@co.ramsey.mn.us","62003800","2020-06-23","3","2025-02-10 10:44:55.849794","Unnamed hardworking surveyor(s)","67",NA,"8.2","1",NA,NA,NA,NA,NA,NA,NA,"1",NA,NA,NA,NA,NA,NA,NA,NA,"1","01",NA,NA,NA,NA,NA,NA,NA,NA,NA,NA,NA,45.049595183197,-93.087566678956,NA,NA,NA,NA,NA,NA,FALSE,FALSE
"Ramsey County Parks and Recreation","alexis.lipstein@co.ramsey.mn.us","62003800","2020-06-23","3","2025-02-10 10:44:55.849794","Unnamed hardworking surveyor(s)","68","3","7.22","2",NA,NA,NA,NA,"2",NA,NA,NA,"1",NA,NA,NA,NA,NA,NA,NA,NA,"01",NA,NA,NA,NA,NA,NA,"1",NA,NA,NA,NA,45.0488693623374,-93.0946768388899,NA,NA,NA,"1",NA,NA,FALSE,FALSE
"Ramsey County Parks and Recreation","alexis.lipstein@co.ramsey.mn.us","62003800","2020-06-23","3","2025-02-10 10:44:55.849794","Unnamed hardworking surveyor(s)","69",NA,"40.35",NA,NA,NA,NA,NA,NA,NA,NA,NA,NA,NA,NA,NA,NA,NA,NA,NA,NA,"01",NA,NA,NA,NA,NA,NA,NA,NA,NA,NA,NA,45.0488710285966,-93.0926450508935,NA,NA,NA,NA,NA,NA,FALSE,FALSE
"Ramsey County Parks and Recreation","alexis.lipstein@co.ramsey.mn.us","62003800","2020-06-23","3","2025-02-10 10:44:55.849794","Unnamed hardworking surveyor(s)","70",NA,"41.99",NA,NA,NA,NA,NA,NA,NA,NA,NA,NA,NA,NA,NA,NA,NA,NA,NA,NA,"01",NA,NA,NA,NA,NA,NA,NA,NA,NA,NA,NA,45.0488726587097,-93.0906132627221,NA,NA,NA,NA,NA,NA,FALSE,FALSE
"Ramsey County Parks and Recreation","alexis.lipstein@co.ramsey.mn.us","62003800","2020-06-23","3","2025-02-10 10:44:55.849794","Unnamed hardworking surveyor(s)","71",NA,"42.98",NA,NA,NA,NA,NA,NA,NA,NA,NA,NA,NA,NA,NA,NA,NA,NA,NA,NA,"01",NA,NA,NA,NA,NA,NA,NA,NA,NA,NA,NA,45.0488742526767,-93.0885814743794,NA,NA,NA,NA,NA,NA,FALSE,FALSE
"Ramsey County Parks and Recreation","alexis.lipstein@co.ramsey.mn.us","62003800","2020-06-23","3","2025-02-10 10:44:55.849794","Unnamed hardworking surveyor(s)","72",NA,"22.97",NA,NA,NA,NA,NA,NA,NA,NA,NA,NA,NA,NA,NA,NA,NA,NA,NA,NA,"01",NA,NA,NA,NA,NA,NA,NA,NA,NA,NA,NA,45.0488758104976,-93.0865496858694,NA,NA,NA,NA,NA,NA,FALSE,FALSE
"Ramsey County Parks and Recreation","alexis.lipstein@co.ramsey.mn.us","62003800","2020-06-23","3","2025-02-10 10:44:55.849794","Unnamed hardworking surveyor(s)","73","3","7.87","1",NA,NA,NA,NA,NA,NA,NA,NA,NA,"2",NA,NA,NA,NA,NA,NA,NA,"01",NA,NA,NA,NA,NA,NA,NA,NA,NA,NA,NA,45.0481500529233,-93.0936597696601,NA,NA,NA,NA,NA,NA,FALSE,FALSE
"Ramsey County Parks and Recreation","alexis.lipstein@co.ramsey.mn.us","62003800","2020-06-23","3","2025-02-10 10:44:55.849794","Unnamed hardworking surveyor(s)","74",NA,"39.7",NA,NA,NA,NA,NA,NA,NA,NA,NA,NA,NA,NA,NA,NA,NA,NA,NA,NA,"01",NA,NA,NA,NA,NA,NA,NA,NA,NA,NA,NA,45.0481517010683,-93.0916280070704,NA,NA,NA,NA,NA,NA,FALSE,FALSE
"Ramsey County Parks and Recreation","alexis.lipstein@co.ramsey.mn.us","62003800","2020-06-23","3","2025-02-10 10:44:55.849794","Unnamed hardworking surveyor(s)","75",NA,"43.31",NA,NA,NA,NA,NA,NA,NA,NA,NA,NA,NA,NA,NA,NA,NA,NA,NA,NA,"01",NA,NA,NA,NA,NA,NA,NA,NA,NA,NA,NA,45.0481533130681,-93.0895962443076,NA,NA,NA,NA,NA,NA,FALSE,FALSE
"Ramsey County Parks and Recreation","alexis.lipstein@co.ramsey.mn.us","62003800","2020-06-23","3","2025-02-10 10:44:55.849794","Unnamed hardworking surveyor(s)","76",NA,"53.81",NA,NA,NA,NA,NA,NA,NA,NA,NA,NA,NA,NA,NA,NA,NA,NA,NA,NA,"01",NA,NA,NA,NA,NA,NA,NA,NA,NA,NA,NA,45.0481548889227,-93.0875644813756,NA,NA,NA,NA,NA,NA,FALSE,FALSE
"Ramsey County Parks and Recreation","alexis.lipstein@co.ramsey.mn.us","62003800","2020-06-23","3","2025-02-10 10:44:55.849794","Unnamed hardworking surveyor(s)","77","3","8.53","2",NA,NA,NA,NA,"1",NA,NA,"1",NA,NA,NA,NA,NA,NA,NA,NA,"2","01",NA,NA,NA,NA,NA,NA,"1",NA,NA,NA,NA,45.0481564286321,-93.085532718278,NA,NA,NA,NA,NA,NA,FALSE,FALSE
"Ramsey County Parks and Recreation","alexis.lipstein@co.ramsey.mn.us","62003800","2020-06-23","3","2025-02-10 10:44:55.849794","Unnamed hardworking surveyor(s)","78",NA,"37.07",NA,NA,NA,NA,NA,NA,NA,NA,NA,NA,NA,NA,NA,NA,NA,NA,NA,NA,"01",NA,NA,NA,NA,NA,NA,NA,NA,NA,NA,NA,45.0474307343401,-93.0926427259246,NA,NA,NA,NA,NA,NA,FALSE,FALSE
"Ramsey County Parks and Recreation","alexis.lipstein@co.ramsey.mn.us","62003800","2020-06-23","3","2025-02-10 10:44:55.849794","Unnamed hardworking surveyor(s)","79",NA,"39.37",NA,NA,NA,NA,NA,NA,NA,NA,NA,NA,NA,NA,NA,NA,NA,NA,NA,NA,"01",NA,NA,NA,NA,NA,NA,NA,NA,NA,NA,NA,45.0474323643718,-93.0906109887416,NA,NA,NA,NA,NA,NA,FALSE,FALSE
"Ramsey County Parks and Recreation","alexis.lipstein@co.ramsey.mn.us","62003800","2020-06-23","3","2025-02-10 10:44:55.849794","Unnamed hardworking surveyor(s)","80",NA,"44.62",NA,NA,NA,NA,NA,NA,NA,NA,NA,NA,NA,NA,NA,NA,NA,NA,NA,NA,"01",NA,NA,NA,NA,NA,NA,NA,NA,NA,NA,NA,45.0474339582592,-93.0885792513874,NA,NA,NA,NA,NA,NA,FALSE,FALSE
"Ramsey County Parks and Recreation","alexis.lipstein@co.ramsey.mn.us","62003800","2020-06-23","3","2025-02-10 10:44:55.849794","Unnamed hardworking surveyor(s)","81",NA,"40.68",NA,NA,NA,NA,NA,NA,NA,NA,NA,NA,NA,NA,NA,NA,NA,NA,NA,NA,"01",NA,NA,NA,NA,NA,NA,NA,NA,NA,NA,NA,45.0474355160023,-93.0865475138659,NA,NA,NA,NA,NA,NA,FALSE,FALSE
"Ramsey County Parks and Recreation","alexis.lipstein@co.ramsey.mn.us","62003800","2020-06-23","3","2025-02-10 10:44:55.849794","Unnamed hardworking surveyor(s)","82","2","7.22","2",NA,NA,NA,NA,NA,NA,NA,NA,NA,NA,NA,NA,NA,NA,NA,NA,"1","01",NA,NA,NA,NA,NA,NA,NA,NA,NA,NA,NA,45.0474370376011,-93.0845157761809,NA,NA,NA,NA,NA,NA,FALSE,FALSE
"Ramsey County Parks and Recreation","alexis.lipstein@co.ramsey.mn.us","62003800","2020-06-23","3","2025-02-10 10:44:55.849794","Unnamed hardworking surveyor(s)","83",NA,"10.17","1",NA,NA,NA,NA,NA,NA,NA,NA,"1",NA,NA,NA,NA,NA,NA,NA,NA,"01",NA,NA,NA,NA,NA,NA,NA,NA,NA,NA,NA,45.0467097585257,-93.0936574192854,NA,NA,NA,NA,NA,NA,FALSE,FALSE
"Ramsey County Parks and Recreation","alexis.lipstein@co.ramsey.mn.us","62003800","2020-06-23","3","2025-02-10 10:44:55.849794","Unnamed hardworking surveyor(s)","84",NA,"41.99",NA,NA,NA,NA,NA,NA,NA,NA,NA,NA,NA,NA,NA,NA,NA,NA,NA,NA,"01",NA,NA,NA,NA,NA,NA,NA,NA,NA,NA,NA,45.0467114065884,-93.0916257076823,NA,NA,NA,NA,NA,NA,FALSE,FALSE
"Ramsey County Parks and Recreation","alexis.lipstein@co.ramsey.mn.us","62003800","2020-06-23","3","2025-02-10 10:44:55.849794","Unnamed hardworking surveyor(s)","85",NA,"39.04",NA,NA,NA,NA,NA,NA,NA,NA,NA,NA,NA,NA,NA,NA,NA,NA,NA,NA,"01",NA,NA,NA,NA,NA,NA,NA,NA,NA,NA,NA,45.0467130185077,-93.089593995906,NA,NA,NA,NA,NA,NA,FALSE,FALSE
"Ramsey County Parks and Recreation","alexis.lipstein@co.ramsey.mn.us","62003800","2020-06-23","3","2025-02-10 10:44:55.849794","Unnamed hardworking surveyor(s)","86",NA,"39.37",NA,NA,NA,NA,NA,NA,NA,NA,NA,NA,NA,NA,NA,NA,NA,NA,NA,NA,"01",NA,NA,NA,NA,NA,NA,NA,NA,NA,NA,NA,45.0467145942836,-93.0875622839605,NA,NA,NA,NA,NA,NA,FALSE,FALSE
"Ramsey County Parks and Recreation","alexis.lipstein@co.ramsey.mn.us","62003800","2020-06-23","3","2025-02-10 10:44:55.849794","Unnamed hardworking surveyor(s)","87",NA,"34.45",NA,NA,NA,NA,NA,NA,NA,NA,NA,NA,NA,NA,NA,NA,NA,NA,NA,NA,"01",NA,NA,NA,NA,NA,NA,NA,NA,NA,NA,NA,45.0467161339161,-93.0855305718496,NA,NA,NA,NA,NA,NA,FALSE,FALSE
"Ramsey County Parks and Recreation","alexis.lipstein@co.ramsey.mn.us","62003800","2020-06-23","3","2025-02-10 10:44:55.849794","Unnamed hardworking surveyor(s)","88",NA,"24.93",NA,NA,NA,NA,NA,NA,NA,NA,NA,NA,NA,NA,NA,NA,NA,NA,NA,NA,"01",NA,NA,NA,NA,NA,NA,NA,NA,NA,NA,NA,45.0467176374052,-93.083498859577,NA,NA,NA,NA,NA,NA,FALSE,FALSE
"Ramsey County Parks and Recreation","alexis.lipstein@co.ramsey.mn.us","62003800","2020-06-23","3","2025-02-10 10:44:55.849794","Unnamed hardworking surveyor(s)","89",NA,"19.03",NA,NA,NA,NA,NA,NA,NA,NA,NA,NA,NA,NA,NA,NA,NA,NA,NA,NA,"01",NA,NA,NA,NA,NA,NA,NA,NA,NA,NA,NA,45.0467191047508,-93.0814671471467,NA,NA,NA,NA,NA,NA,FALSE,FALSE
"Ramsey County Parks and Recreation","alexis.lipstein@co.ramsey.mn.us","62003800","2020-06-23","3","2025-02-10 10:44:55.849794","Unnamed hardworking surveyor(s)","90","1","5.91","2",NA,NA,NA,NA,"1",NA,NA,"3",NA,"2",NA,NA,NA,NA,NA,NA,"1","01",NA,NA,NA,NA,"1",NA,"1",NA,NA,NA,NA,45.046720535953,-93.0794354345625,NA,NA,NA,NA,NA,NA,FALSE,FALSE
"Ramsey County Parks and Recreation","alexis.lipstein@co.ramsey.mn.us","62003800","2020-06-23","3","2025-02-10 10:44:55.849794","Unnamed hardworking surveyor(s)","91",NA,"28.22",NA,NA,NA,NA,NA,NA,NA,NA,NA,NA,NA,NA,NA,NA,"1",NA,NA,NA,"01",NA,NA,NA,NA,NA,NA,NA,NA,NA,NA,NA,45.0459904397187,-93.0926404011307,NA,NA,NA,NA,NA,NA,FALSE,FALSE
"Ramsey County Parks and Recreation","alexis.lipstein@co.ramsey.mn.us","62003800","2020-06-23","3","2025-02-10 10:44:55.849794","Unnamed hardworking surveyor(s)","92",NA,"42.32",NA,NA,NA,NA,NA,NA,NA,NA,NA,NA,NA,NA,NA,NA,NA,NA,NA,NA,"01",NA,NA,NA,NA,NA,NA,NA,NA,NA,NA,NA,45.045992069669,-93.0906087149323,NA,NA,NA,NA,NA,NA,FALSE,FALSE
"Ramsey County Parks and Recreation","alexis.lipstein@co.ramsey.mn.us","62003800","2020-06-23","3","2025-02-10 10:44:55.849794","Unnamed hardworking surveyor(s)","93",NA,"37.73",NA,NA,NA,NA,NA,NA,NA,NA,NA,NA,NA,NA,NA,NA,NA,NA,NA,NA,"01",NA,NA,NA,NA,NA,NA,NA,NA,NA,NA,NA,45.0459936634768,-93.0885770285628,NA,NA,NA,NA,NA,NA,FALSE,FALSE
"Ramsey County Parks and Recreation","alexis.lipstein@co.ramsey.mn.us","62003800","2020-06-23","3","2025-02-10 10:44:55.849794","Unnamed hardworking surveyor(s)","94",NA,"35.1",NA,NA,NA,NA,NA,NA,NA,NA,NA,NA,NA,NA,NA,NA,NA,NA,NA,NA,"01",NA,NA,NA,NA,NA,NA,NA,NA,NA,NA,NA,45.0459952211421,-93.0865453420259,NA,NA,NA,NA,NA,NA,FALSE,FALSE
"Ramsey County Parks and Recreation","alexis.lipstein@co.ramsey.mn.us","62003800","2020-06-23","3","2025-02-10 10:44:55.849794","Unnamed hardworking surveyor(s)","95",NA,"33.14",NA,NA,NA,NA,NA,NA,NA,NA,NA,NA,NA,NA,NA,NA,NA,NA,NA,NA,"01",NA,NA,NA,NA,NA,NA,NA,NA,NA,NA,NA,45.0459967426649,-93.0845136553255,NA,NA,NA,NA,NA,NA,FALSE,FALSE
"Ramsey County Parks and Recreation","alexis.lipstein@co.ramsey.mn.us","62003800","2020-06-23","3","2025-02-10 10:44:55.849794","Unnamed hardworking surveyor(s)","96",NA,"30.18",NA,NA,NA,NA,NA,NA,NA,NA,NA,NA,NA,NA,NA,NA,NA,NA,NA,NA,"01",NA,NA,NA,NA,NA,NA,NA,NA,NA,NA,NA,45.0459982280451,-93.0824819684655,NA,NA,NA,NA,NA,NA,FALSE,FALSE
"Ramsey County Parks and Recreation","alexis.lipstein@co.ramsey.mn.us","62003800","2020-06-23","3","2025-02-10 10:44:55.849794","Unnamed hardworking surveyor(s)","97",NA,"28.54",NA,NA,NA,NA,NA,NA,NA,NA,NA,NA,NA,NA,NA,NA,NA,NA,NA,NA,"01",NA,NA,NA,NA,NA,NA,NA,NA,NA,NA,NA,45.0459996772829,-93.0804502814496,NA,NA,NA,NA,NA,NA,FALSE,FALSE
"Ramsey County Parks and Recreation","alexis.lipstein@co.ramsey.mn.us","62003800","2020-06-23","3","2025-02-10 10:44:55.849794","Unnamed hardworking surveyor(s)","98","2","5.58","1",NA,NA,NA,NA,"1",NA,NA,NA,NA,NA,NA,NA,NA,NA,NA,NA,"1","01",NA,NA,NA,NA,NA,NA,NA,NA,NA,NA,NA,45.0460010903781,-93.0784185942818,NA,NA,NA,NA,NA,NA,FALSE,FALSE
"Ramsey County Parks and Recreation","alexis.lipstein@co.ramsey.mn.us","62003800","2020-06-23","3","2025-02-10 10:44:55.849794","Unnamed hardworking surveyor(s)","99",NA,"11.81",NA,NA,NA,NA,NA,NA,NA,NA,NA,NA,NA,NA,NA,NA,NA,NA,NA,NA,"01",NA,NA,NA,NA,NA,NA,NA,NA,NA,NA,NA,45.0452711117436,-93.0916234084672,NA,NA,NA,NA,NA,NA,FALSE,FALSE
"Ramsey County Parks and Recreation","alexis.lipstein@co.ramsey.mn.us","62003800","2020-06-23","3","2025-02-10 10:44:55.849794","Unnamed hardworking surveyor(s)","100",NA,"37.4",NA,NA,NA,NA,NA,NA,NA,NA,NA,NA,NA,NA,NA,NA,NA,NA,NA,NA,"01",NA,NA,NA,NA,NA,NA,NA,NA,NA,NA,NA,45.0452727235825,-93.0895917476737,NA,NA,NA,NA,NA,NA,FALSE,FALSE
"Ramsey County Parks and Recreation","alexis.lipstein@co.ramsey.mn.us","62003800","2020-06-23","3","2025-02-10 10:44:55.849794","Unnamed hardworking surveyor(s)","101",NA,"34.12",NA,NA,NA,NA,NA,NA,NA,NA,NA,NA,NA,NA,NA,NA,NA,NA,NA,NA,"01",NA,NA,NA,NA,NA,NA,NA,NA,NA,NA,NA,45.0452742992797,-93.0875600867109,NA,NA,NA,NA,NA,NA,FALSE,FALSE
"Ramsey County Parks and Recreation","alexis.lipstein@co.ramsey.mn.us","62003800","2020-06-23","3","2025-02-10 10:44:55.849794","Unnamed hardworking surveyor(s)","102",NA,"34.12",NA,NA,NA,NA,NA,NA,NA,NA,NA,NA,NA,NA,NA,NA,NA,NA,NA,NA,"01",NA,NA,NA,NA,NA,NA,NA,NA,NA,NA,NA,45.0452758388353,-93.0855284255827,NA,NA,NA,NA,NA,NA,FALSE,FALSE
"Ramsey County Parks and Recreation","alexis.lipstein@co.ramsey.mn.us","62003800","2020-06-23","3","2025-02-10 10:44:55.849794","Unnamed hardworking surveyor(s)","103",NA,"32.81",NA,NA,NA,NA,NA,NA,NA,NA,NA,NA,NA,NA,NA,NA,NA,NA,NA,NA,"01",NA,NA,NA,NA,NA,NA,NA,NA,NA,NA,NA,45.0452773422493,-93.0834967642929,NA,NA,NA,NA,NA,NA,FALSE,FALSE
"Ramsey County Parks and Recreation","alexis.lipstein@co.ramsey.mn.us","62003800","2020-06-23","3","2025-02-10 10:44:55.849794","Unnamed hardworking surveyor(s)","104",NA,"30.84",NA,NA,NA,NA,NA,NA,NA,NA,NA,NA,NA,NA,NA,NA,NA,NA,NA,NA,"01",NA,NA,NA,NA,NA,NA,NA,NA,NA,NA,NA,45.0452788095216,-93.0814651028454,NA,NA,NA,NA,NA,NA,FALSE,FALSE
"Ramsey County Parks and Recreation","alexis.lipstein@co.ramsey.mn.us","62003800","2020-06-23","3","2025-02-10 10:44:55.849794","Unnamed hardworking surveyor(s)","105",NA,"25.26",NA,NA,NA,NA,NA,NA,NA,NA,NA,NA,NA,NA,NA,NA,NA,NA,NA,NA,"01",NA,NA,NA,NA,NA,NA,NA,NA,NA,NA,NA,45.0452802406523,-93.079433441244,NA,NA,NA,NA,NA,NA,FALSE,FALSE
"Ramsey County Parks and Recreation","alexis.lipstein@co.ramsey.mn.us","62003800","2020-06-23","3","2025-02-10 10:44:55.849794","Unnamed hardworking surveyor(s)","106",NA,"23.95",NA,NA,NA,NA,NA,NA,NA,NA,NA,NA,NA,NA,NA,NA,NA,NA,NA,NA,"01",NA,NA,NA,NA,NA,NA,NA,NA,NA,NA,NA,45.0445533683295,-93.0885748059055,NA,NA,NA,NA,NA,NA,FALSE,FALSE
"Ramsey County Parks and Recreation","alexis.lipstein@co.ramsey.mn.us","62003800","2020-06-23","3","2025-02-10 10:44:55.849794","Unnamed hardworking surveyor(s)","107",NA,"32.15",NA,NA,NA,NA,NA,NA,NA,NA,NA,NA,NA,NA,NA,NA,NA,NA,NA,NA,"01",NA,NA,NA,NA,NA,NA,NA,NA,NA,NA,NA,45.044554925917,-93.0865431703494,NA,NA,NA,NA,NA,NA,FALSE,FALSE
"Ramsey County Parks and Recreation","alexis.lipstein@co.ramsey.mn.us","62003800","2020-06-23","3","2025-02-10 10:44:55.849794","Unnamed hardworking surveyor(s)","108",NA,"28.87",NA,NA,NA,NA,NA,NA,NA,NA,NA,NA,NA,NA,NA,NA,NA,NA,NA,NA,"01",NA,NA,NA,NA,NA,NA,NA,NA,NA,NA,NA,45.0445564473638,-93.0845115346299,NA,NA,NA,NA,NA,NA,FALSE,FALSE
"Ramsey County Parks and Recreation","alexis.lipstein@co.ramsey.mn.us","62003800","2020-06-23","3","2025-02-10 10:44:55.849794","Unnamed hardworking surveyor(s)","109",NA,"29.53",NA,NA,NA,NA,NA,NA,NA,NA,NA,NA,NA,NA,NA,NA,NA,NA,NA,NA,"01",NA,NA,NA,NA,NA,NA,NA,NA,NA,NA,NA,45.0445579326699,-93.0824798987507,NA,NA,NA,NA,NA,NA,FALSE,FALSE
"Ramsey County Parks and Recreation","alexis.lipstein@co.ramsey.mn.us","62003800","2020-06-23","3","2025-02-10 10:44:55.849794","Unnamed hardworking surveyor(s)","110",NA,"28.22",NA,NA,NA,NA,NA,NA,NA,NA,NA,NA,NA,NA,NA,NA,NA,NA,NA,NA,"01",NA,NA,NA,NA,NA,NA,NA,NA,NA,NA,NA,45.0445593818353,-93.0804482627157,NA,NA,NA,NA,NA,NA,FALSE,FALSE
"Ramsey County Parks and Recreation","alexis.lipstein@co.ramsey.mn.us","62003800","2020-06-23","3","2025-02-10 10:44:55.849794","Unnamed hardworking surveyor(s)","111","3","8.2","2",NA,NA,NA,NA,"1",NA,NA,NA,NA,NA,NA,NA,NA,NA,NA,NA,NA,"01",NA,NA,NA,NA,NA,NA,NA,NA,NA,NA,NA,45.0445607948599,-93.0784166265287,NA,NA,NA,"1",NA,NA,FALSE,FALSE
"Ramsey County Parks and Recreation","alexis.lipstein@co.ramsey.mn.us","62003800","2020-06-23","3","2025-02-10 10:44:55.849794","Unnamed hardworking surveyor(s)","112",NA,"12.47",NA,NA,NA,"1",NA,NA,NA,NA,NA,NA,NA,NA,NA,NA,"1",NA,NA,NA,"01",NA,NA,NA,NA,NA,NA,NA,NA,NA,NA,NA,45.0438340039108,-93.0875578896267,NA,NA,NA,NA,NA,NA,FALSE,FALSE
"Ramsey County Parks and Recreation","alexis.lipstein@co.ramsey.mn.us","62003800","2020-06-23","3","2025-02-10 10:44:55.849794","Unnamed hardworking surveyor(s)","113","3","9.84","3",NA,NA,NA,NA,NA,NA,NA,NA,NA,NA,NA,NA,NA,NA,NA,NA,NA,"01",NA,NA,NA,NA,NA,NA,NA,NA,NA,NA,NA,45.0438355433896,-93.0855262794774,NA,NA,NA,NA,NA,NA,FALSE,FALSE
"Ramsey County Parks and Recreation","alexis.lipstein@co.ramsey.mn.us","62003800","2020-06-23","3","2025-02-10 10:44:55.849794","Unnamed hardworking surveyor(s)","114","3","17.39","2",NA,NA,NA,NA,"1",NA,NA,"1",NA,NA,NA,NA,NA,NA,NA,NA,NA,"01",NA,NA,NA,NA,NA,NA,NA,NA,NA,NA,NA,45.0438370467285,-93.0834946691665,NA,NA,NA,NA,NA,NA,FALSE,FALSE
"Ramsey County Parks and Recreation","alexis.lipstein@co.ramsey.mn.us","62003800","2020-06-23","3","2025-02-10 10:44:55.849794","Unnamed hardworking surveyor(s)","115",NA,"11.15","1",NA,NA,NA,NA,NA,NA,NA,"1",NA,NA,NA,NA,NA,NA,NA,NA,NA,"01",NA,NA,NA,NA,NA,NA,NA,NA,NA,NA,NA,45.0438385139276,-93.0814630586979,NA,NA,NA,NA,NA,NA,FALSE,FALSE
"Ramsey County Parks and Recreation","alexis.lipstein@co.ramsey.mn.us","62003800","2020-06-23","3","2025-02-10 10:44:55.849794","Unnamed hardworking surveyor(s)","116","1","8.53","1",NA,NA,NA,NA,"1",NA,NA,"3",NA,NA,NA,NA,NA,NA,NA,NA,NA,"01",NA,NA,NA,NA,NA,NA,NA,NA,NA,NA,NA,45.0438399449868,-93.0794314480755,NA,NA,NA,NA,NA,NA,FALSE,FALSE
"Ramsey County Parks and Recreation","alexis.lipstein@co.ramsey.mn.us","62003800","2020-06-23","3","2025-02-10 10:44:55.849794","Unnamed hardworking surveyor(s)","117","1","2.62","2",NA,NA,NA,NA,"1",NA,NA,"1",NA,NA,NA,NA,NA,"1",NA,NA,NA,"01",NA,NA,NA,NA,NA,NA,"2",NA,NA,NA,NA,45.0431144892584,-93.0867269660841,NA,NA,NA,NA,NA,NA,FALSE,FALSE
"Ramsey County Parks and Recreation","alexis.lipstein@co.ramsey.mn.us","62003800","2020-06-23","3","2025-02-10 10:44:55.849794","Unnamed hardworking surveyor(s)","118","3","1.97","1",NA,NA,"1",NA,"1",NA,NA,"3",NA,"2",NA,NA,NA,NA,NA,NA,"1","01",NA,NA,NA,NA,NA,NA,NA,NA,NA,NA,NA,45.0431528281031,-93.0846346854741,NA,NA,NA,NA,NA,NA,FALSE,FALSE
"Ramsey County Parks and Recreation","alexis.lipstein@co.ramsey.mn.us","62003800","2020-06-23","3","2025-02-10 10:44:55.849794","Unnamed hardworking surveyor(s)","119",NA,"1.31","1",NA,NA,"3",NA,NA,NA,NA,NA,NA,"1",NA,NA,NA,"1",NA,NA,"1","01",NA,NA,NA,NA,"3",NA,"1",NA,NA,NA,NA,45.0424445125681,-93.0863926101333,NA,NA,NA,NA,NA,NA,FALSE,FALSE
"Ramsey County Parks and Recreation","alexis.lipstein@co.ramsey.mn.us","62003800","2020-06-23","3","2025-02-10 10:44:55.849794","Unnamed hardworking surveyor(s)","120",NA,"0.98",NA,NA,NA,"2",NA,NA,NA,NA,"3",NA,NA,NA,NA,NA,"1",NA,NA,NA,"01",NA,NA,NA,NA,"3",NA,NA,NA,NA,NA,NA,45.0423780107445,-93.0852349587453,NA,NA,NA,NA,NA,NA,FALSE,FALSE
"Ramsey County Parks and Recreation","alexis.lipstein@co.ramsey.mn.us","62002700","2023-07-28","3","2025-02-10 11:22:17.346604","Unnamed hardworking surveyor(s)","1",NA,"4.27",NA,NA,NA,NA,"3",NA,NA,NA,NA,NA,NA,NA,NA,NA,NA,NA,NA,NA,NA,NA,NA,NA,NA,NA,NA,NA,NA,NA,NA,NA,45.0873962603485,-93.0773305101348,NA,NA,NA,NA,NA,NA,FALSE,FALSE
"Ramsey County Parks and Recreation","alexis.lipstein@co.ramsey.mn.us","62002700","2023-07-28","3","2025-02-10 11:22:17.346604","Unnamed hardworking surveyor(s)","2",NA,"4.59",NA,NA,NA,NA,NA,NA,NA,NA,"1",NA,NA,NA,NA,NA,NA,NA,NA,"1",NA,NA,NA,NA,NA,NA,NA,NA,NA,NA,NA,NA,45.0872164698751,-93.0771408199372,NA,NA,NA,NA,NA,NA,FALSE,FALSE
"Ramsey County Parks and Recreation","alexis.lipstein@co.ramsey.mn.us","62002700","2023-07-28","3","2025-02-10 11:22:17.346604","Unnamed hardworking surveyor(s)","3",NA,"3.28",NA,NA,NA,NA,NA,NA,NA,NA,"1",NA,NA,NA,NA,NA,NA,NA,NA,NA,NA,NA,NA,NA,NA,NA,NA,NA,NA,NA,NA,NA,45.0865759204438,-93.0769033602847,NA,NA,NA,NA,NA,NA,FALSE,FALSE
"Ramsey County Parks and Recreation","alexis.lipstein@co.ramsey.mn.us","62002700","2023-07-28","3","2025-02-10 11:22:17.346604","Unnamed hardworking surveyor(s)","4",NA,"4.27",NA,NA,NA,NA,"3",NA,NA,NA,NA,NA,NA,NA,NA,NA,NA,NA,NA,NA,NA,NA,NA,NA,NA,NA,NA,NA,NA,NA,NA,NA,45.0859451903555,-93.0757840396512,NA,NA,NA,NA,NA,NA,FALSE,FALSE
"Ramsey County Parks and Recreation","alexis.lipstein@co.ramsey.mn.us","62002700","2023-07-28","3","2025-02-10 11:22:17.346604","Unnamed hardworking surveyor(s)","5",NA,"2.62",NA,NA,"v",NA,"3",NA,NA,NA,"1",NA,NA,NA,NA,NA,NA,NA,NA,NA,NA,NA,NA,NA,NA,NA,NA,NA,NA,NA,NA,NA,45.0856085697489,-93.0751553193956,NA,NA,NA,NA,NA,NA,FALSE,FALSE
"Ramsey County Parks and Recreation","alexis.lipstein@co.ramsey.mn.us","62002700","2023-07-28","3","2025-02-10 11:22:17.346604","Unnamed hardworking surveyor(s)","6",NA,"2.62",NA,NA,NA,NA,"3",NA,NA,NA,"2",NA,NA,NA,NA,NA,NA,NA,NA,NA,NA,NA,NA,NA,NA,NA,NA,NA,NA,NA,NA,NA,45.0855100802659,-93.0762552706352,NA,NA,NA,NA,NA,NA,FALSE,FALSE
"Ramsey County Parks and Recreation","alexis.lipstein@co.ramsey.mn.us","62002700","2023-07-28","3","2025-02-10 11:22:17.346604","Unnamed hardworking surveyor(s)","7",NA,"5.91",NA,NA,NA,NA,NA,NA,NA,NA,"2",NA,NA,NA,NA,NA,NA,NA,NA,NA,NA,NA,NA,NA,NA,NA,NA,NA,NA,NA,NA,NA,45.0851680197168,-93.0769245695682,NA,NA,NA,NA,NA,NA,FALSE,FALSE
"Ramsey County Parks and Recreation","alexis.lipstein@co.ramsey.mn.us","62002700","2023-07-28","3","2025-02-10 11:22:17.346604","Unnamed hardworking surveyor(s)","8",NA,"6.23",NA,NA,NA,NA,NA,NA,NA,NA,"1",NA,NA,NA,NA,NA,NA,NA,NA,NA,NA,NA,NA,NA,NA,NA,NA,NA,NA,NA,NA,NA,45.0842584096141,-93.0762096802464,NA,NA,NA,NA,NA,NA,FALSE,FALSE
"Ramsey County Parks and Recreation","alexis.lipstein@co.ramsey.mn.us","62002700","2023-07-28","3","2025-02-10 11:22:17.346604","Unnamed hardworking surveyor(s)","9",NA,"4.59",NA,NA,"1",NA,NA,NA,NA,NA,"2",NA,NA,NA,NA,NA,NA,NA,NA,NA,NA,NA,NA,NA,NA,NA,NA,NA,NA,NA,NA,NA,45.0831123497934,-93.077644909742,NA,NA,NA,NA,NA,NA,FALSE,FALSE
"Ramsey County Parks and Recreation","alexis.lipstein@co.ramsey.mn.us","62002700","2023-07-28","3","2025-02-10 11:22:17.346604","Unnamed hardworking surveyor(s)","10",NA,"5.25",NA,NA,NA,NA,NA,NA,NA,NA,NA,NA,NA,NA,NA,NA,NA,NA,NA,NA,NA,NA,NA,NA,NA,NA,NA,NA,NA,NA,NA,NA,45.0823025798305,-93.0791774602815,NA,NA,NA,NA,NA,NA,FALSE,FALSE
"Ramsey County Parks and Recreation","alexis.lipstein@co.ramsey.mn.us","62002700","2023-07-28","3","2025-02-10 11:22:17.346604","Unnamed hardworking surveyor(s)","11",NA,"5.91",NA,NA,NA,NA,NA,NA,NA,NA,"2",NA,NA,NA,NA,NA,NA,NA,NA,NA,NA,NA,NA,NA,NA,NA,NA,NA,NA,NA,NA,NA,45.0814436000865,-93.0799236098042,NA,NA,NA,NA,NA,NA,FALSE,FALSE
"Ramsey County Parks and Recreation","alexis.lipstein@co.ramsey.mn.us","62002700","2023-07-28","3","2025-02-10 11:22:17.346604","Unnamed hardworking surveyor(s)","12",NA,"3.28",NA,NA,NA,NA,NA,NA,NA,NA,NA,NA,NA,NA,NA,NA,NA,NA,NA,NA,NA,NA,NA,NA,NA,NA,NA,"1",NA,NA,NA,NA,45.0802454899813,-93.0801976200556,NA,NA,NA,NA,NA,NA,FALSE,FALSE
"Ramsey County Parks and Recreation","alexis.lipstein@co.ramsey.mn.us","62002700","2023-07-28","3","2025-02-10 11:22:17.346604","Unnamed hardworking surveyor(s)","13",NA,"7.55",NA,NA,NA,NA,NA,NA,NA,NA,"1",NA,NA,NA,NA,NA,NA,NA,NA,NA,NA,NA,NA,NA,NA,NA,NA,NA,NA,NA,NA,NA,45.0807109404558,-93.0811143502037,NA,NA,NA,NA,NA,NA,FALSE,FALSE
"Ramsey County Parks and Recreation","alexis.lipstein@co.ramsey.mn.us","62002700","2023-07-28","3","2025-02-10 11:22:17.346604","Unnamed hardworking surveyor(s)","14",NA,"6.89",NA,NA,NA,NA,NA,NA,NA,NA,"1",NA,NA,NA,NA,NA,NA,NA,NA,NA,NA,NA,NA,NA,NA,NA,NA,NA,NA,NA,NA,NA,45.0809110097928,-93.0824408697519,NA,NA,NA,NA,NA,NA,FALSE,FALSE
"Ramsey County Parks and Recreation","alexis.lipstein@co.ramsey.mn.us","62002700","2023-07-28","3","2025-02-10 11:22:17.346604","Unnamed hardworking surveyor(s)","15",NA,"5.25",NA,NA,"v",NA,"2",NA,NA,NA,"2",NA,NA,NA,NA,NA,NA,NA,NA,NA,NA,NA,NA,NA,NA,NA,NA,"v",NA,NA,NA,NA,45.0812250799396,-93.0838159998726,NA,NA,NA,NA,NA,NA,FALSE,FALSE
"Ramsey County Parks and Recreation","alexis.lipstein@co.ramsey.mn.us","62002700","2023-07-28","3","2025-02-10 11:22:17.346604","Unnamed hardworking surveyor(s)","16",NA,"5.58",NA,"1","1",NA,"3",NA,NA,NA,"1",NA,NA,NA,NA,NA,NA,NA,NA,NA,NA,NA,NA,NA,NA,NA,NA,NA,NA,NA,NA,NA,45.0816725896449,-93.0841004798404,NA,NA,NA,NA,NA,NA,FALSE,FALSE
"Ramsey County Parks and Recreation","alexis.lipstein@co.ramsey.mn.us","62002700","2023-07-28","3","2025-02-10 11:22:17.346604","Unnamed hardworking surveyor(s)","17",NA,"6.56","1",NA,NA,NA,NA,NA,NA,NA,"1",NA,NA,NA,NA,NA,NA,NA,NA,"1",NA,NA,NA,NA,NA,NA,NA,NA,NA,NA,NA,NA,45.0829115201902,-93.0837480300166,NA,NA,NA,NA,NA,NA,FALSE,FALSE
"Ramsey County Parks and Recreation","alexis.lipstein@co.ramsey.mn.us","62002700","2023-07-28","3","2025-02-10 11:22:17.346604","Unnamed hardworking surveyor(s)","18",NA,"6.89",NA,NA,NA,NA,NA,NA,NA,NA,"2",NA,NA,NA,NA,NA,NA,NA,NA,NA,NA,NA,NA,NA,NA,NA,NA,NA,NA,NA,NA,NA,45.0836742798068,-93.0831633006141,NA,NA,NA,NA,NA,NA,FALSE,FALSE
"Ramsey County Parks and Recreation","alexis.lipstein@co.ramsey.mn.us","62002700","2023-07-28","3","2025-02-10 11:22:17.346604","Unnamed hardworking surveyor(s)","19",NA,"5.91","1",NA,"1",NA,NA,NA,NA,NA,"2",NA,NA,NA,NA,NA,NA,NA,NA,"1",NA,NA,NA,NA,NA,NA,NA,NA,NA,NA,NA,NA,45.0846051700399,-93.0819837996071,NA,NA,NA,NA,NA,NA,FALSE,FALSE
"Ramsey County Parks and Recreation","alexis.lipstein@co.ramsey.mn.us","62002700","2023-07-28","3","2025-02-10 11:22:17.346604","Unnamed hardworking surveyor(s)","20",NA,"5.91",NA,NA,NA,NA,NA,NA,NA,NA,"1",NA,NA,NA,NA,NA,NA,NA,NA,NA,NA,NA,NA,NA,NA,NA,NA,NA,NA,NA,NA,NA,45.0849113599442,-93.0805106000677,NA,NA,NA,NA,NA,NA,FALSE,FALSE
"Ramsey County Parks and Recreation","alexis.lipstein@co.ramsey.mn.us","62002700","2023-07-28","3","2025-02-10 11:22:17.346604","Unnamed hardworking surveyor(s)","21",NA,"5.58",NA,NA,NA,NA,NA,NA,NA,NA,NA,NA,NA,NA,NA,NA,NA,NA,NA,"1",NA,NA,NA,NA,NA,NA,NA,NA,NA,NA,NA,NA,45.0857199598381,-93.0796730797274,NA,NA,NA,NA,NA,NA,FALSE,FALSE
"Ramsey County Parks and Recreation","alexis.lipstein@co.ramsey.mn.us","62002700","2023-07-28","3","2025-02-10 11:22:17.346604","Unnamed hardworking surveyor(s)","22",NA,"5.58",NA,NA,NA,NA,NA,NA,NA,NA,NA,NA,NA,NA,NA,NA,NA,NA,NA,NA,NA,NA,NA,NA,NA,NA,NA,NA,NA,NA,NA,NA,45.0854630599112,-93.0784396804966,NA,NA,NA,NA,NA,NA,FALSE,FALSE
"Ramsey County Parks and Recreation","alexis.lipstein@co.ramsey.mn.us","62002700","2023-07-28","3","2025-02-10 11:22:17.346604","Unnamed hardworking surveyor(s)","23",NA,"7.22",NA,NA,NA,NA,NA,NA,NA,NA,"1",NA,NA,NA,NA,NA,NA,NA,NA,NA,NA,NA,NA,NA,NA,NA,NA,NA,NA,NA,NA,NA,45.0844976296247,-93.0788510703881,NA,NA,NA,NA,NA,NA,FALSE,FALSE
"Ramsey County Parks and Recreation","alexis.lipstein@co.ramsey.mn.us","62002700","2023-07-28","3","2025-02-10 11:22:17.346604","Unnamed hardworking surveyor(s)","24",NA,"7.22",NA,NA,NA,NA,NA,NA,NA,NA,"3",NA,NA,NA,NA,NA,NA,NA,NA,NA,NA,NA,NA,NA,NA,NA,NA,NA,NA,NA,NA,NA,45.0835332102836,-93.0795526295393,NA,NA,NA,NA,NA,NA,FALSE,FALSE
"Ramsey County Parks and Recreation","alexis.lipstein@co.ramsey.mn.us","62002700","2023-07-28","3","2025-02-10 11:22:17.346604","Unnamed hardworking surveyor(s)","25",NA,"7.22",NA,NA,NA,NA,NA,NA,NA,NA,"1",NA,NA,NA,NA,NA,NA,NA,NA,NA,NA,NA,NA,NA,NA,NA,NA,NA,NA,NA,NA,NA,45.0825152299885,-93.0809065594629,NA,NA,NA,NA,NA,NA,FALSE,FALSE
"Ramsey County Parks and Recreation","alexis.lipstein@co.ramsey.mn.us","62002700","2023-07-28","3","2025-02-10 11:22:17.346604","Unnamed hardworking surveyor(s)","26",NA,"6.89",NA,NA,NA,NA,NA,NA,NA,NA,NA,NA,NA,NA,NA,NA,NA,NA,NA,NA,NA,NA,NA,NA,NA,NA,NA,NA,NA,NA,NA,NA,45.081894879686,-93.0824117000684,NA,NA,NA,NA,NA,NA,FALSE,FALSE
"Ramsey County Parks and Recreation","alexis.lipstein@co.ramsey.mn.us","62002700","2023-07-28","3","2025-02-10 11:22:17.346604","Unnamed hardworking surveyor(s)","27",NA,"3.61",NA,NA,NA,NA,NA,NA,NA,NA,"3",NA,NA,NA,NA,NA,NA,NA,NA,NA,NA,NA,NA,NA,NA,NA,NA,NA,NA,NA,NA,NA,45.0854028796405,-93.0777705605867,NA,NA,NA,NA,NA,NA,FALSE,FALSE
"Ramsey County Parks and Recreation","alexis.lipstein@co.ramsey.mn.us","62002700","2023-07-28","3","2025-02-10 11:22:17.346604","Unnamed hardworking surveyor(s)","28",NA,"2.62",NA,NA,NA,NA,"v",NA,NA,NA,"2",NA,NA,NA,NA,NA,NA,NA,NA,NA,NA,NA,NA,NA,NA,NA,NA,NA,NA,NA,NA,NA,45.0861536403307,-93.0777195900602,NA,NA,NA,NA,NA,NA,FALSE,FALSE
"Ramsey County Parks and Recreation","alexis.lipstein@co.ramsey.mn.us","62002700","2023-07-28","3","2025-02-10 11:22:17.346604","Unnamed hardworking surveyor(s)","29",NA,"5.58",NA,NA,NA,NA,"1",NA,NA,NA,"1",NA,NA,NA,NA,NA,NA,NA,NA,"1",NA,NA,NA,NA,NA,NA,NA,NA,NA,NA,NA,NA,45.086722269616,-93.0783891396095,NA,NA,NA,NA,NA,NA,FALSE,FALSE
"Ramsey County Parks and Recreation","alexis.lipstein@co.ramsey.mn.us","62002700","2023-07-28","3","2025-02-10 11:22:17.346604","Unnamed hardworking surveyor(s)","30",NA,"4.27",NA,NA,NA,NA,"3",NA,NA,NA,"1",NA,NA,NA,NA,NA,NA,NA,NA,NA,NA,NA,NA,NA,NA,NA,NA,NA,NA,NA,NA,NA,45.0873055696047,-93.0791159305266,NA,NA,NA,NA,NA,NA,FALSE,FALSE
"Ramsey County Parks and Recreation","alexis.lipstein@co.ramsey.mn.us","62004600","2023-08-18","3","2025-02-10 11:50:06.545556","Unnamed hardworking surveyor(s)","1","3","2.62",NA,NA,NA,NA,NA,NA,NA,NA,NA,NA,NA,NA,NA,NA,NA,NA,NA,NA,NA,NA,NA,NA,NA,NA,NA,NA,NA,NA,NA,NA,45.0965734318734,-93.1145200177768,NA,NA,NA,NA,NA,NA,FALSE,FALSE
"Ramsey County Parks and Recreation","alexis.lipstein@co.ramsey.mn.us","62004600","2023-08-18","3","2025-02-10 11:50:06.545556","Unnamed hardworking surveyor(s)","2","1","3.28",NA,NA,NA,NA,NA,NA,NA,NA,NA,NA,NA,NA,NA,"1",NA,NA,NA,"1",NA,NA,NA,NA,NA,NA,NA,NA,NA,NA,NA,"1",45.0957208038646,-93.1133883653111,NA,NA,NA,NA,NA,NA,FALSE,FALSE
"Ramsey County Parks and Recreation","alexis.lipstein@co.ramsey.mn.us","62004600","2023-08-18","3","2025-02-10 11:50:06.545556","Unnamed hardworking surveyor(s)","3",NA,"9.84",NA,NA,NA,NA,NA,NA,NA,NA,NA,NA,NA,NA,NA,NA,NA,NA,NA,NA,NA,NA,NA,NA,NA,NA,NA,NA,NA,NA,NA,NA,45.0948681644831,-93.1122567452574,NA,NA,NA,NA,NA,NA,FALSE,FALSE
"Ramsey County Parks and Recreation","alexis.lipstein@co.ramsey.mn.us","62004600","2023-08-18","3","2025-02-10 11:50:06.545556","Unnamed hardworking surveyor(s)","4","2","2.95",NA,NA,NA,"1","1","1",NA,NA,NA,"1",NA,NA,NA,NA,NA,NA,NA,"1",NA,NA,NA,NA,NA,NA,NA,NA,NA,NA,NA,NA,45.0880466436782,-93.1032050073966,NA,NA,NA,NA,NA,NA,FALSE,FALSE
"Ramsey County Parks and Recreation","alexis.lipstein@co.ramsey.mn.us","62004600","2023-08-18","3","2025-02-10 11:50:06.545556","Unnamed hardworking surveyor(s)","5","2","4.92",NA,NA,NA,NA,NA,NA,NA,NA,NA,NA,NA,NA,NA,NA,NA,NA,NA,"1",NA,NA,NA,NA,NA,NA,NA,NA,NA,NA,NA,NA,45.0871939028747,-93.1020736916903,NA,NA,NA,NA,NA,NA,FALSE,FALSE
"Ramsey County Parks and Recreation","alexis.lipstein@co.ramsey.mn.us","62004600","2023-08-18","3","2025-02-10 11:50:06.545556","Unnamed hardworking surveyor(s)","6",NA,"2.3",NA,NA,"1",NA,"1",NA,NA,NA,NA,"1",NA,NA,NA,"2",NA,NA,NA,NA,NA,NA,NA,"1",NA,NA,NA,NA,NA,NA,NA,"v",45.0863411516073,-93.1009424096525,NA,NA,NA,NA,NA,"1",FALSE,FALSE
"Ramsey County Parks and Recreation","alexis.lipstein@co.ramsey.mn.us","62004600","2023-08-18","3","2025-02-10 11:50:06.545556","Unnamed hardworking surveyor(s)","7","1","2.62",NA,NA,NA,NA,"1",NA,NA,NA,"1","1",NA,"2",NA,NA,NA,NA,NA,"1",NA,NA,NA,NA,NA,NA,NA,NA,NA,NA,NA,NA,45.0982275970474,-93.1144479027793,NA,NA,NA,NA,NA,NA,FALSE,FALSE
"Ramsey County Parks and Recreation","alexis.lipstein@co.ramsey.mn.us","62004600","2023-08-18","3","2025-02-10 11:50:06.545556","Unnamed hardworking surveyor(s)","8",NA,"19.03",NA,NA,NA,NA,NA,NA,NA,NA,NA,NA,NA,NA,NA,NA,NA,NA,NA,NA,NA,NA,NA,NA,NA,NA,NA,NA,NA,NA,NA,NA,45.0973749686033,-93.1133162186637,NA,NA,NA,NA,NA,NA,FALSE,FALSE
"Ramsey County Parks and Recreation","alexis.lipstein@co.ramsey.mn.us","62004600","2023-08-18","3","2025-02-10 11:50:06.545556","Unnamed hardworking surveyor(s)","9",NA,"23.29",NA,NA,NA,NA,NA,NA,NA,NA,NA,NA,NA,NA,NA,NA,NA,NA,NA,NA,NA,NA,NA,NA,NA,NA,NA,NA,NA,NA,NA,NA,45.0965223296861,-93.1121845669649,NA,NA,NA,NA,NA,NA,FALSE,FALSE
"Ramsey County Parks and Recreation","alexis.lipstein@co.ramsey.mn.us","62004600","2023-08-18","3","2025-02-10 11:50:06.545556","Unnamed hardworking surveyor(s)","10",NA,"36.42",NA,NA,NA,NA,NA,NA,NA,NA,NA,NA,NA,NA,NA,NA,NA,NA,NA,NA,NA,NA,NA,NA,NA,NA,NA,NA,NA,NA,NA,NA,45.0956696793939,-93.1110529502211,NA,NA,NA,NA,NA,NA,FALSE,FALSE
"Ramsey County Parks and Recreation","alexis.lipstein@co.ramsey.mn.us","62004600","2023-08-18","3","2025-02-10 11:50:06.545556","Unnamed hardworking surveyor(s)","11",NA,"31.82",NA,NA,NA,NA,NA,NA,NA,NA,NA,NA,NA,NA,NA,NA,NA,NA,NA,NA,NA,NA,NA,NA,NA,NA,NA,NA,NA,NA,NA,NA,45.0948170177305,-93.1099213658891,NA,NA,NA,NA,NA,NA,FALSE,FALSE
"Ramsey County Parks and Recreation","alexis.lipstein@co.ramsey.mn.us","62004600","2023-08-18","3","2025-02-10 11:50:06.545556","Unnamed hardworking surveyor(s)","12","1","4.59",NA,NA,NA,NA,NA,NA,NA,NA,NA,NA,NA,"1",NA,"1",NA,NA,NA,"1",NA,NA,NA,NA,NA,NA,NA,NA,NA,NA,NA,NA,45.0939643446942,-93.108789816509,NA,NA,NA,NA,NA,NA,FALSE,FALSE
"Ramsey County Parks and Recreation","alexis.lipstein@co.ramsey.mn.us","62004600","2023-08-18","3","2025-02-10 11:50:06.545556","Unnamed hardworking surveyor(s)","13","2","2.62",NA,NA,NA,NA,NA,NA,NA,NA,NA,"1",NA,NA,NA,NA,NA,NA,NA,"1",NA,NA,NA,NA,NA,NA,NA,NA,NA,NA,NA,NA,45.088848063228,-93.1020012274335,NA,NA,NA,NA,NA,NA,FALSE,FALSE
"Ramsey County Parks and Recreation","alexis.lipstein@co.ramsey.mn.us","62004600","2023-08-18","3","2025-02-10 11:50:06.545556","Unnamed hardworking surveyor(s)","14",NA,"10.83",NA,NA,NA,NA,NA,NA,NA,NA,NA,NA,NA,NA,NA,NA,NA,NA,NA,NA,NA,NA,NA,NA,NA,NA,NA,NA,NA,NA,NA,NA,45.0879953115186,-93.1008699137779,NA,NA,NA,NA,NA,NA,FALSE,FALSE
"Ramsey County Parks and Recreation","alexis.lipstein@co.ramsey.mn.us","62004600","2023-08-18","3","2025-02-10 11:50:06.545556","Unnamed hardworking surveyor(s)","15",NA,"3.61",NA,NA,NA,NA,NA,NA,NA,NA,NA,NA,NA,NA,NA,NA,NA,NA,NA,NA,NA,NA,NA,NA,NA,NA,NA,NA,NA,NA,NA,NA,45.0871425475454,-93.099738633789,NA,NA,NA,NA,NA,NA,FALSE,FALSE
"Ramsey County Parks and Recreation","alexis.lipstein@co.ramsey.mn.us","62004600","2023-08-18","3","2025-02-10 11:50:06.545556","Unnamed hardworking surveyor(s)","16","1","4.59",NA,NA,NA,NA,NA,NA,NA,NA,NA,NA,NA,NA,NA,"1",NA,NA,NA,"1",NA,NA,NA,NA,NA,NA,NA,"1",NA,NA,NA,NA,45.0990291337222,-93.1132440654041,NA,NA,NA,NA,NA,NA,FALSE,FALSE
"Ramsey County Parks and Recreation","alexis.lipstein@co.ramsey.mn.us","62004600","2023-08-18","3","2025-02-10 11:50:06.545556","Unnamed hardworking surveyor(s)","17","1","5.25","1","1",NA,NA,NA,"1",NA,NA,NA,"1",NA,NA,NA,"2",NA,NA,NA,NA,NA,NA,NA,NA,NA,NA,NA,NA,NA,NA,NA,NA,45.0981764952678,-93.1121123833283,NA,NA,NA,NA,NA,NA,FALSE,FALSE
"Ramsey County Parks and Recreation","alexis.lipstein@co.ramsey.mn.us","62004600","2023-08-18","3","2025-02-10 11:50:06.545556","Unnamed hardworking surveyor(s)","18",NA,"7.55",NA,NA,NA,NA,NA,NA,NA,NA,NA,NA,NA,NA,NA,NA,NA,NA,NA,NA,NA,NA,NA,NA,NA,NA,NA,NA,NA,NA,NA,NA,45.0973238427387,-93.1109807349344,NA,NA,NA,NA,NA,NA,FALSE,FALSE
"Ramsey County Parks and Recreation","alexis.lipstein@co.ramsey.mn.us","62004600","2023-08-18","3","2025-02-10 11:50:06.545556","Unnamed hardworking surveyor(s)","19",NA,"33.79",NA,NA,NA,NA,NA,NA,NA,NA,NA,NA,NA,NA,NA,NA,NA,NA,NA,NA,NA,NA,NA,NA,NA,NA,NA,NA,NA,NA,NA,NA,45.0964711806368,-93.1098491202295,NA,NA,NA,NA,NA,NA,FALSE,FALSE
"Ramsey County Parks and Recreation","alexis.lipstein@co.ramsey.mn.us","62004600","2023-08-18","3","2025-02-10 11:50:06.545556","Unnamed hardworking surveyor(s)","20",NA,"43.31",NA,NA,NA,NA,NA,NA,NA,NA,NA,NA,NA,NA,NA,NA,NA,NA,NA,NA,NA,NA,NA,NA,NA,NA,NA,NA,NA,NA,NA,NA,45.0956185071639,-93.1087175379377,NA,NA,NA,NA,NA,NA,FALSE,FALSE
"Ramsey County Parks and Recreation","alexis.lipstein@co.ramsey.mn.us","62004600","2023-08-18","3","2025-02-10 11:50:06.545556","Unnamed hardworking surveyor(s)","21",NA,"48.88",NA,NA,NA,NA,NA,NA,NA,NA,NA,NA,NA,NA,NA,NA,NA,NA,NA,NA,NA,NA,NA,NA,NA,NA,NA,NA,NA,NA,NA,NA,45.0947658223185,-93.1075859905991,NA,NA,NA,NA,NA,NA,FALSE,FALSE
"Ramsey County Parks and Recreation","alexis.lipstein@co.ramsey.mn.us","62004600","2023-08-18","3","2025-02-10 11:50:06.545556","Unnamed hardworking surveyor(s)","22",NA,"19.69",NA,NA,NA,NA,NA,NA,NA,NA,NA,NA,NA,NA,NA,NA,NA,NA,NA,NA,NA,NA,NA,NA,NA,NA,NA,NA,NA,NA,NA,NA,45.0939131243027,-93.106454476938,NA,NA,NA,NA,NA,NA,FALSE,FALSE
"Ramsey County Parks and Recreation","alexis.lipstein@co.ramsey.mn.us","62004600","2023-08-18","3","2025-02-10 11:50:06.545556","Unnamed hardworking surveyor(s)","23",NA,"2.3",NA,NA,"1",NA,"1",NA,NA,NA,NA,"2",NA,NA,NA,NA,NA,NA,NA,"1",NA,NA,NA,NA,NA,NA,NA,NA,NA,NA,NA,NA,45.0913549674448,-93.1030601380335,NA,NA,NA,NA,NA,"1",FALSE,FALSE
"Ramsey County Parks and Recreation","alexis.lipstein@co.ramsey.mn.us","62004600","2023-08-18","3","2025-02-10 11:50:06.545556","Unnamed hardworking surveyor(s)","24","2","3.28",NA,NA,NA,NA,NA,NA,NA,NA,NA,NA,NA,NA,NA,NA,NA,NA,NA,NA,NA,NA,NA,NA,NA,NA,NA,NA,NA,NA,NA,NA,45.0905022239581,-93.1019287590797,NA,NA,NA,NA,NA,NA,FALSE,FALSE
"Ramsey County Parks and Recreation","alexis.lipstein@co.ramsey.mn.us","62004600","2023-08-18","3","2025-02-10 11:50:06.545556","Unnamed hardworking surveyor(s)","25",NA,"19.69",NA,NA,NA,NA,NA,NA,NA,NA,NA,NA,NA,NA,NA,NA,NA,NA,NA,NA,NA,NA,NA,NA,NA,NA,NA,NA,NA,NA,NA,NA,45.0896494709076,-93.1007974125312,NA,NA,NA,NA,NA,NA,FALSE,FALSE
"Ramsey County Parks and Recreation","alexis.lipstein@co.ramsey.mn.us","62004600","2023-08-18","3","2025-02-10 11:50:06.545556","Unnamed hardworking surveyor(s)","26",NA,"17.72",NA,NA,NA,NA,NA,NA,NA,NA,NA,NA,NA,NA,NA,NA,NA,NA,NA,NA,NA,NA,NA,NA,NA,NA,NA,NA,NA,NA,NA,NA,45.0887967064917,-93.0996661009248,NA,NA,NA,NA,NA,NA,FALSE,FALSE
"Ramsey County Parks and Recreation","alexis.lipstein@co.ramsey.mn.us","62004600","2023-08-18","3","2025-02-10 11:50:06.545556","Unnamed hardworking surveyor(s)","27","1","3.28",NA,NA,NA,NA,NA,NA,NA,NA,"1","1",NA,NA,NA,NA,NA,NA,NA,"1",NA,NA,NA,NA,NA,NA,NA,NA,NA,NA,NA,NA,45.0879439307126,-93.098534822988,NA,NA,NA,NA,NA,NA,FALSE,FALSE
"Ramsey County Parks and Recreation","alexis.lipstein@co.ramsey.mn.us","62004600","2023-08-18","3","2025-02-10 11:50:06.545556","Unnamed hardworking surveyor(s)","28","1","4.27","1","v",NA,"1","1",NA,NA,NA,NA,NA,NA,NA,NA,NA,NA,NA,NA,"1",NA,NA,NA,"1",NA,NA,NA,"v",NA,NA,"1",NA,45.0998306585266,-93.1120401956129,NA,NA,NA,NA,NA,NA,FALSE,FALSE
"Ramsey County Parks and Recreation","alexis.lipstein@co.ramsey.mn.us","62004600","2023-08-18","3","2025-02-10 11:50:06.545556","Unnamed hardworking surveyor(s)","29","2","3.94",NA,NA,NA,"1","1",NA,NA,NA,NA,NA,NA,NA,NA,NA,NA,NA,NA,"3",NA,NA,NA,"1",NA,NA,NA,NA,NA,NA,"1",NA,45.0989780064621,-93.1109085143004,NA,NA,NA,NA,NA,NA,FALSE,FALSE
"Ramsey County Parks and Recreation","alexis.lipstein@co.ramsey.mn.us","62004600","2023-08-18","3","2025-02-10 11:50:06.545556","Unnamed hardworking surveyor(s)","30","2","8.2",NA,NA,NA,NA,NA,NA,NA,NA,NA,NA,NA,NA,NA,NA,NA,NA,NA,NA,NA,NA,NA,NA,NA,NA,NA,NA,NA,NA,NA,NA,45.0981253430227,-93.1097768679474,NA,NA,NA,NA,NA,NA,FALSE,FALSE
"Ramsey County Parks and Recreation","alexis.lipstein@co.ramsey.mn.us","62004600","2023-08-18","3","2025-02-10 11:50:06.545556","Unnamed hardworking surveyor(s)","31",NA,"42.32",NA,NA,NA,NA,NA,NA,NA,NA,NA,NA,NA,NA,NA,NA,NA,NA,NA,NA,NA,NA,NA,NA,NA,NA,NA,NA,NA,NA,NA,NA,45.0972726682105,-93.1086452552813,NA,NA,NA,NA,NA,NA,FALSE,FALSE
"Ramsey County Parks and Recreation","alexis.lipstein@co.ramsey.mn.us","62004600","2023-08-18","3","2025-02-10 11:50:06.545556","Unnamed hardworking surveyor(s)","32",NA,"26.25",NA,NA,NA,NA,NA,NA,NA,NA,NA,NA,NA,NA,NA,NA,NA,NA,NA,NA,NA,NA,NA,NA,NA,NA,NA,NA,NA,NA,NA,NA,45.0964199838268,-93.1075136763039,NA,NA,NA,NA,NA,NA,FALSE,FALSE
"Ramsey County Parks and Recreation","alexis.lipstein@co.ramsey.mn.us","62004600","2023-08-18","3","2025-02-10 11:50:06.545556","Unnamed hardworking surveyor(s)","33",NA,"40.35",NA,NA,NA,NA,NA,NA,NA,NA,NA,NA,NA,NA,NA,NA,NA,NA,NA,NA,NA,NA,NA,NA,NA,NA,NA,NA,NA,NA,NA,NA,45.095567286272,-93.1063821310068,NA,NA,NA,NA,NA,NA,FALSE,FALSE
"Ramsey County Parks and Recreation","alexis.lipstein@co.ramsey.mn.us","62004600","2023-08-18","3","2025-02-10 11:50:06.545556","Unnamed hardworking surveyor(s)","34",NA,"37.73",NA,NA,NA,NA,NA,NA,NA,NA,NA,NA,NA,NA,NA,NA,NA,NA,NA,NA,NA,NA,NA,NA,NA,NA,NA,NA,NA,NA,NA,NA,45.0947145773473,-93.1052506193918,NA,NA,NA,NA,NA,NA,FALSE,FALSE
"Ramsey County Parks and Recreation","alexis.lipstein@co.ramsey.mn.us","62004600","2023-08-18","3","2025-02-10 11:50:06.545556","Unnamed hardworking surveyor(s)","35",NA,"10.83",NA,NA,NA,NA,NA,NA,NA,NA,NA,NA,NA,NA,NA,NA,NA,NA,NA,NA,NA,NA,NA,NA,NA,NA,NA,NA,NA,NA,NA,NA,45.093861857055,-93.1041191401864,NA,NA,NA,NA,NA,NA,FALSE,FALSE
"Ramsey County Parks and Recreation","alexis.lipstein@co.ramsey.mn.us","62004600","2023-08-18","3","2025-02-10 11:50:06.545556","Unnamed hardworking surveyor(s)","36",NA,"13.45",NA,NA,NA,NA,NA,NA,NA,NA,NA,NA,NA,NA,NA,NA,NA,NA,NA,"1",NA,NA,NA,NA,NA,NA,NA,NA,NA,NA,NA,NA,45.0930091271941,-93.1029876959342,NA,NA,NA,NA,NA,NA,FALSE,FALSE
"Ramsey County Parks and Recreation","alexis.lipstein@co.ramsey.mn.us","62004600","2023-08-18","3","2025-02-10 11:50:06.545556","Unnamed hardworking surveyor(s)","37",NA,"21",NA,NA,NA,NA,NA,NA,NA,NA,NA,NA,NA,NA,NA,NA,NA,NA,NA,NA,NA,NA,NA,NA,NA,NA,NA,NA,NA,NA,NA,NA,45.092156384166,-93.101856285356,NA,NA,NA,NA,NA,NA,FALSE,FALSE
"Ramsey County Parks and Recreation","alexis.lipstein@co.ramsey.mn.us","62004600","2023-08-18","3","2025-02-10 11:50:06.545556","Unnamed hardworking surveyor(s)","38",NA,"22.97",NA,NA,NA,NA,NA,NA,NA,NA,NA,NA,NA,NA,NA,NA,NA,NA,NA,NA,NA,NA,NA,NA,NA,NA,NA,NA,NA,NA,NA,NA,45.0913036297721,-93.1007249084535,NA,NA,NA,NA,NA,NA,FALSE,FALSE
"Ramsey County Parks and Recreation","alexis.lipstein@co.ramsey.mn.us","62004600","2023-08-18","3","2025-02-10 11:50:06.545556","Unnamed hardworking surveyor(s)","39",NA,"21.98",NA,NA,NA,NA,NA,NA,NA,NA,NA,NA,NA,NA,NA,NA,NA,NA,NA,NA,NA,NA,NA,NA,NA,NA,NA,NA,NA,NA,NA,NA,45.0904508649124,-93.0995935664977,NA,NA,NA,NA,NA,NA,FALSE,FALSE
"Ramsey County Parks and Recreation","alexis.lipstein@co.ramsey.mn.us","62004600","2023-08-18","3","2025-02-10 11:50:06.545556","Unnamed hardworking surveyor(s)","40",NA,"19.69",NA,NA,NA,NA,NA,NA,NA,NA,NA,NA,NA,NA,NA,NA,NA,NA,NA,NA,NA,NA,NA,NA,NA,NA,NA,NA,NA,NA,NA,NA,45.0895980886921,-93.098462254402,NA,NA,NA,NA,NA,NA,FALSE,FALSE
"Ramsey County Parks and Recreation","alexis.lipstein@co.ramsey.mn.us","62004600","2023-08-18","3","2025-02-10 11:50:06.545556","Unnamed hardworking surveyor(s)","41","2","1.97",NA,NA,NA,NA,NA,NA,NA,NA,NA,NA,NA,NA,NA,"1",NA,NA,NA,"1",NA,NA,NA,NA,NA,NA,NA,NA,NA,NA,NA,NA,45.0887453002055,-93.0973309797881,NA,NA,NA,NA,NA,NA,FALSE,FALSE
"Ramsey County Parks and Recreation","alexis.lipstein@co.ramsey.mn.us","62004600","2023-08-18","3","2025-02-10 11:50:06.545556","Unnamed hardworking surveyor(s)","42","1","4.92","1",NA,NA,"1",NA,NA,NA,NA,"1",NA,NA,NA,NA,"1",NA,NA,NA,"1",NA,NA,NA,NA,NA,NA,NA,NA,NA,NA,NA,NA,45.0997795057836,-93.1097046141278,NA,NA,NA,NA,NA,NA,FALSE,FALSE
"Ramsey County Parks and Recreation","alexis.lipstein@co.ramsey.mn.us","62004600","2023-08-18","3","2025-02-10 11:50:06.545556","Unnamed hardworking surveyor(s)","43","1","3.94",NA,NA,NA,NA,NA,"1",NA,NA,NA,NA,NA,NA,NA,"1",NA,NA,NA,"1",NA,NA,NA,"1",NA,NA,NA,NA,NA,NA,NA,NA,45.0989268305358,-93.1085729672736,NA,NA,NA,NA,NA,NA,FALSE,FALSE
"Ramsey County Parks and Recreation","alexis.lipstein@co.ramsey.mn.us","62004600","2023-08-18","3","2025-02-10 11:50:06.545556","Unnamed hardworking surveyor(s)","44","1","11.81",NA,NA,NA,NA,NA,"1",NA,NA,NA,NA,NA,NA,NA,NA,NA,NA,NA,NA,NA,NA,NA,NA,NA,NA,NA,NA,NA,NA,NA,NA,45.0980741448121,-93.1074413579222,NA,NA,NA,NA,NA,NA,FALSE,FALSE
"Ramsey County Parks and Recreation","alexis.lipstein@co.ramsey.mn.us","62004600","2023-08-18","3","2025-02-10 11:50:06.545556","Unnamed hardworking surveyor(s)","45",NA,"24.28",NA,NA,NA,NA,NA,NA,NA,NA,NA,NA,NA,NA,NA,NA,NA,NA,NA,NA,NA,NA,NA,NA,NA,NA,NA,NA,NA,NA,NA,NA,45.0955160176211,-93.1040467268941,NA,NA,NA,NA,NA,NA,FALSE,FALSE
"Ramsey County Parks and Recreation","alexis.lipstein@co.ramsey.mn.us","62004600","2023-08-18","3","2025-02-10 11:50:06.545556","Unnamed hardworking surveyor(s)","46",NA,"8.2",NA,NA,NA,NA,NA,NA,NA,NA,NA,NA,NA,NA,NA,NA,NA,NA,NA,NA,NA,NA,NA,NA,NA,NA,NA,NA,NA,NA,NA,NA,45.0946632864189,-93.1029152510087,NA,NA,NA,NA,NA,NA,FALSE,FALSE
"Ramsey County Parks and Recreation","alexis.lipstein@co.ramsey.mn.us","62004600","2023-08-18","3","2025-02-10 11:50:06.545556","Unnamed hardworking surveyor(s)","47",NA,"32.48",NA,NA,NA,NA,NA,NA,NA,NA,NA,NA,NA,NA,NA,NA,NA,NA,NA,NA,NA,NA,NA,NA,NA,NA,NA,NA,NA,NA,NA,NA,45.0938105429492,-93.1017838088018,NA,NA,NA,NA,NA,NA,FALSE,FALSE
"Ramsey County Parks and Recreation","alexis.lipstein@co.ramsey.mn.us","62004600","2023-08-18","3","2025-02-10 11:50:06.545556","Unnamed hardworking surveyor(s)","48",NA,"27.89",NA,NA,NA,NA,NA,NA,NA,NA,NA,NA,NA,NA,NA,NA,NA,NA,NA,NA,NA,NA,NA,NA,NA,NA,NA,NA,NA,NA,NA,NA,45.0929577890132,-93.1006524002752,NA,NA,NA,NA,NA,NA,FALSE,FALSE
"Ramsey County Parks and Recreation","alexis.lipstein@co.ramsey.mn.us","62004600","2023-08-18","3","2025-02-10 11:50:06.545556","Unnamed hardworking surveyor(s)","49",NA,"26.9",NA,NA,NA,NA,NA,NA,NA,NA,NA,NA,NA,NA,NA,NA,NA,NA,NA,NA,NA,NA,NA,NA,NA,NA,NA,NA,NA,NA,NA,NA,45.0921050237118,-93.0995210254256,NA,NA,NA,NA,NA,NA,FALSE,FALSE
"Ramsey County Parks and Recreation","alexis.lipstein@co.ramsey.mn.us","62004600","2023-08-18","3","2025-02-10 11:50:06.545556","Unnamed hardworking surveyor(s)","50",NA,"23.62",NA,NA,NA,NA,NA,NA,NA,NA,NA,NA,NA,NA,NA,NA,NA,NA,NA,NA,NA,NA,NA,NA,NA,NA,NA,NA,NA,NA,NA,NA,45.0912522461469,-93.0983896829792,NA,NA,NA,NA,NA,NA,FALSE,FALSE
"Ramsey County Parks and Recreation","alexis.lipstein@co.ramsey.mn.us","62004600","2023-08-18","3","2025-02-10 11:50:06.545556","Unnamed hardworking surveyor(s)","51",NA,"16.4",NA,NA,NA,NA,NA,NA,NA,NA,NA,NA,NA,NA,NA,NA,NA,NA,NA,NA,NA,NA,NA,NA,NA,NA,NA,NA,NA,NA,NA,NA,45.0903994590177,-93.0972583754805,NA,NA,NA,NA,NA,NA,FALSE,FALSE
"Ramsey County Parks and Recreation","alexis.lipstein@co.ramsey.mn.us","62004600","2023-08-18","3","2025-02-10 11:50:06.545556","Unnamed hardworking surveyor(s)","52","1","12.47",NA,NA,NA,NA,NA,NA,NA,NA,NA,NA,NA,NA,NA,NA,NA,NA,NA,NA,NA,NA,NA,NA,NA,NA,NA,NA,NA,NA,NA,NA,45.100580992337,-93.1085006764525,NA,NA,NA,NA,NA,NA,FALSE,FALSE
"Ramsey County Parks and Recreation","alexis.lipstein@co.ramsey.mn.us","62004600","2023-08-18","3","2025-02-10 11:50:06.545556","Unnamed hardworking surveyor(s)","53",NA,"13.12",NA,NA,NA,NA,NA,NA,NA,NA,NA,NA,NA,NA,NA,NA,NA,NA,NA,"1",NA,NA,NA,NA,NA,NA,NA,NA,NA,NA,NA,NA,45.0997283061758,-93.1073690341842,NA,NA,NA,NA,NA,NA,FALSE,FALSE
"Ramsey County Parks and Recreation","alexis.lipstein@co.ramsey.mn.us","62004600","2023-08-18","3","2025-02-10 11:50:06.545556","Unnamed hardworking surveyor(s)","54","1","2.95",NA,NA,NA,"1","1","1",NA,NA,"1","v",NA,NA,NA,NA,NA,NA,NA,"1",NA,NA,NA,NA,NA,NA,NA,NA,NA,NA,NA,NA,45.0988756086426,-93.1062374256055,NA,NA,NA,NA,NA,NA,FALSE,FALSE
"Ramsey County Parks and Recreation","alexis.lipstein@co.ramsey.mn.us","62004600","2023-08-18","3","2025-02-10 11:50:06.545556","Unnamed hardworking surveyor(s)","55",NA,"15.75",NA,NA,NA,NA,NA,NA,NA,NA,NA,NA,NA,NA,NA,NA,NA,NA,NA,NA,NA,NA,NA,NA,NA,NA,NA,NA,NA,NA,NA,NA,45.096317446023,-93.1028427994453,NA,NA,NA,NA,NA,NA,FALSE,FALSE
"Ramsey County Parks and Recreation","alexis.lipstein@co.ramsey.mn.us","62004600","2023-08-18","3","2025-02-10 11:50:06.545556","Unnamed hardworking surveyor(s)","56",NA,"30.84",NA,NA,NA,NA,NA,NA,NA,NA,NA,NA,NA,NA,NA,NA,NA,NA,NA,NA,NA,NA,NA,NA,NA,NA,NA,NA,NA,NA,NA,NA,45.0954647030117,-93.1017113256088,NA,NA,NA,NA,NA,NA,FALSE,FALSE
"Ramsey County Parks and Recreation","alexis.lipstein@co.ramsey.mn.us","62004600","2023-08-18","3","2025-02-10 11:50:06.545556","Unnamed hardworking surveyor(s)","57",NA,"27.89",NA,NA,NA,NA,NA,NA,NA,NA,NA,NA,NA,NA,NA,NA,NA,NA,NA,NA,NA,NA,NA,NA,NA,NA,NA,NA,NA,NA,NA,NA,45.0946119468319,-93.1005798867215,NA,NA,NA,NA,NA,NA,FALSE,FALSE
"Ramsey County Parks and Recreation","alexis.lipstein@co.ramsey.mn.us","62004600","2023-08-18","3","2025-02-10 11:50:06.545556","Unnamed hardworking surveyor(s)","58",NA,"14.76",NA,NA,NA,NA,NA,NA,NA,NA,NA,NA,NA,NA,NA,NA,NA,NA,NA,NA,NA,NA,NA,NA,NA,NA,NA,NA,NA,NA,NA,NA,45.0937591810876,-93.0994484802465,NA,NA,NA,NA,NA,NA,FALSE,FALSE
"Ramsey County Parks and Recreation","alexis.lipstein@co.ramsey.mn.us","62004600","2023-08-18","3","2025-02-10 11:50:06.545556","Unnamed hardworking surveyor(s)","59",NA,"27.23",NA,NA,NA,NA,NA,NA,NA,NA,NA,NA,NA,NA,NA,NA,NA,NA,NA,NA,NA,NA,NA,NA,NA,NA,NA,NA,NA,NA,NA,NA,45.0929064030781,-93.0983171074482,NA,NA,NA,NA,NA,NA,FALSE,FALSE
"Ramsey County Parks and Recreation","alexis.lipstein@co.ramsey.mn.us","62004600","2023-08-18","3","2025-02-10 11:50:06.545556","Unnamed hardworking surveyor(s)","60",NA,"22.31",NA,NA,NA,NA,NA,NA,NA,NA,NA,NA,NA,NA,NA,NA,NA,NA,NA,NA,NA,NA,NA,NA,NA,NA,NA,NA,NA,NA,NA,NA,45.0920536155048,-93.0971857683299,NA,NA,NA,NA,NA,NA,FALSE,FALSE
"Ramsey County Parks and Recreation","alexis.lipstein@co.ramsey.mn.us","62004600","2023-08-18","3","2025-02-10 11:50:06.545556","Unnamed hardworking surveyor(s)","61",NA,"11.48",NA,NA,NA,NA,NA,"*",NA,NA,NA,NA,NA,NA,NA,NA,NA,NA,NA,NA,NA,NA,NA,NA,NA,NA,NA,NA,NA,NA,NA,NA,45.0912008156684,-93.0960544628852,NA,NA,NA,NA,NA,NA,FALSE,FALSE
"Ramsey County Parks and Recreation","alexis.lipstein@co.ramsey.mn.us","62004600","2023-08-18","3","2025-02-10 11:50:06.545556","Unnamed hardworking surveyor(s)","62","1","1.64",NA,NA,NA,"2","2","1",NA,NA,NA,NA,NA,NA,NA,NA,NA,NA,NA,"2",NA,NA,NA,"1",NA,NA,NA,NA,NA,NA,"1",NA,45.1022351536153,-93.1084283815464,NA,NA,NA,NA,NA,NA,FALSE,FALSE
"Ramsey County Parks and Recreation","alexis.lipstein@co.ramsey.mn.us","62004600","2023-08-18","3","2025-02-10 11:50:06.545556","Unnamed hardworking surveyor(s)","63",NA,"11.81",NA,NA,NA,NA,NA,NA,NA,NA,NA,NA,NA,NA,NA,NA,NA,NA,NA,NA,NA,NA,NA,NA,NA,NA,NA,NA,NA,NA,NA,NA,45.1013824661152,-93.107296707628,NA,NA,NA,NA,NA,NA,FALSE,FALSE
"Ramsey County Parks and Recreation","alexis.lipstein@co.ramsey.mn.us","62004600","2023-08-18","3","2025-02-10 11:50:06.545556","Unnamed hardworking surveyor(s)","64",NA,"30.84",NA,NA,NA,NA,NA,NA,NA,NA,NA,NA,NA,NA,NA,NA,NA,NA,NA,NA,NA,NA,NA,NA,NA,NA,NA,NA,NA,NA,NA,NA,45.0971188616484,-93.1016388408552,NA,NA,NA,NA,NA,NA,FALSE,FALSE
"Ramsey County Parks and Recreation","alexis.lipstein@co.ramsey.mn.us","62004600","2023-08-18","3","2025-02-10 11:50:06.545556","Unnamed hardworking surveyor(s)","65",NA,"9""7",NA,NA,NA,NA,NA,NA,NA,NA,NA,NA,NA,NA,NA,NA,NA,NA,NA,NA,NA,NA,NA,NA,NA,NA,NA,NA,NA,NA,NA,NA,45.0962661059275,-93.1005073690675,NA,NA,NA,NA,NA,NA,FALSE,FALSE
"Ramsey County Parks and Recreation","alexis.lipstein@co.ramsey.mn.us","62004600","2023-08-18","3","2025-02-10 11:50:06.545556","Unnamed hardworking surveyor(s)","66",NA,"25.26",NA,NA,NA,NA,NA,NA,NA,NA,NA,NA,NA,NA,NA,NA,NA,NA,NA,NA,NA,NA,NA,NA,NA,NA,NA,NA,NA,NA,NA,NA,45.09541333884,-93.0993759309628,NA,NA,NA,NA,NA,NA,FALSE,FALSE
"Ramsey County Parks and Recreation","alexis.lipstein@co.ramsey.mn.us","62004600","2023-08-18","3","2025-02-10 11:50:06.545556","Unnamed hardworking surveyor(s)","67",NA,"17.39",NA,NA,NA,NA,NA,NA,NA,NA,NA,NA,NA,NA,NA,NA,NA,NA,NA,NA,NA,NA,NA,NA,NA,NA,NA,NA,NA,NA,NA,NA,45.0945605603858,-93.0982445278102,NA,NA,NA,NA,NA,NA,FALSE,FALSE
"Ramsey County Parks and Recreation","alexis.lipstein@co.ramsey.mn.us","62004600","2023-08-18","3","2025-02-10 11:50:06.545556","Unnamed hardworking surveyor(s)","68",NA,"17.06",NA,NA,NA,NA,NA,NA,NA,NA,NA,NA,NA,NA,NA,NA,NA,NA,NA,NA,NA,NA,NA,NA,NA,NA,NA,NA,NA,NA,NA,NA,45.0937077714704,-93.0971131545263,NA,NA,NA,NA,NA,NA,FALSE,FALSE
"Ramsey County Parks and Recreation","alexis.lipstein@co.ramsey.mn.us","62004600","2023-08-18","3","2025-02-10 11:50:06.545556","Unnamed hardworking surveyor(s)","69","1","5.58",NA,NA,NA,NA,NA,NA,NA,NA,NA,NA,NA,NA,NA,NA,NA,NA,NA,NA,NA,NA,NA,NA,NA,NA,NA,NA,NA,NA,NA,NA,45.092854971188,-93.0959818187331,NA,NA,NA,NA,NA,NA,FALSE,FALSE
"Ramsey County Parks and Recreation","alexis.lipstein@co.ramsey.mn.us","62004600","2023-08-18","3","2025-02-10 11:50:06.545556","Unnamed hardworking surveyor(s)","70","2","1.31",NA,"v",NA,"1","1","1",NA,NA,"1",NA,NA,NA,NA,"1",NA,NA,NA,"2",NA,NA,NA,"1",NA,NA,NA,NA,NA,NA,"1",NA,45.1030366264342,-93.1072243744432,NA,NA,NA,NA,NA,NA,FALSE,FALSE
"Ramsey County Parks and Recreation","alexis.lipstein@co.ramsey.mn.us","62004600","2023-08-18","3","2025-02-10 11:50:06.545556","Unnamed hardworking surveyor(s)","71","1","4.27","1",NA,NA,"1","2","1",NA,NA,"1",NA,NA,NA,NA,NA,NA,NA,NA,"1",NA,NA,NA,NA,NA,NA,NA,NA,NA,NA,NA,NA,45.1021839271208,-93.1060927038401,NA,NA,NA,NA,NA,NA,FALSE,FALSE
"Ramsey County Parks and Recreation","alexis.lipstein@co.ramsey.mn.us","62004600","2023-08-18","3","2025-02-10 11:50:06.545556","Unnamed hardworking surveyor(s)","72",NA,"28.22",NA,NA,NA,NA,NA,NA,NA,NA,NA,NA,NA,NA,NA,NA,NA,NA,NA,NA,NA,NA,NA,NA,NA,NA,NA,NA,NA,NA,NA,NA,45.0979202635972,-93.1004348498499,NA,NA,NA,NA,NA,NA,FALSE,FALSE
"Ramsey County Parks and Recreation","alexis.lipstein@co.ramsey.mn.us","62004600","2023-08-18","3","2025-02-10 11:50:06.545556","Unnamed hardworking surveyor(s)","73",NA,"28.22",NA,NA,NA,NA,NA,NA,NA,NA,NA,NA,NA,NA,NA,NA,NA,NA,NA,NA,NA,NA,NA,NA,NA,NA,NA,NA,NA,NA,NA,NA,45.097067496968,-93.099303378845,NA,NA,NA,NA,NA,NA,FALSE,FALSE
"Ramsey County Parks and Recreation","alexis.lipstein@co.ramsey.mn.us","62004600","2023-08-18","3","2025-02-10 11:50:06.545556","Unnamed hardworking surveyor(s)","74",NA,"27.89",NA,NA,NA,NA,NA,NA,NA,NA,NA,NA,NA,NA,NA,NA,NA,NA,NA,NA,NA,NA,NA,NA,NA,NA,NA,NA,NA,NA,NA,NA,45.096214717171,-93.0981719427921,NA,NA,NA,NA,NA,NA,FALSE,FALSE
"Ramsey County Parks and Recreation","alexis.lipstein@co.ramsey.mn.us","62004600","2023-08-18","3","2025-02-10 11:50:06.545556","Unnamed hardworking surveyor(s)","75",NA,"22.64",NA,NA,NA,NA,NA,NA,NA,NA,NA,NA,NA,NA,NA,NA,NA,NA,NA,NA,NA,NA,NA,NA,NA,NA,NA,NA,NA,NA,NA,NA,45.095361926909,-93.0970405404234,NA,NA,NA,NA,NA,NA,FALSE,FALSE
"Ramsey County Parks and Recreation","alexis.lipstein@co.ramsey.mn.us","62004600","2023-08-18","3","2025-02-10 11:50:06.545556","Unnamed hardworking surveyor(s)","76",NA,"7.55",NA,NA,NA,NA,NA,NA,NA,NA,NA,NA,NA,NA,NA,"1",NA,NA,NA,NA,NA,NA,NA,NA,NA,NA,NA,NA,NA,NA,NA,NA,45.0945091261839,-93.0959091704664,NA,NA,NA,NA,NA,NA,FALSE,FALSE
"Ramsey County Parks and Recreation","alexis.lipstein@co.ramsey.mn.us","62004600","2023-08-18","3","2025-02-10 11:50:06.545556","Unnamed hardworking surveyor(s)","77","2","4.59",NA,NA,NA,NA,NA,NA,NA,NA,NA,NA,NA,NA,NA,NA,NA,NA,NA,"2",NA,NA,NA,NA,NA,NA,NA,NA,NA,NA,NA,NA,45.0936563140945,-93.0947778354597,NA,NA,NA,NA,NA,NA,FALSE,FALSE
"Ramsey County Parks and Recreation","alexis.lipstein@co.ramsey.mn.us","62004600","2023-08-18","3","2025-02-10 11:50:06.545556","Unnamed hardworking surveyor(s)","78","1","2.62",NA,NA,"v","1","2",NA,NA,NA,"v",NA,NA,NA,NA,NA,NA,NA,NA,"1",NA,NA,NA,"1",NA,NA,NA,NA,NA,NA,"1",NA,45.1021326537552,-93.1037570302267,NA,NA,NA,NA,NA,NA,FALSE,FALSE
"Ramsey County Parks and Recreation","alexis.lipstein@co.ramsey.mn.us","62004600","2023-08-18","3","2025-02-10 11:50:06.545556","Unnamed hardworking surveyor(s)","79",NA,"27.89",NA,NA,NA,NA,NA,NA,NA,NA,NA,NA,NA,NA,NA,NA,NA,NA,NA,NA,NA,NA,NA,NA,NA,NA,NA,NA,NA,NA,NA,NA,45.098721652772,-93.0992308226169,NA,NA,NA,NA,NA,NA,FALSE,FALSE
"Ramsey County Parks and Recreation","alexis.lipstein@co.ramsey.mn.us","62004600","2023-08-18","3","2025-02-10 11:50:06.545556","Unnamed hardworking surveyor(s)","80",NA,"29.53",NA,NA,NA,NA,NA,NA,NA,NA,NA,NA,NA,NA,NA,NA,NA,NA,NA,NA,NA,NA,NA,NA,NA,NA,NA,NA,NA,NA,NA,NA,45.0978688743317,-93.0980993549366,NA,NA,NA,NA,NA,NA,FALSE,FALSE
"Ramsey County Parks and Recreation","alexis.lipstein@co.ramsey.mn.us","62004600","2023-08-18","3","2025-02-10 11:50:06.545556","Unnamed hardworking surveyor(s)","81",NA,"33.14",NA,NA,NA,NA,NA,NA,NA,NA,NA,NA,NA,NA,NA,NA,NA,NA,NA,NA,NA,NA,NA,NA,NA,NA,NA,NA,NA,NA,NA,NA,45.0970160827251,-93.0969679209388,NA,NA,NA,NA,NA,NA,FALSE,FALSE
"Ramsey County Parks and Recreation","alexis.lipstein@co.ramsey.mn.us","62004600","2023-08-18","3","2025-02-10 11:50:06.545556","Unnamed hardworking surveyor(s)","82",NA,"30.51",NA,NA,NA,NA,NA,NA,NA,NA,NA,NA,NA,NA,NA,NA,NA,NA,NA,NA,NA,NA,NA,NA,NA,NA,NA,NA,NA,NA,NA,NA,45.0961632815541,-93.0958365206279,NA,NA,NA,NA,NA,NA,FALSE,FALSE
"Ramsey County Parks and Recreation","alexis.lipstein@co.ramsey.mn.us","62004600","2023-08-18","3","2025-02-10 11:50:06.545556","Unnamed hardworking surveyor(s)","83","3","6.56",NA,NA,NA,NA,NA,NA,NA,NA,NA,NA,NA,NA,NA,NA,NA,NA,NA,NA,NA,NA,NA,NA,NA,NA,NA,NA,NA,NA,NA,NA,45.0953104681189,-93.0947051539979,NA,NA,NA,NA,NA,NA,FALSE,FALSE
"Ramsey County Parks and Recreation","alexis.lipstein@co.ramsey.mn.us","62004600","2023-08-18","3","2025-02-10 11:50:06.545556","Unnamed hardworking surveyor(s)","84","1","2.62",NA,NA,NA,NA,NA,"1",NA,NA,NA,NA,NA,NA,NA,"1",NA,NA,NA,"1",NA,NA,NA,NA,NA,NA,NA,NA,NA,NA,NA,NA,45.0944576451224,-93.0935738197808,NA,NA,NA,NA,NA,"1",FALSE,FALSE
"Ramsey County Parks and Recreation","alexis.lipstein@co.ramsey.mn.us","62004600","2023-08-18","3","2025-02-10 11:50:06.545556","Unnamed hardworking surveyor(s)","85","2","4.27",NA,NA,NA,NA,NA,NA,NA,NA,NA,NA,NA,NA,NA,NA,NA,NA,NA,NA,NA,NA,NA,NA,NA,NA,NA,NA,NA,NA,NA,NA,45.1012285755704,-93.1002897940137,NA,NA,NA,NA,NA,NA,FALSE,FALSE
"Ramsey County Parks and Recreation","alexis.lipstein@co.ramsey.mn.us","62004600","2023-08-18","3","2025-02-10 11:50:06.545556","Unnamed hardworking surveyor(s)","86",NA,"23.95",NA,NA,NA,NA,NA,NA,NA,NA,NA,NA,NA,NA,NA,NA,NA,NA,NA,NA,NA,NA,NA,NA,NA,NA,NA,NA,NA,NA,NA,NA,45.1003758080536,-93.0991582610103,NA,NA,NA,NA,NA,NA,FALSE,FALSE
"Ramsey County Parks and Recreation","alexis.lipstein@co.ramsey.mn.us","62004600","2023-08-18","3","2025-02-10 11:50:06.545556","Unnamed hardworking surveyor(s)","87",NA,"28.54",NA,NA,NA,NA,NA,NA,NA,NA,NA,NA,NA,NA,NA,NA,NA,NA,NA,NA,NA,NA,NA,NA,NA,NA,NA,NA,NA,NA,NA,NA,45.0995230291684,-93.0980267629678,NA,NA,NA,NA,NA,NA,FALSE,FALSE
"Ramsey County Parks and Recreation","alexis.lipstein@co.ramsey.mn.us","62004600","2023-08-18","3","2025-02-10 11:50:06.545556","Unnamed hardworking surveyor(s)","88",NA,"29.86",NA,NA,NA,NA,NA,NA,NA,NA,NA,NA,NA,NA,NA,NA,NA,NA,NA,NA,NA,NA,NA,NA,NA,NA,NA,NA,NA,NA,NA,NA,45.0986702380175,-93.0968952973413,NA,NA,NA,NA,NA,NA,FALSE,FALSE
"Ramsey County Parks and Recreation","alexis.lipstein@co.ramsey.mn.us","62004600","2023-08-18","3","2025-02-10 11:50:06.545556","Unnamed hardworking surveyor(s)","89",NA,"34.78",NA,NA,NA,NA,NA,NA,NA,NA,NA,NA,NA,NA,NA,NA,NA,NA,NA,NA,NA,NA,NA,NA,NA,NA,NA,NA,NA,NA,NA,NA,45.0978174355023,-93.0957638641306,NA,NA,NA,NA,NA,NA,FALSE,FALSE
"Ramsey County Parks and Recreation","alexis.lipstein@co.ramsey.mn.us","62004600","2023-08-18","3","2025-02-10 11:50:06.545556","Unnamed hardworking surveyor(s)","90",NA,"35.76",NA,NA,NA,NA,NA,NA,NA,NA,NA,NA,NA,NA,NA,NA,NA,NA,NA,NA,NA,NA,NA,NA,NA,NA,NA,NA,NA,NA,NA,NA,45.0969646216216,-93.0946324658762,NA,NA,NA,NA,NA,NA,FALSE,FALSE
"Ramsey County Parks and Recreation","alexis.lipstein@co.ramsey.mn.us","62004600","2023-08-18","3","2025-02-10 11:50:06.545556","Unnamed hardworking surveyor(s)","91",NA,"8.2",NA,NA,NA,NA,NA,NA,NA,NA,NA,NA,NA,NA,NA,NA,NA,NA,NA,NA,NA,NA,NA,NA,NA,NA,NA,NA,NA,NA,NA,NA,45.0961117981777,-93.0935011013084,NA,NA,NA,NA,NA,NA,FALSE,FALSE
"Ramsey County Parks and Recreation","alexis.lipstein@co.ramsey.mn.us","62004600","2023-08-18","3","2025-02-10 11:50:06.545556","Unnamed hardworking surveyor(s)","92","1","2.62",NA,NA,NA,NA,NA,"1",NA,NA,NA,"1",NA,NA,NA,"1",NA,NA,NA,NA,NA,NA,NA,NA,NA,NA,NA,NA,NA,NA,NA,NA,45.095258961571,-93.0923697704198,NA,NA,NA,NA,NA,"1",FALSE,FALSE
"Ramsey County Parks and Recreation","alexis.lipstein@co.ramsey.mn.us","62004600","2023-08-18","3","2025-02-10 11:50:06.545556","Unnamed hardworking surveyor(s)","93",NA,"8.53","1",NA,NA,NA,NA,NA,NA,NA,NA,NA,NA,NA,NA,NA,NA,NA,NA,NA,NA,NA,NA,NA,NA,NA,NA,NA,NA,NA,NA,NA,45.1020299628105,-93.0990856965664,NA,NA,NA,NA,NA,NA,FALSE,FALSE
"Ramsey County Parks and Recreation","alexis.lipstein@co.ramsey.mn.us","62004600","2023-08-18","3","2025-02-10 11:50:06.545556","Unnamed hardworking surveyor(s)","94",NA,"7,1",NA,NA,NA,NA,NA,NA,NA,NA,NA,NA,NA,NA,NA,NA,NA,NA,NA,NA,NA,NA,NA,NA,NA,NA,NA,NA,NA,NA,NA,NA,45.1011771843826,-93.0979541656187,NA,NA,NA,NA,NA,NA,FALSE,FALSE
"Ramsey County Parks and Recreation","alexis.lipstein@co.ramsey.mn.us","62004600","2023-08-18","3","2025-02-10 11:50:06.545556","Unnamed hardworking surveyor(s)","95",NA,"28.22",NA,NA,NA,NA,NA,NA,NA,NA,NA,NA,NA,NA,NA,NA,NA,NA,NA,NA,NA,NA,NA,NA,NA,NA,NA,NA,NA,NA,NA,NA,45.1003243927873,-93.0968226683593,NA,NA,NA,NA,NA,NA,FALSE,FALSE
"Ramsey County Parks and Recreation","alexis.lipstein@co.ramsey.mn.us","62004600","2023-08-18","3","2025-02-10 11:50:06.545556","Unnamed hardworking surveyor(s)","96",NA,"31.82",NA,NA,NA,NA,NA,NA,NA,NA,NA,NA,NA,NA,NA,NA,NA,NA,NA,NA,NA,NA,NA,NA,NA,NA,NA,NA,NA,NA,NA,NA,45.0994715898259,-93.0956912047896,NA,NA,NA,NA,NA,NA,FALSE,FALSE
"Ramsey County Parks and Recreation","alexis.lipstein@co.ramsey.mn.us","62004600","2023-08-18","3","2025-02-10 11:50:06.545556","Unnamed hardworking surveyor(s)","97",NA,"36.09",NA,NA,NA,NA,NA,NA,NA,NA,NA,NA,NA,NA,NA,NA,NA,NA,NA,NA,NA,NA,NA,NA,NA,NA,NA,NA,NA,NA,NA,NA,45.0986187754984,-93.0945597761791,NA,NA,NA,NA,NA,NA,FALSE,FALSE
"Ramsey County Parks and Recreation","alexis.lipstein@co.ramsey.mn.us","62004600","2023-08-18","3","2025-02-10 11:50:06.545556","Unnamed hardworking surveyor(s)","98",NA,"33.14",NA,NA,NA,NA,NA,NA,NA,NA,NA,NA,NA,NA,NA,NA,NA,NA,NA,NA,NA,NA,NA,NA,NA,NA,NA,NA,NA,NA,NA,NA,45.09776594981,-93.0934283774423,NA,NA,NA,NA,NA,NA,FALSE,FALSE
"Ramsey County Parks and Recreation","alexis.lipstein@co.ramsey.mn.us","62004600","2023-08-18","3","2025-02-10 11:50:06.545556","Unnamed hardworking surveyor(s)","99",NA,"26.57",NA,NA,NA,NA,NA,NA,NA,NA,NA,NA,NA,NA,NA,NA,NA,NA,NA,NA,NA,NA,NA,NA,NA,NA,NA,NA,NA,NA,NA,NA,45.0969131145557,-93.0922970162063,NA,NA,NA,NA,NA,NA,FALSE,FALSE
"Ramsey County Parks and Recreation","alexis.lipstein@co.ramsey.mn.us","62004600","2023-08-18","3","2025-02-10 11:50:06.545556","Unnamed hardworking surveyor(s)","100",NA,"16.4",NA,NA,NA,NA,NA,NA,NA,NA,NA,NA,NA,NA,NA,NA,NA,NA,NA,NA,NA,NA,NA,NA,NA,NA,NA,NA,NA,NA,NA,NA,45.09606026614,-93.0911656873798,NA,NA,NA,NA,NA,NA,FALSE,FALSE
"Ramsey County Parks and Recreation","alexis.lipstein@co.ramsey.mn.us","62004600","2023-08-18","3","2025-02-10 11:50:06.545556","Unnamed hardworking surveyor(s)","101","2","3.28",NA,NA,NA,NA,NA,NA,NA,NA,NA,NA,NA,NA,NA,NA,NA,NA,NA,"1",NA,NA,NA,NA,NA,NA,NA,NA,NA,NA,NA,NA,45.0952074063643,-93.0900343909642,NA,NA,NA,NA,NA,NA,FALSE,FALSE
"Ramsey County Parks and Recreation","alexis.lipstein@co.ramsey.mn.us","62004600","2023-08-18","3","2025-02-10 11:50:06.545556","Unnamed hardworking surveyor(s)","102","1","7.55",NA,NA,NA,NA,NA,NA,NA,NA,NA,NA,NA,NA,NA,NA,NA,NA,NA,NA,NA,NA,NA,NA,NA,NA,NA,NA,NA,NA,NA,NA,45.1028313372718,-93.0978815654262,NA,NA,NA,NA,NA,NA,FALSE,FALSE
"Ramsey County Parks and Recreation","alexis.lipstein@co.ramsey.mn.us","62004600","2023-08-18","3","2025-02-10 11:50:06.545556","Unnamed hardworking surveyor(s)","103",NA,"20.67",NA,NA,NA,NA,NA,NA,NA,NA,NA,NA,NA,NA,NA,NA,NA,NA,NA,NA,NA,NA,NA,NA,NA,NA,NA,NA,NA,NA,NA,NA,45.1019785470323,-93.0967500365343,NA,NA,NA,NA,NA,NA,FALSE,FALSE
"Ramsey County Parks and Recreation","alexis.lipstein@co.ramsey.mn.us","62004600","2023-08-18","3","2025-02-10 11:50:06.545556","Unnamed hardworking surveyor(s)","104",NA,"22.97",NA,NA,NA,NA,NA,NA,NA,NA,NA,NA,NA,NA,NA,NA,NA,NA,NA,NA,NA,NA,NA,NA,NA,NA,NA,NA,NA,NA,NA,NA,45.1011257445259,-93.0956185413335,NA,NA,NA,NA,NA,NA,FALSE,FALSE
"Ramsey County Parks and Recreation","alexis.lipstein@co.ramsey.mn.us","62004600","2023-08-18","3","2025-02-10 11:50:06.545556","Unnamed hardworking surveyor(s)","105",NA,"28.22",NA,NA,NA,NA,NA,NA,NA,NA,NA,NA,NA,NA,NA,NA,NA,NA,NA,NA,NA,NA,NA,NA,NA,NA,NA,NA,NA,NA,NA,NA,45.1002729288535,-93.0944870798208,NA,NA,NA,NA,NA,NA,FALSE,FALSE
"Ramsey County Parks and Recreation","alexis.lipstein@co.ramsey.mn.us","62004600","2023-08-18","3","2025-02-10 11:50:06.545556","Unnamed hardworking surveyor(s)","106",NA,"35.1",NA,NA,NA,NA,NA,NA,NA,NA,NA,NA,NA,NA,NA,NA,NA,NA,NA,NA,NA,NA,NA,NA,NA,NA,NA,NA,NA,NA,NA,NA,45.0994201027176,-93.0933556507281,NA,NA,NA,NA,NA,NA,FALSE,FALSE
"Ramsey County Parks and Recreation","alexis.lipstein@co.ramsey.mn.us","62004600","2023-08-18","3","2025-02-10 11:50:06.545556","Unnamed hardworking surveyor(s)","107",NA,"31.82",NA,NA,NA,NA,NA,NA,NA,NA,NA,NA,NA,NA,NA,NA,NA,NA,NA,NA,NA,NA,NA,NA,NA,NA,NA,NA,NA,NA,NA,NA,45.0985672661172,-93.0922242565958,NA,NA,NA,NA,NA,NA,FALSE,FALSE
"Ramsey County Parks and Recreation","alexis.lipstein@co.ramsey.mn.us","62004600","2023-08-18","3","2025-02-10 11:50:06.545556","Unnamed hardworking surveyor(s)","108",NA,"27.56",NA,NA,NA,NA,NA,NA,NA,NA,NA,NA,NA,NA,NA,NA,NA,NA,NA,NA,NA,NA,NA,NA,NA,NA,NA,NA,NA,NA,NA,NA,45.0977144172539,-93.0910928961483,NA,NA,NA,NA,NA,NA,FALSE,FALSE
"Ramsey County Parks and Recreation","alexis.lipstein@co.ramsey.mn.us","62004600","2023-08-18","3","2025-02-10 11:50:06.545556","Unnamed hardworking surveyor(s)","109",NA,"24.61",NA,NA,NA,NA,NA,NA,NA,NA,NA,NA,NA,NA,NA,NA,NA,NA,NA,NA,NA,NA,NA,NA,NA,NA,NA,NA,NA,NA,NA,NA,45.0968615579281,-93.0899615706579,NA,NA,NA,NA,NA,NA,FALSE,FALSE
"Ramsey County Parks and Recreation","alexis.lipstein@co.ramsey.mn.us","62004600","2023-08-18","3","2025-02-10 11:50:06.545556","Unnamed hardworking surveyor(s)","110",NA,"11.81",NA,NA,NA,NA,NA,NA,NA,NA,NA,NA,NA,NA,NA,NA,NA,NA,NA,NA,NA,NA,NA,NA,NA,NA,NA,NA,NA,NA,NA,NA,45.0960086863444,-93.0888302750365,NA,NA,NA,NA,NA,NA,FALSE,FALSE
"Ramsey County Parks and Recreation","alexis.lipstein@co.ramsey.mn.us","62004600","2023-08-18","3","2025-02-10 11:50:06.545556","Unnamed hardworking surveyor(s)","111","2","4.27",NA,NA,NA,NA,NA,NA,NA,NA,NA,NA,NA,NA,NA,NA,NA,NA,NA,NA,NA,NA,NA,NA,NA,NA,NA,NA,NA,NA,NA,NA,45.1036326998555,-93.0966773980511,NA,NA,NA,NA,NA,NA,FALSE,FALSE
"Ramsey County Parks and Recreation","alexis.lipstein@co.ramsey.mn.us","62004600","2023-08-18","3","2025-02-10 11:50:06.545556","Unnamed hardworking surveyor(s)","112","1","3.28",NA,NA,NA,NA,NA,"1",NA,NA,NA,NA,NA,NA,NA,"2",NA,NA,NA,NA,NA,NA,NA,NA,NA,NA,NA,NA,NA,NA,NA,NA,45.1027798969027,-93.0955458724862,NA,NA,NA,NA,NA,NA,FALSE,FALSE
"Ramsey County Parks and Recreation","alexis.lipstein@co.ramsey.mn.us","62004600","2023-08-18","3","2025-02-10 11:50:06.545556","Unnamed hardworking surveyor(s)","113",NA,"19.69",NA,NA,NA,NA,NA,NA,NA,NA,NA,NA,NA,NA,NA,NA,NA,NA,NA,NA,NA,NA,NA,NA,NA,NA,NA,NA,NA,NA,NA,NA,45.1019270825848,-93.0944143793441,NA,NA,NA,NA,NA,NA,FALSE,FALSE
"Ramsey County Parks and Recreation","alexis.lipstein@co.ramsey.mn.us","62004600","2023-08-18","3","2025-02-10 11:50:06.545556","Unnamed hardworking surveyor(s)","114",NA,"27.23",NA,NA,NA,NA,NA,NA,NA,NA,NA,NA,NA,NA,NA,NA,NA,NA,NA,NA,NA,NA,NA,NA,NA,NA,NA,NA,NA,NA,NA,NA,45.1010742551012,-93.0932829198915,NA,NA,NA,NA,NA,NA,FALSE,FALSE
"Ramsey County Parks and Recreation","alexis.lipstein@co.ramsey.mn.us","62004600","2023-08-18","3","2025-02-10 11:50:06.545556","Unnamed hardworking surveyor(s)","115",NA,"35.76",NA,NA,NA,NA,NA,NA,NA,NA,NA,NA,NA,NA,NA,NA,NA,NA,NA,NA,NA,NA,NA,NA,NA,NA,NA,NA,NA,NA,NA,NA,45.1002214180537,-93.0921514941327,NA,NA,NA,NA,NA,NA,FALSE,FALSE
"Ramsey County Parks and Recreation","alexis.lipstein@co.ramsey.mn.us","62004600","2023-08-18","3","2025-02-10 11:50:06.545556","Unnamed hardworking surveyor(s)","116",NA,"38.06",NA,NA,NA,NA,NA,NA,NA,NA,NA,NA,NA,NA,NA,NA,NA,NA,NA,NA,NA,NA,NA,NA,NA,NA,NA,NA,NA,NA,NA,NA,45.0993685678426,-93.0910201020601,NA,NA,NA,NA,NA,NA,FALSE,FALSE
"Ramsey County Parks and Recreation","alexis.lipstein@co.ramsey.mn.us","62004600","2023-08-18","3","2025-02-10 11:50:06.545556","Unnamed hardworking surveyor(s)","117",NA,"36.09",NA,NA,NA,NA,NA,NA,NA,NA,NA,NA,NA,NA,NA,NA,NA,NA,NA,NA,NA,NA,NA,NA,NA,NA,NA,NA,NA,NA,NA,NA,45.0985157098709,-93.08988874241,NA,NA,NA,NA,NA,NA,FALSE,FALSE
"Ramsey County Parks and Recreation","alexis.lipstein@co.ramsey.mn.us","62004600","2023-08-18","3","2025-02-10 11:50:06.545556","Unnamed hardworking surveyor(s)","118",NA,"28.22",NA,NA,NA,NA,NA,NA,NA,NA,NA,NA,NA,NA,NA,NA,NA,NA,NA,NA,NA,NA,NA,NA,NA,NA,NA,NA,NA,NA,NA,NA,45.0976628369352,-93.0887574189821,NA,NA,NA,NA,NA,NA,FALSE,FALSE
"Ramsey County Parks and Recreation","alexis.lipstein@co.ramsey.mn.us","62004600","2023-08-18","3","2025-02-10 11:50:06.545556","Unnamed hardworking surveyor(s)","119",NA,"21.98",NA,NA,NA,NA,NA,NA,NA,NA,NA,NA,NA,NA,NA,NA,NA,NA,NA,NA,NA,NA,NA,NA,NA,NA,NA,NA,NA,NA,NA,NA,45.0968099544415,-93.0876261266996,NA,NA,NA,NA,NA,NA,FALSE,FALSE
"Ramsey County Parks and Recreation","alexis.lipstein@co.ramsey.mn.us","62004600","2023-08-18","3","2025-02-10 11:50:06.545556","Unnamed hardworking surveyor(s)","120","1","2.3",NA,NA,NA,NA,NA,NA,NA,NA,NA,"1",NA,NA,NA,NA,NA,NA,NA,NA,NA,NA,NA,NA,NA,NA,NA,NA,NA,NA,NA,NA,45.1044340478545,-93.0954732007907,NA,NA,NA,NA,NA,NA,FALSE,FALSE
"Ramsey County Parks and Recreation","alexis.lipstein@co.ramsey.mn.us","62004600","2023-08-18","3","2025-02-10 11:50:06.545556","Unnamed hardworking surveyor(s)","121","2","7.87",NA,NA,NA,NA,NA,NA,NA,NA,NA,NA,NA,NA,NA,NA,NA,NA,NA,NA,NA,NA,NA,NA,NA,NA,NA,NA,NA,NA,NA,NA,45.1035812339918,-93.0943416747441,NA,NA,NA,NA,NA,NA,FALSE,FALSE
"Ramsey County Parks and Recreation","alexis.lipstein@co.ramsey.mn.us","62004600","2023-08-18","3","2025-02-10 11:50:06.545556","Unnamed hardworking surveyor(s)","122",NA,"18.04",NA,NA,NA,NA,NA,NA,NA,NA,NA,NA,NA,NA,NA,NA,NA,NA,NA,NA,NA,NA,NA,NA,NA,NA,NA,NA,NA,NA,NA,NA,45.1027284069608,-93.0932101849319,NA,NA,NA,NA,NA,NA,FALSE,FALSE
"Ramsey County Parks and Recreation","alexis.lipstein@co.ramsey.mn.us","62004600","2023-08-18","3","2025-02-10 11:50:06.545556","Unnamed hardworking surveyor(s)","123",NA,"20.67",NA,NA,NA,NA,NA,NA,NA,NA,NA,NA,NA,NA,NA,NA,NA,NA,NA,NA,NA,NA,NA,NA,NA,NA,NA,NA,NA,NA,NA,NA,45.1018755685681,-93.0920787250003,NA,NA,NA,NA,NA,NA,FALSE,FALSE
"Ramsey County Parks and Recreation","alexis.lipstein@co.ramsey.mn.us","62004600","2023-08-18","3","2025-02-10 11:50:06.545556","Unnamed hardworking surveyor(s)","124",NA,"27.56",NA,NA,NA,NA,NA,NA,NA,NA,NA,NA,NA,NA,NA,NA,NA,NA,NA,NA,NA,NA,NA,NA,NA,NA,NA,NA,NA,NA,NA,NA,45.1010227197085,-93.0909473025755,NA,NA,NA,NA,NA,NA,FALSE,FALSE
"Ramsey County Parks and Recreation","alexis.lipstein@co.ramsey.mn.us","62004600","2023-08-18","3","2025-02-10 11:50:06.545556","Unnamed hardworking surveyor(s)","125",NA,"33.46",NA,NA,NA,NA,NA,NA,NA,NA,NA,NA,NA,NA,NA,NA,NA,NA,NA,NA,NA,NA,NA,NA,NA,NA,NA,NA,NA,NA,NA,NA,45.1001698594871,-93.0898159125701,NA,NA,NA,NA,NA,NA,FALSE,FALSE
"Ramsey County Parks and Recreation","alexis.lipstein@co.ramsey.mn.us","62004600","2023-08-18","3","2025-02-10 11:50:06.545556","Unnamed hardworking surveyor(s)","126",NA,"49.21",NA,NA,NA,NA,NA,NA,NA,NA,NA,NA,NA,NA,NA,NA,NA,NA,NA,NA,NA,NA,NA,NA,NA,NA,NA,NA,NA,NA,NA,NA,45.0993169870036,-93.0886845562523,NA,NA,NA,NA,NA,NA,FALSE,FALSE
"Ramsey County Parks and Recreation","alexis.lipstein@co.ramsey.mn.us","62004600","2023-08-18","3","2025-02-10 11:50:06.545556","Unnamed hardworking surveyor(s)","127",NA,"34.78",NA,NA,NA,NA,NA,NA,NA,NA,NA,NA,NA,NA,NA,NA,NA,NA,NA,NA,NA,NA,NA,NA,NA,NA,NA,NA,NA,NA,NA,NA,45.0984641031592,-93.0875532336218,NA,NA,NA,NA,NA,NA,FALSE,FALSE
"Ramsey County Parks and Recreation","alexis.lipstein@co.ramsey.mn.us","62004600","2023-08-18","3","2025-02-10 11:50:06.545556","Unnamed hardworking surveyor(s)","128",NA,"10.17",NA,NA,NA,NA,NA,NA,NA,NA,NA,NA,NA,NA,NA,NA,NA,NA,NA,NA,NA,NA,NA,NA,NA,NA,NA,NA,NA,NA,NA,NA,45.0976112088551,-93.0864219446784,NA,NA,NA,NA,NA,NA,FALSE,FALSE
"Ramsey County Parks and Recreation","alexis.lipstein@co.ramsey.mn.us","62004600","2023-08-18","3","2025-02-10 11:50:06.545556","Unnamed hardworking surveyor(s)","129","2","2.62",NA,NA,NA,NA,NA,NA,NA,NA,NA,NA,NA,NA,NA,NA,NA,NA,NA,NA,NA,NA,NA,NA,NA,NA,NA,NA,NA,NA,NA,NA,45.1043825573973,-93.0931374445762,NA,NA,NA,NA,NA,NA,FALSE,FALSE
"Ramsey County Parks and Recreation","alexis.lipstein@co.ramsey.mn.us","62004600","2023-08-18","3","2025-02-10 11:50:06.545556","Unnamed hardworking surveyor(s)","130",NA,"14.76",NA,NA,NA,NA,NA,NA,NA,NA,NA,NA,NA,NA,NA,NA,NA,NA,NA,NA,NA,NA,NA,NA,NA,NA,NA,NA,NA,NA,NA,NA,45.1035297194554,-93.0920059555564,NA,NA,NA,NA,NA,NA,FALSE,FALSE
"Ramsey County Parks and Recreation","alexis.lipstein@co.ramsey.mn.us","62004600","2023-08-18","3","2025-02-10 11:50:06.545556","Unnamed hardworking surveyor(s)","131",NA,"14.44",NA,NA,NA,NA,NA,NA,NA,NA,NA,NA,NA,NA,NA,NA,NA,NA,NA,NA,NA,NA,NA,NA,NA,NA,NA,NA,NA,NA,NA,NA,45.1026768692489,-93.0908745002302,NA,NA,NA,NA,NA,NA,FALSE,FALSE
"Ramsey County Parks and Recreation","alexis.lipstein@co.ramsey.mn.us","62004600","2023-08-18","3","2025-02-10 11:50:06.545556","Unnamed hardworking surveyor(s)","132",NA,"12.14",NA,NA,NA,NA,NA,NA,NA,NA,NA,NA,NA,NA,NA,NA,NA,NA,NA,NA,NA,NA,NA,NA,NA,NA,NA,NA,NA,NA,NA,NA,45.1018240085801,-93.0897430773278,NA,NA,NA,NA,NA,NA,FALSE,FALSE
"Ramsey County Parks and Recreation","alexis.lipstein@co.ramsey.mn.us","62004600","2023-08-18","3","2025-02-10 11:50:06.545556","Unnamed hardworking surveyor(s)","133",NA,"21",NA,NA,NA,NA,NA,NA,NA,NA,NA,NA,NA,NA,NA,NA,NA,NA,NA,NA,NA,NA,NA,NA,NA,NA,NA,NA,NA,NA,NA,NA,45.1009711356475,-93.0886116893869,NA,NA,NA,NA,NA,NA,FALSE,FALSE
"Ramsey County Parks and Recreation","alexis.lipstein@co.ramsey.mn.us","62004600","2023-08-18","3","2025-02-10 11:50:06.545556","Unnamed hardworking surveyor(s)","134",NA,"25.92",NA,NA,NA,NA,NA,NA,NA,NA,NA,NA,NA,NA,NA,NA,NA,NA,NA,NA,NA,NA,NA,NA,NA,NA,NA,NA,NA,NA,NA,NA,45.1001182522527,-93.0874803364086,NA,NA,NA,NA,NA,NA,FALSE,FALSE
"Ramsey County Parks and Recreation","alexis.lipstein@co.ramsey.mn.us","62004600","2023-08-18","3","2025-02-10 11:50:06.545556","Unnamed hardworking surveyor(s)","135",NA,"26.25",NA,NA,NA,NA,NA,NA,NA,NA,NA,NA,NA,NA,NA,NA,NA,NA,NA,NA,NA,NA,NA,NA,NA,NA,NA,NA,NA,NA,NA,NA,45.0992653565982,-93.0863490158467,NA,NA,NA,NA,NA,NA,FALSE,FALSE
"Ramsey County Parks and Recreation","alexis.lipstein@co.ramsey.mn.us","62004600","2023-08-18","3","2025-02-10 11:50:06.545556","Unnamed hardworking surveyor(s)","136","1","2.62",NA,NA,NA,NA,NA,NA,NA,NA,NA,"1",NA,"1",NA,NA,NA,NA,NA,NA,NA,NA,NA,NA,NA,NA,NA,NA,NA,NA,NA,NA,45.0984124504853,-93.0852177277022,NA,NA,NA,NA,NA,"1",FALSE,FALSE
"Ramsey County Parks and Recreation","alexis.lipstein@co.ramsey.mn.us","62004600","2023-08-18","3","2025-02-10 11:50:06.545556","Unnamed hardworking surveyor(s)","137","1","2.95",NA,NA,"1",NA,NA,NA,NA,NA,NA,"1",NA,NA,NA,"1",NA,NA,NA,NA,NA,NA,NA,NA,NA,NA,NA,NA,NA,NA,NA,NA,45.1051838707199,-93.0919331807162,NA,NA,NA,NA,NA,NA,FALSE,FALSE
"Ramsey County Parks and Recreation","alexis.lipstein@co.ramsey.mn.us","62004600","2023-08-18","3","2025-02-10 11:50:06.545556","Unnamed hardworking surveyor(s)","138",NA,"12.47",NA,NA,NA,NA,NA,NA,NA,NA,NA,NA,NA,NA,NA,NA,NA,NA,NA,NA,NA,NA,NA,NA,NA,NA,NA,NA,NA,NA,NA,NA,45.1043310191653,-93.0908016937569,NA,NA,NA,NA,NA,NA,FALSE,FALSE
"Ramsey County Parks and Recreation","alexis.lipstein@co.ramsey.mn.us","62004600","2023-08-18","3","2025-02-10 11:50:06.545556","Unnamed hardworking surveyor(s)","139",NA,"11.81",NA,NA,NA,NA,NA,NA,NA,NA,NA,NA,NA,NA,NA,NA,NA,NA,NA,NA,NA,NA,NA,NA,NA,NA,NA,NA,NA,NA,NA,NA,45.1034781580469,-93.0896702404969,NA,NA,NA,NA,NA,NA,FALSE,FALSE
"Ramsey County Parks and Recreation","alexis.lipstein@co.ramsey.mn.us","62004600","2023-08-18","3","2025-02-10 11:50:06.545556","Unnamed hardworking surveyor(s)","140",NA,"10.17",NA,NA,NA,NA,NA,"1",NA,NA,NA,NA,NA,NA,NA,NA,NA,NA,NA,NA,NA,NA,NA,NA,NA,NA,NA,NA,NA,NA,NA,NA,45.1026252855664,-93.0885388196606,NA,NA,NA,NA,NA,NA,FALSE,FALSE
"Ramsey County Parks and Recreation","alexis.lipstein@co.ramsey.mn.us","62004600","2023-08-18","3","2025-02-10 11:50:06.545556","Unnamed hardworking surveyor(s)","141","1","7.55",NA,NA,NA,NA,NA,"1",NA,NA,NA,NA,NA,NA,NA,"1",NA,NA,NA,NA,NA,NA,NA,NA,NA,NA,NA,NA,NA,NA,NA,NA,45.1017723999225,-93.0874074337858,NA,NA,NA,NA,NA,NA,FALSE,FALSE
"Ramsey County Parks and Recreation","alexis.lipstein@co.ramsey.mn.us","62004600","2023-08-18","3","2025-02-10 11:50:06.545556","Unnamed hardworking surveyor(s)","142",NA,"9.84",NA,NA,NA,NA,NA,NA,NA,NA,NA,NA,NA,NA,NA,NA,NA,NA,NA,NA,NA,NA,NA,NA,NA,NA,NA,NA,NA,NA,NA,NA,45.1009195047179,-93.0862760816053,NA,NA,NA,NA,NA,NA,FALSE,FALSE
"Ramsey County Parks and Recreation","alexis.lipstein@co.ramsey.mn.us","62004600","2023-08-18","3","2025-02-10 11:50:06.545556","Unnamed hardworking surveyor(s)","143","1","3.94",NA,NA,NA,NA,NA,NA,NA,NA,NA,"1",NA,"1",NA,"2",NA,NA,NA,NA,NA,NA,NA,NA,NA,NA,NA,NA,NA,NA,NA,NA,45.1000665972519,-93.0851447643845,NA,NA,NA,NA,NA,NA,FALSE,FALSE
"Ramsey County Parks and Recreation","alexis.lipstein@co.ramsey.mn.us","62004600","2023-08-18","3","2025-02-10 11:50:06.545556","Unnamed hardworking surveyor(s)","144","1","3.61",NA,NA,NA,NA,NA,NA,NA,NA,NA,"1",NA,NA,NA,NA,NA,NA,NA,"1",NA,NA,NA,NA,NA,NA,NA,NA,NA,NA,NA,NA,45.1042794340609,-93.0884659457978,NA,NA,NA,NA,NA,NA,FALSE,FALSE
"Ramsey County Parks and Recreation","alexis.lipstein@co.ramsey.mn.us","62004600","2023-08-18","3","2025-02-10 11:50:06.545556","Unnamed hardworking surveyor(s)","145","3","3.94",NA,NA,NA,NA,NA,NA,NA,NA,NA,NA,NA,NA,NA,NA,NA,NA,NA,NA,NA,NA,NA,NA,NA,NA,NA,NA,NA,NA,NA,NA,45.1034265488673,-93.0873345282989,NA,NA,NA,NA,NA,NA,FALSE,FALSE
"Ramsey County Parks and Recreation","alexis.lipstein@co.ramsey.mn.us","62004600","2023-08-18","3","2025-02-10 11:50:06.545556","Unnamed hardworking surveyor(s)","146","1","3.61","1",NA,NA,NA,NA,NA,NA,NA,NA,"1",NA,NA,NA,"1",NA,NA,NA,"1",NA,NA,NA,NA,NA,NA,NA,NA,NA,NA,NA,NA,45.1025736523121,-93.0862031444945,NA,NA,NA,NA,NA,NA,FALSE,FALSE
"Ramsey County Parks and Recreation","alexis.lipstein@co.ramsey.mn.us","62002800","2020-06-30","3","2025-02-10 14:37:06.086267","Unnamed hardworking surveyor(s)","1","2","1.64",NA,NA,NA,NA,"2",NA,NA,NA,NA,NA,NA,NA,NA,NA,"1","1",NA,NA,NA,NA,NA,"1",NA,NA,NA,NA,NA,NA,NA,NA,45.0777393416448,-93.0969493436648,NA,NA,NA,NA,NA,NA,FALSE,FALSE
"Ramsey County Parks and Recreation","alexis.lipstein@co.ramsey.mn.us","62002800","2020-06-30","3","2025-02-10 14:37:06.086267","Unnamed hardworking surveyor(s)","2",NA,"0.66",NA,NA,NA,NA,NA,NA,NA,NA,NA,NA,NA,NA,NA,NA,"2","2",NA,NA,NA,NA,NA,"1",NA,NA,NA,NA,NA,NA,NA,NA,45.0771707047544,-93.0982016578198,NA,NA,NA,NA,NA,NA,FALSE,FALSE
"Ramsey County Parks and Recreation","alexis.lipstein@co.ramsey.mn.us","62002800","2020-06-30","3","2025-02-10 14:37:06.086267","Unnamed hardworking surveyor(s)","3","2","3.61",NA,NA,NA,"1",NA,"2",NA,NA,"1",NA,NA,NA,NA,NA,"1","1",NA,NA,NA,NA,NA,NA,NA,NA,NA,NA,NA,NA,NA,NA,45.0771717023514,-93.0970345216253,NA,NA,NA,NA,NA,NA,FALSE,FALSE
"Ramsey County Parks and Recreation","alexis.lipstein@co.ramsey.mn.us","62002800","2020-06-30","3","2025-02-10 14:37:06.086267","Unnamed hardworking surveyor(s)","4","3","2.95",NA,NA,NA,NA,NA,NA,NA,NA,NA,NA,NA,NA,NA,NA,NA,NA,NA,NA,NA,NA,NA,NA,NA,NA,NA,NA,NA,NA,NA,NA,45.077172488937,-93.0961042640603,NA,NA,NA,NA,NA,NA,FALSE,FALSE
"Ramsey County Parks and Recreation","alexis.lipstein@co.ramsey.mn.us","62002800","2020-06-30","3","2025-02-10 14:37:06.086267","Unnamed hardworking surveyor(s)","5",NA,"4.27",NA,NA,NA,NA,NA,NA,NA,NA,"1",NA,"1",NA,NA,NA,"2","2",NA,NA,NA,NA,NA,NA,NA,NA,NA,NA,NA,NA,NA,NA,45.0764504502036,-93.0983296292959,NA,NA,NA,"1",NA,NA,FALSE,FALSE
"Ramsey County Parks and Recreation","alexis.lipstein@co.ramsey.mn.us","62002800","2020-06-30","3","2025-02-10 14:37:06.086267","Unnamed hardworking surveyor(s)","6","3","6.23",NA,NA,NA,NA,NA,NA,NA,NA,"1",NA,NA,NA,NA,NA,"1","1",NA,NA,NA,NA,NA,NA,NA,NA,NA,NA,NA,NA,NA,NA,45.0764513207552,-93.0973132468506,NA,NA,NA,NA,NA,NA,FALSE,FALSE
"Ramsey County Parks and Recreation","alexis.lipstein@co.ramsey.mn.us","62002800","2020-06-30","3","2025-02-10 14:37:06.086267","Unnamed hardworking surveyor(s)","7","1","4.92","1",NA,NA,"1",NA,NA,NA,NA,NA,NA,NA,NA,NA,NA,"1",NA,NA,NA,NA,NA,NA,NA,NA,NA,NA,"1",NA,NA,NA,NA,45.0764521822617,-93.0962968643592,NA,NA,NA,NA,NA,NA,FALSE,FALSE
"Ramsey County Parks and Recreation","alexis.lipstein@co.ramsey.mn.us","62002800","2020-06-30","3","2025-02-10 14:37:06.086267","Unnamed hardworking surveyor(s)","8",NA,"2.3",NA,NA,NA,NA,NA,NA,NA,NA,NA,NA,NA,NA,NA,NA,NA,NA,NA,NA,NA,NA,NA,NA,NA,NA,NA,NA,NA,NA,NA,NA,45.0762545224809,-93.0954739589393,NA,NA,NA,NA,NA,NA,FALSE,FALSE
"Ramsey County Parks and Recreation","alexis.lipstein@co.ramsey.mn.us","62002800","2020-06-30","3","2025-02-10 14:37:06.086267","Unnamed hardworking surveyor(s)","9",NA,"8.2",NA,NA,NA,NA,NA,NA,NA,NA,NA,NA,NA,NA,NA,NA,"1","1",NA,NA,NA,NA,NA,NA,NA,NA,NA,NA,NA,NA,NA,NA,45.0757303067327,-93.0983283942734,NA,NA,NA,NA,NA,NA,FALSE,FALSE
"Ramsey County Parks and Recreation","alexis.lipstein@co.ramsey.mn.us","62002800","2020-06-30","3","2025-02-10 14:37:06.086267","Unnamed hardworking surveyor(s)","10",NA,"12.47",NA,NA,NA,NA,NA,NA,NA,NA,NA,NA,NA,NA,NA,NA,NA,NA,NA,NA,NA,NA,NA,NA,NA,NA,NA,NA,NA,NA,NA,NA,45.0757311772627,-93.0973120245938,NA,NA,NA,NA,NA,NA,FALSE,FALSE
"Ramsey County Parks and Recreation","alexis.lipstein@co.ramsey.mn.us","62002800","2020-06-30","3","2025-02-10 14:37:06.086267","Unnamed hardworking surveyor(s)","11",NA,"11.81",NA,NA,NA,NA,NA,NA,NA,NA,NA,NA,NA,NA,NA,NA,"1","1",NA,NA,NA,NA,NA,NA,NA,NA,NA,NA,NA,NA,NA,NA,45.0757320387477,-93.0962956548681,NA,NA,NA,NA,NA,NA,FALSE,FALSE
"Ramsey County Parks and Recreation","alexis.lipstein@co.ramsey.mn.us","62002800","2020-06-30","3","2025-02-10 14:37:06.086267","Unnamed hardworking surveyor(s)","12","2","1.64",NA,NA,NA,"2","1",NA,NA,NA,"1",NA,NA,NA,NA,NA,"1","1",NA,"1",NA,NA,NA,NA,"1",NA,NA,NA,NA,NA,NA,NA,45.0757328911877,-93.0952792850969,NA,NA,NA,"1",NA,NA,FALSE,FALSE
"Ramsey County Parks and Recreation","alexis.lipstein@co.ramsey.mn.us","62002800","2020-06-30","3","2025-02-10 14:37:06.086267","Unnamed hardworking surveyor(s)","13","3","1.64","1",NA,NA,NA,NA,NA,NA,NA,"1",NA,NA,NA,NA,NA,"1","1",NA,NA,NA,NA,NA,NA,NA,NA,NA,NA,NA,NA,NA,NA,45.0756116727856,-93.0942627146081,NA,NA,NA,NA,NA,NA,FALSE,FALSE
"Ramsey County Parks and Recreation","alexis.lipstein@co.ramsey.mn.us","62002800","2020-06-30","3","2025-02-10 14:37:06.086267","Unnamed hardworking surveyor(s)","14","1","0.1",NA,NA,NA,"1",NA,NA,NA,NA,NA,NA,NA,NA,NA,NA,"1","1",NA,NA,NA,NA,NA,"1",NA,NA,NA,NA,NA,NA,NA,NA,45.0756581747454,-93.0933756245072,NA,NA,NA,NA,NA,NA,FALSE,FALSE
"Ramsey County Parks and Recreation","alexis.lipstein@co.ramsey.mn.us","62002800","2020-06-30","3","2025-02-10 14:37:06.086267","Unnamed hardworking surveyor(s)","15","1","2.62","1",NA,NA,"1",NA,NA,NA,NA,"1",NA,NA,NA,NA,NA,"1","1",NA,NA,NA,NA,NA,NA,NA,NA,NA,NA,NA,NA,NA,NA,45.0750092836177,-93.0993435161652,NA,NA,NA,NA,NA,NA,FALSE,FALSE
"Ramsey County Parks and Recreation","alexis.lipstein@co.ramsey.mn.us","62002800","2020-06-30","3","2025-02-10 14:37:06.086267","Unnamed hardworking surveyor(s)","16",NA,"10.83",NA,NA,NA,"1",NA,NA,NA,NA,"1",NA,NA,NA,NA,NA,"1","1",NA,"1",NA,NA,NA,NA,NA,NA,NA,NA,NA,NA,NA,NA,45.0750101631707,-93.0983271592974,NA,NA,NA,NA,NA,NA,FALSE,FALSE
"Ramsey County Parks and Recreation","alexis.lipstein@co.ramsey.mn.us","62002800","2020-06-30","3","2025-02-10 14:37:06.086267","Unnamed hardworking surveyor(s)","17",NA,"17.72",NA,NA,NA,NA,NA,NA,NA,NA,NA,NA,NA,NA,NA,NA,"1","1",NA,NA,NA,NA,NA,"1",NA,NA,NA,NA,NA,NA,NA,NA,45.0750110336789,-93.097310802383,NA,NA,NA,NA,NA,NA,FALSE,FALSE
"Ramsey County Parks and Recreation","alexis.lipstein@co.ramsey.mn.us","62002800","2020-06-30","3","2025-02-10 14:37:06.086267","Unnamed hardworking surveyor(s)","18",NA,"18.7",NA,NA,NA,NA,NA,NA,NA,NA,NA,NA,NA,NA,NA,NA,"1","1",NA,NA,NA,NA,NA,NA,NA,NA,NA,NA,NA,NA,NA,NA,45.0750118951424,-93.0962944454226,NA,NA,NA,NA,NA,NA,FALSE,FALSE
"Ramsey County Parks and Recreation","alexis.lipstein@co.ramsey.mn.us","62002800","2020-06-30","3","2025-02-10 14:37:06.086267","Unnamed hardworking surveyor(s)","19","3","3.61",NA,NA,NA,"1",NA,NA,NA,NA,"2",NA,NA,NA,NA,NA,"1","1",NA,NA,NA,NA,NA,"1",NA,NA,NA,"1",NA,NA,NA,NA,45.0750127475611,-93.0952780884167,NA,NA,NA,NA,NA,NA,FALSE,FALSE
"Ramsey County Parks and Recreation","alexis.lipstein@co.ramsey.mn.us","62002800","2020-06-30","3","2025-02-10 14:37:06.086267","Unnamed hardworking surveyor(s)","20","2","3.61","1",NA,NA,"1",NA,NA,NA,NA,"1",NA,NA,NA,NA,NA,"1","1",NA,NA,NA,NA,NA,"1","1",NA,NA,NA,NA,NA,NA,NA,45.0750135909352,-93.0942617313657,NA,NA,NA,NA,NA,NA,FALSE,FALSE
"Ramsey County Parks and Recreation","alexis.lipstein@co.ramsey.mn.us","62002800","2020-06-30","3","2025-02-10 14:37:06.086267","Unnamed hardworking surveyor(s)","21","1","1.64",NA,NA,NA,"1","2",NA,NA,NA,NA,NA,NA,NA,NA,NA,"2","2",NA,NA,NA,NA,NA,NA,NA,NA,NA,NA,NA,NA,NA,NA,45.0750144252645,-93.0932453742701,NA,NA,NA,NA,NA,NA,FALSE,FALSE
"Ramsey County Parks and Recreation","alexis.lipstein@co.ramsey.mn.us","62002800","2020-06-30","3","2025-02-10 14:37:06.086267","Unnamed hardworking surveyor(s)","22","1","1.97",NA,NA,NA,"1","2",NA,NA,NA,"1",NA,NA,NA,NA,NA,NA,NA,NA,"1",NA,NA,NA,NA,NA,NA,NA,NA,NA,NA,NA,NA,45.0742882514109,-93.100358612527,NA,NA,NA,NA,NA,NA,FALSE,FALSE
"Ramsey County Parks and Recreation","alexis.lipstein@co.ramsey.mn.us","62002800","2020-06-30","3","2025-02-10 14:37:06.086267","Unnamed hardworking surveyor(s)","23","1","7.55",NA,NA,NA,NA,NA,NA,NA,NA,NA,NA,NA,NA,NA,NA,"1","1",NA,NA,NA,NA,NA,"1",NA,NA,NA,NA,NA,NA,NA,NA,45.0742891399864,-93.0993422684709,NA,NA,NA,"1",NA,NA,FALSE,FALSE
"Ramsey County Parks and Recreation","alexis.lipstein@co.ramsey.mn.us","62002800","2020-06-30","3","2025-02-10 14:37:06.086267","Unnamed hardworking surveyor(s)","24",NA,"10.5","1",NA,NA,NA,NA,NA,NA,NA,NA,NA,NA,NA,NA,NA,NA,NA,NA,NA,NA,NA,NA,NA,NA,NA,NA,NA,NA,NA,NA,NA,45.0742900195174,-93.0983259243678,NA,NA,NA,NA,NA,NA,FALSE,FALSE
"Ramsey County Parks and Recreation","alexis.lipstein@co.ramsey.mn.us","62002800","2020-06-30","3","2025-02-10 14:37:06.086267","Unnamed hardworking surveyor(s)","25",NA,"12.47",NA,NA,NA,NA,NA,NA,NA,NA,NA,NA,NA,NA,NA,NA,"1","1",NA,NA,NA,NA,NA,NA,NA,NA,NA,NA,NA,NA,NA,NA,45.0742908900038,-93.0973095802183,NA,NA,NA,NA,NA,NA,FALSE,FALSE
"Ramsey County Parks and Recreation","alexis.lipstein@co.ramsey.mn.us","62002800","2020-06-30","3","2025-02-10 14:37:06.086267","Unnamed hardworking surveyor(s)","26","1","12.8",NA,NA,NA,NA,NA,NA,NA,NA,NA,NA,NA,NA,NA,NA,"1","1",NA,NA,NA,NA,NA,NA,NA,NA,NA,NA,NA,NA,NA,NA,45.0742917514458,-93.0962932360226,NA,NA,NA,NA,NA,NA,FALSE,FALSE
"Ramsey County Parks and Recreation","alexis.lipstein@co.ramsey.mn.us","62002800","2020-06-30","3","2025-02-10 14:37:06.086267","Unnamed hardworking surveyor(s)","27","3","1.97","1",NA,NA,"1",NA,NA,NA,NA,"2",NA,NA,NA,NA,NA,"1","1",NA,NA,NA,NA,NA,NA,NA,NA,NA,NA,NA,NA,NA,NA,45.0742926038433,-93.0952768917815,NA,NA,NA,NA,NA,NA,FALSE,FALSE
"Ramsey County Parks and Recreation","alexis.lipstein@co.ramsey.mn.us","62002800","2020-06-30","3","2025-02-10 14:37:06.086267","Unnamed hardworking surveyor(s)","28","2","0.33",NA,NA,NA,"2","1",NA,NA,NA,"3",NA,NA,NA,NA,NA,"1","1",NA,NA,NA,NA,NA,NA,NA,NA,NA,NA,NA,NA,NA,NA,45.0745375530702,-93.0942824822518,NA,NA,NA,NA,NA,NA,FALSE,FALSE
"Ramsey County Parks and Recreation","alexis.lipstein@co.ramsey.mn.us","62002800","2020-06-30","3","2025-02-10 14:37:06.086267","Unnamed hardworking surveyor(s)","29","2","0.66",NA,"1",NA,NA,NA,NA,NA,NA,NA,NA,NA,NA,NA,NA,"3","3",NA,NA,NA,NA,NA,"3",NA,NA,NA,NA,NA,NA,NA,NA,45.074416237776,-93.0933736020167,NA,NA,NA,NA,NA,NA,FALSE,FALSE
"Ramsey County Parks and Recreation","alexis.lipstein@co.ramsey.mn.us","62002800","2020-06-30","3","2025-02-10 14:37:06.086267","Unnamed hardworking surveyor(s)","30","3","2.3","1","1",NA,"1","1","1",NA,NA,"1",NA,NA,NA,NA,NA,"1","1",NA,NA,NA,NA,NA,"1",NA,NA,NA,NA,NA,NA,NA,NA,45.0735681077106,-93.1003573521154,NA,NA,NA,NA,NA,NA,FALSE,FALSE
"Ramsey County Parks and Recreation","alexis.lipstein@co.ramsey.mn.us","62002800","2020-06-30","3","2025-02-10 14:37:06.086267","Unnamed hardworking surveyor(s)","31",NA,"17.72",NA,NA,NA,NA,NA,NA,NA,NA,NA,NA,NA,NA,NA,NA,NA,"1",NA,NA,NA,NA,NA,NA,NA,NA,NA,NA,NA,NA,NA,NA,45.0735689962639,-93.0993410208236,NA,NA,NA,NA,NA,NA,FALSE,FALSE
"Ramsey County Parks and Recreation","alexis.lipstein@co.ramsey.mn.us","62002800","2020-06-30","3","2025-02-10 14:37:06.086267","Unnamed hardworking surveyor(s)","32",NA,"22.64",NA,NA,NA,NA,NA,NA,NA,NA,NA,NA,NA,NA,NA,NA,NA,NA,NA,NA,NA,NA,NA,NA,NA,NA,NA,NA,NA,NA,NA,NA,45.0735698757729,-93.0983246894848,NA,NA,NA,NA,NA,NA,FALSE,FALSE
"Ramsey County Parks and Recreation","alexis.lipstein@co.ramsey.mn.us","62002800","2020-06-30","3","2025-02-10 14:37:06.086267","Unnamed hardworking surveyor(s)","33","2","10.83",NA,NA,NA,"1",NA,"1",NA,NA,"1",NA,NA,NA,NA,NA,"1","1",NA,NA,NA,NA,NA,NA,NA,NA,NA,NA,NA,NA,NA,NA,45.0735707462376,-93.0973083580995,NA,NA,NA,NA,NA,NA,FALSE,FALSE
"Ramsey County Parks and Recreation","alexis.lipstein@co.ramsey.mn.us","62002800","2020-06-30","3","2025-02-10 14:37:06.086267","Unnamed hardworking surveyor(s)","34","1","0.33",NA,NA,NA,"1",NA,NA,NA,NA,"1",NA,NA,NA,NA,NA,"1","1",NA,NA,NA,NA,NA,"1","3","1",NA,"1",NA,NA,NA,NA,45.0735716076581,-93.0962920266682,NA,NA,NA,NA,NA,NA,FALSE,FALSE
"Ramsey County Parks and Recreation","alexis.lipstein@co.ramsey.mn.us","62002800","2020-06-30","3","2025-02-10 14:37:06.086267","Unnamed hardworking surveyor(s)","35","1","2.62",NA,NA,NA,NA,NA,NA,NA,NA,NA,NA,NA,NA,NA,NA,"1","1",NA,"1",NA,NA,NA,NA,NA,NA,NA,NA,NA,NA,NA,NA,45.0737554449344,-93.0954051982744,NA,NA,NA,NA,NA,NA,FALSE,FALSE
"Ramsey County Parks and Recreation","alexis.lipstein@co.ramsey.mn.us","62002800","2020-06-30","3","2025-02-10 14:37:06.086267","Unnamed hardworking surveyor(s)","36","1","11.81",NA,NA,NA,"1",NA,NA,NA,NA,NA,NA,NA,NA,NA,NA,"1","1",NA,NA,NA,NA,NA,"1",NA,NA,NA,NA,NA,NA,NA,NA,45.0728488524501,-93.0993397732233,NA,NA,NA,NA,NA,NA,FALSE,FALSE
"Ramsey County Parks and Recreation","alexis.lipstein@co.ramsey.mn.us","62002800","2020-06-30","3","2025-02-10 14:37:06.086267","Unnamed hardworking surveyor(s)","37",NA,"23.62",NA,NA,NA,NA,NA,NA,NA,NA,NA,NA,NA,NA,NA,NA,"1","1",NA,NA,NA,NA,NA,NA,NA,NA,NA,NA,NA,NA,NA,NA,45.0728497319371,-93.0983234546483,NA,NA,NA,NA,NA,NA,FALSE,FALSE
"Ramsey County Parks and Recreation","alexis.lipstein@co.ramsey.mn.us","62002800","2020-06-30","3","2025-02-10 14:37:06.086267","Unnamed hardworking surveyor(s)","38","1","13.78","1",NA,NA,NA,NA,NA,NA,NA,NA,NA,NA,NA,NA,NA,NA,NA,NA,NA,NA,NA,NA,NA,NA,NA,NA,NA,NA,NA,NA,NA,45.0728506023801,-93.0973071360268,NA,NA,NA,NA,NA,NA,FALSE,FALSE
"Ramsey County Parks and Recreation","alexis.lipstein@co.ramsey.mn.us","62002800","2020-06-30","3","2025-02-10 14:37:06.086267","Unnamed hardworking surveyor(s)","39","2","6.23",NA,NA,NA,"1",NA,NA,NA,NA,NA,NA,NA,NA,NA,NA,"1","1",NA,NA,NA,NA,NA,NA,NA,NA,NA,NA,NA,NA,NA,NA,45.0721287085451,-93.0993385256699,NA,NA,NA,NA,NA,NA,FALSE,FALSE
"Ramsey County Parks and Recreation","alexis.lipstein@co.ramsey.mn.us","62002800","2020-06-30","3","2025-02-10 14:37:06.086267","Unnamed hardworking surveyor(s)","40",NA,"18.37",NA,NA,NA,NA,NA,NA,NA,NA,NA,NA,NA,NA,NA,NA,NA,"1",NA,NA,NA,NA,NA,NA,NA,NA,NA,NA,NA,NA,NA,NA,45.0722060433446,-93.0981285576264,NA,NA,NA,NA,NA,NA,FALSE,FALSE
"Ramsey County Parks and Recreation","alexis.lipstein@co.ramsey.mn.us","62002800","2020-06-30","3","2025-02-10 14:37:06.086267","Unnamed hardworking surveyor(s)","41","1","16.4",NA,NA,NA,NA,NA,NA,NA,NA,NA,NA,NA,NA,NA,NA,NA,NA,NA,NA,NA,NA,NA,NA,NA,NA,NA,NA,NA,NA,NA,NA,45.0721306599903,-93.0970690561472,NA,NA,NA,NA,NA,NA,FALSE,FALSE
"Ramsey County Parks and Recreation","alexis.lipstein@co.ramsey.mn.us","62002800","2020-06-30","3","2025-02-10 14:37:06.086267","Unnamed hardworking surveyor(s)","42",NA,"0.66",NA,NA,NA,NA,NA,NA,NA,NA,"2",NA,NA,NA,NA,NA,"1",NA,NA,"1",NA,NA,NA,NA,NA,"1",NA,NA,NA,NA,NA,NA,45.071531320291,-93.0985365174592,NA,NA,NA,NA,NA,NA,FALSE,FALSE
"Ramsey County Parks and Recreation","alexis.lipstein@co.ramsey.mn.us","62002800","2020-06-30","3","2025-02-10 14:37:06.086267","Unnamed hardworking surveyor(s)","43","2","0.98","1",NA,NA,NA,NA,NA,NA,NA,"1",NA,NA,NA,NA,NA,"1","1",NA,"1",NA,NA,NA,NA,NA,NA,NA,"1",NA,NA,NA,NA,45.0714103143915,-93.0973046920194,NA,NA,NA,NA,NA,NA,FALSE,FALSE
"Ramsey County Parks and Recreation","alexis.lipstein@co.ramsey.mn.us","62002800","2020-06-30","3","2025-02-10 14:37:06.086267","Unnamed hardworking surveyor(s)","44","1","1.64",NA,NA,NA,"1",NA,"1",NA,NA,"2",NA,NA,NA,NA,NA,"1","1","2","1",NA,NA,NA,NA,NA,"1",NA,NA,NA,NA,NA,NA,45.0714111757475,-93.0962883988781,NA,NA,NA,NA,NA,NA,FALSE,FALSE
"Ramsey County Parks and Recreation","alexis.lipstein@co.ramsey.mn.us","62002800","2020-06-30","3","2025-02-10 14:37:06.086267","Unnamed hardworking surveyor(s)","45","3","1.64",NA,NA,NA,"2","1",NA,NA,NA,NA,NA,NA,NA,NA,NA,"1","1",NA,"1",NA,NA,NA,NA,NA,NA,NA,NA,NA,NA,NA,NA,45.0709042030579,-93.0968043180945,NA,NA,NA,"1",NA,NA,FALSE,FALSE
"Ramsey County Parks and Recreation","alexis.lipstein@co.ramsey.mn.us","62002200","2022-08-22","3","2025-02-10 14:55:37.100874","Unnamed hardworking surveyor(s)","1","1","1.64",NA,NA,"1",NA,NA,NA,NA,NA,NA,NA,NA,NA,NA,NA,NA,NA,NA,NA,NA,NA,NA,NA,NA,NA,NA,NA,NA,NA,NA,NA,45.1009296955531,-93.0462768821142,NA,NA,NA,NA,NA,NA,FALSE,FALSE
"Ramsey County Parks and Recreation","alexis.lipstein@co.ramsey.mn.us","62002200","2022-08-22","3","2025-02-10 14:55:37.100874","Unnamed hardworking surveyor(s)","2",NA,"1.64",NA,NA,"1",NA,NA,NA,NA,NA,NA,NA,NA,NA,NA,NA,NA,NA,NA,NA,NA,NA,NA,NA,NA,NA,NA,NA,NA,NA,NA,"1",45.1005471444789,-93.0466117115809,NA,NA,NA,NA,NA,NA,FALSE,FALSE
"Ramsey County Parks and Recreation","alexis.lipstein@co.ramsey.mn.us","62002200","2022-08-22","3","2025-02-10 14:55:37.100874","Unnamed hardworking surveyor(s)","3",NA,"5.58",NA,NA,NA,NA,NA,NA,NA,NA,NA,NA,NA,NA,NA,NA,NA,NA,NA,NA,NA,NA,NA,NA,NA,NA,NA,NA,NA,NA,NA,NA,45.1006925563239,-93.0457367343605,NA,NA,NA,NA,NA,NA,FALSE,FALSE
"Ramsey County Parks and Recreation","alexis.lipstein@co.ramsey.mn.us","62002200","2022-08-22","3","2025-02-10 14:55:37.100874","Unnamed hardworking surveyor(s)","4",NA,"4.27",NA,NA,NA,NA,NA,NA,NA,NA,NA,NA,NA,NA,NA,NA,NA,NA,NA,NA,NA,NA,NA,NA,NA,NA,NA,NA,NA,NA,NA,NA,45.1003100059158,-93.046071567321,NA,NA,NA,NA,NA,NA,FALSE,FALSE
"Ramsey County Parks and Recreation","alexis.lipstein@co.ramsey.mn.us","62002200","2022-08-22","3","2025-02-10 14:55:37.100874","Unnamed hardworking surveyor(s)","5",NA,"5.91",NA,NA,NA,NA,NA,NA,NA,NA,NA,NA,NA,NA,NA,NA,NA,NA,NA,NA,NA,NA,NA,NA,NA,NA,NA,NA,NA,NA,NA,NA,45.1004554136278,-93.0451965923477,NA,NA,NA,NA,NA,NA,FALSE,FALSE
"Ramsey County Parks and Recreation","alexis.lipstein@co.ramsey.mn.us","62002200","2022-08-22","3","2025-02-10 14:55:37.100874","Unnamed hardworking surveyor(s)","6",NA,"4.27",NA,NA,NA,NA,NA,NA,NA,NA,NA,NA,NA,NA,NA,NA,NA,NA,NA,NA,NA,NA,NA,NA,NA,NA,NA,NA,NA,NA,NA,NA,45.1000728656871,-93.0455314262613,NA,NA,NA,NA,NA,NA,FALSE,FALSE
"Ramsey County Parks and Recreation","alexis.lipstein@co.ramsey.mn.us","62002200","2022-08-22","3","2025-02-10 14:55:37.100874","Unnamed hardworking surveyor(s)","7",NA,"1.31",NA,NA,"1",NA,NA,NA,NA,NA,"1",NA,NA,NA,NA,NA,NA,NA,NA,NA,NA,NA,NA,NA,NA,NA,NA,NA,NA,NA,NA,"1",45.100600814635,-93.0443216116567,NA,NA,NA,NA,NA,NA,FALSE,FALSE
"Ramsey County Parks and Recreation","alexis.lipstein@co.ramsey.mn.us","62002200","2022-08-22","3","2025-02-10 14:55:37.100874","Unnamed hardworking surveyor(s)","8",NA,"4.59",NA,NA,NA,NA,NA,NA,NA,NA,NA,NA,NA,NA,NA,NA,NA,NA,NA,NA,NA,NA,NA,NA,NA,NA,NA,NA,NA,NA,NA,NA,45.1002182692672,-93.0446564509933,NA,NA,NA,NA,NA,NA,FALSE,FALSE
"Ramsey County Parks and Recreation","alexis.lipstein@co.ramsey.mn.us","62002200","2022-08-22","3","2025-02-10 14:55:37.100874","Unnamed hardworking surveyor(s)","9",NA,"3.28",NA,NA,NA,NA,NA,NA,NA,NA,NA,NA,NA,NA,NA,NA,NA,NA,NA,NA,NA,NA,NA,NA,NA,NA,NA,NA,NA,NA,NA,NA,45.0998357228922,-93.0449912896722,NA,NA,NA,NA,NA,NA,FALSE,FALSE
"Ramsey County Parks and Recreation","alexis.lipstein@co.ramsey.mn.us","62002200","2022-08-22","3","2025-02-10 14:55:37.100874","Unnamed hardworking surveyor(s)","10",NA,"2.95",NA,NA,NA,NA,NA,NA,NA,NA,NA,NA,NA,NA,NA,NA,NA,NA,NA,NA,NA,NA,NA,NA,NA,NA,NA,NA,NA,NA,NA,NA,45.100363666141,-93.0437814738208,NA,NA,NA,NA,NA,NA,FALSE,FALSE
"Ramsey County Parks and Recreation","alexis.lipstein@co.ramsey.mn.us","62002200","2022-08-22","3","2025-02-10 14:55:37.100874","Unnamed hardworking surveyor(s)","11",NA,"4.59",NA,NA,NA,NA,NA,NA,NA,NA,NA,NA,NA,NA,NA,NA,NA,NA,NA,NA,NA,NA,NA,NA,NA,NA,NA,NA,NA,NA,NA,NA,45.0999811223394,-93.0441163166516,NA,NA,NA,NA,NA,NA,FALSE,FALSE
"Ramsey County Parks and Recreation","alexis.lipstein@co.ramsey.mn.us","62002200","2022-08-22","3","2025-02-10 14:55:37.100874","Unnamed hardworking surveyor(s)","12",NA,"2.95",NA,NA,"1",NA,NA,NA,NA,NA,NA,NA,NA,NA,NA,NA,NA,NA,NA,NA,NA,NA,NA,NA,NA,NA,NA,NA,NA,NA,NA,NA,45.0995985766315,-93.0444511562819,NA,NA,NA,NA,NA,NA,FALSE,FALSE
"Ramsey County Parks and Recreation","alexis.lipstein@co.ramsey.mn.us","62002200","2022-08-22","3","2025-02-10 14:55:37.100874","Unnamed hardworking surveyor(s)","13",NA,"2.95",NA,NA,NA,NA,NA,NA,NA,NA,NA,NA,NA,NA,NA,NA,NA,NA,NA,NA,NA,NA,NA,NA,NA,NA,NA,NA,NA,NA,NA,NA,45.10012651598,-93.0432413429984,NA,NA,NA,NA,NA,NA,FALSE,FALSE
"Ramsey County Parks and Recreation","alexis.lipstein@co.ramsey.mn.us","62002200","2022-08-22","3","2025-02-10 14:55:37.100874","Unnamed hardworking surveyor(s)","14",NA,"5.25",NA,NA,NA,NA,NA,NA,NA,NA,NA,NA,NA,NA,NA,NA,NA,NA,NA,NA,NA,NA,NA,NA,NA,NA,NA,NA,NA,NA,NA,NA,45.0997439719449,-93.0435761880508,NA,NA,NA,NA,NA,NA,FALSE,FALSE
"Ramsey County Parks and Recreation","alexis.lipstein@co.ramsey.mn.us","62002200","2022-08-22","3","2025-02-10 14:55:37.100874","Unnamed hardworking surveyor(s)","15",NA,"3.28",NA,NA,NA,NA,NA,NA,NA,NA,NA,NA,NA,NA,NA,NA,NA,NA,NA,NA,NA,NA,NA,NA,NA,NA,NA,NA,NA,NA,NA,NA,45.0993614287049,-93.0439110273629,NA,NA,NA,NA,NA,NA,FALSE,FALSE
"Ramsey County Parks and Recreation","alexis.lipstein@co.ramsey.mn.us","62002200","2022-08-22","3","2025-02-10 14:55:37.100874","Unnamed hardworking surveyor(s)","16","1","1.97",NA,NA,"1",NA,NA,NA,NA,NA,"1",NA,NA,NA,NA,NA,NA,NA,NA,NA,NA,NA,NA,NA,NA,NA,NA,NA,NA,NA,NA,NA,45.0998893605534,-93.0427012141026,NA,NA,NA,NA,NA,NA,FALSE,FALSE
"Ramsey County Parks and Recreation","alexis.lipstein@co.ramsey.mn.us","62002200","2022-08-22","3","2025-02-10 14:55:37.100874","Unnamed hardworking surveyor(s)","17",NA,"8.2",NA,NA,NA,NA,NA,NA,NA,NA,NA,NA,NA,NA,NA,NA,NA,NA,NA,NA,NA,NA,NA,NA,NA,NA,NA,NA,NA,NA,NA,NA,45.099506819885,-93.0430360626503,NA,NA,NA,NA,NA,NA,FALSE,FALSE
"Ramsey County Parks and Recreation","alexis.lipstein@co.ramsey.mn.us","62002200","2022-08-22","3","2025-02-10 14:55:37.100874","Unnamed hardworking surveyor(s)","18",NA,"3.28",NA,NA,NA,NA,NA,NA,NA,NA,NA,NA,NA,NA,NA,NA,NA,NA,NA,NA,NA,NA,NA,NA,NA,NA,NA,NA,NA,NA,NA,NA,45.0991242782113,-93.0433709054564,NA,NA,NA,NA,NA,NA,FALSE,FALSE
"Ramsey County Parks and Recreation","alexis.lipstein@co.ramsey.mn.us","62002200","2022-08-22","3","2025-02-10 14:55:37.100874","Unnamed hardworking surveyor(s)","19",NA,"4.27",NA,NA,NA,NA,NA,NA,NA,NA,NA,NA,NA,NA,NA,NA,NA,NA,NA,NA,NA,NA,NA,NA,NA,NA,NA,NA,NA,NA,NA,NA,45.0992696652597,-93.0424959404495,NA,NA,NA,NA,NA,NA,FALSE,FALSE
"Ramsey County Parks and Recreation","alexis.lipstein@co.ramsey.mn.us","62002200","2022-08-22","3","2025-02-10 14:55:37.100874","Unnamed hardworking surveyor(s)","20",NA,"1.97",NA,NA,"2",NA,NA,NA,NA,NA,NA,NA,NA,NA,NA,NA,NA,NA,NA,NA,NA,NA,NA,NA,NA,NA,NA,NA,NA,NA,NA,"1",45.0988871251522,-93.0428307867494,NA,NA,NA,NA,NA,NA,FALSE,FALSE
"Ramsey County Parks and Recreation","alexis.lipstein@co.ramsey.mn.us","62002200","2022-08-22","3","2025-02-10 14:55:37.100874","Unnamed hardworking surveyor(s)","21",NA,"1.97",NA,NA,NA,NA,NA,NA,NA,NA,NA,NA,NA,NA,NA,NA,NA,NA,NA,NA,NA,NA,NA,NA,NA,NA,NA,NA,NA,NA,NA,NA,45.0990325080675,-93.0419558252613,NA,NA,NA,NA,NA,NA,FALSE,FALSE
"Ramsey County Parks and Recreation","alexis.lipstein@co.ramsey.mn.us","62002400","2019-09-05","3","2025-02-10 15:42:32.711604","Unnamed hardworking surveyor(s)","1","3","1",NA,"1",NA,"2","3",NA,NA,NA,NA,NA,NA,NA,NA,NA,"1","1",NA,NA,NA,NA,NA,NA,"1",NA,NA,NA,NA,NA,NA,NA,45.080553399744,-93.0470111206499,NA,"2",NA,NA,"2",NA,FALSE,FALSE
"Ramsey County Parks and Recreation","alexis.lipstein@co.ramsey.mn.us","62002400","2019-09-05","3","2025-02-10 15:42:32.711604","Unnamed hardworking surveyor(s)","2","1","4",NA,NA,NA,NA,NA,NA,NA,"1",NA,"3",NA,NA,NA,NA,NA,NA,NA,NA,NA,"2",NA,NA,NA,NA,"1",NA,NA,NA,NA,NA,45.080554905137,-93.0431994092984,NA,NA,NA,NA,NA,NA,FALSE,FALSE
"Ramsey County Parks and Recreation","alexis.lipstein@co.ramsey.mn.us","62002400","2019-09-05","3","2025-02-10 15:42:32.711604","Unnamed hardworking surveyor(s)","3",NA,"4",NA,NA,NA,NA,NA,NA,NA,NA,NA,"3",NA,NA,NA,NA,NA,NA,NA,NA,NA,"2",NA,NA,NA,NA,NA,NA,NA,NA,NA,NA,45.0805553786644,-93.0419288387827,NA,NA,NA,NA,NA,NA,FALSE,FALSE
"Ramsey County Parks and Recreation","alexis.lipstein@co.ramsey.mn.us","62002400","2019-09-05","3","2025-02-10 15:42:32.711604","Unnamed hardworking surveyor(s)","4",NA,"5",NA,NA,NA,NA,NA,NA,NA,NA,NA,"3",NA,NA,NA,NA,NA,NA,NA,NA,NA,"2",NA,NA,NA,NA,NA,NA,NA,NA,NA,NA,45.0805558380566,-93.0406582682361,NA,NA,NA,NA,NA,NA,FALSE,FALSE
"Ramsey County Parks and Recreation","alexis.lipstein@co.ramsey.mn.us","62002400","2019-09-05","3","2025-02-10 15:42:32.711604","Unnamed hardworking surveyor(s)","5",NA,"2",NA,NA,NA,NA,NA,NA,NA,NA,NA,"2",NA,NA,NA,NA,NA,NA,NA,NA,NA,"2",NA,NA,NA,NA,NA,NA,NA,NA,NA,NA,45.0805562833138,-93.0393876976594,NA,NA,NA,NA,NA,NA,FALSE,FALSE
"Ramsey County Parks and Recreation","alexis.lipstein@co.ramsey.mn.us","62002400","2019-09-05","3","2025-02-10 15:42:32.711604","Unnamed hardworking surveyor(s)","6","3","4",NA,NA,NA,NA,"3",NA,NA,NA,NA,NA,NA,NA,NA,NA,NA,NA,NA,NA,NA,NA,NA,NA,NA,NA,NA,"1","2",NA,NA,NA,45.081454095278,-93.0457412684943,NA,NA,NA,NA,NA,NA,FALSE,FALSE
"Ramsey County Parks and Recreation","alexis.lipstein@co.ramsey.mn.us","62002400","2019-09-05","3","2025-02-10 15:42:32.711604","Unnamed hardworking surveyor(s)","7","2","5",NA,"2",NA,NA,NA,NA,NA,NA,NA,NA,NA,NA,NA,NA,NA,NA,NA,NA,NA,"3",NA,NA,NA,NA,NA,NA,NA,NA,NA,NA,45.0814545970914,-93.0444706780918,NA,NA,NA,NA,NA,NA,FALSE,FALSE
"Ramsey County Parks and Recreation","alexis.lipstein@co.ramsey.mn.us","62002400","2019-09-05","3","2025-02-10 15:42:32.711604","Unnamed hardworking surveyor(s)","8","1","5",NA,NA,NA,NA,NA,NA,"1",NA,NA,NA,NA,NA,NA,NA,NA,NA,NA,NA,NA,"3",NA,NA,NA,NA,NA,NA,NA,NA,NA,NA,45.0814550847691,-93.0432000876564,NA,NA,NA,NA,NA,NA,FALSE,FALSE
"Ramsey County Parks and Recreation","alexis.lipstein@co.ramsey.mn.us","62002400","2019-09-05","3","2025-02-10 15:42:32.711604","Unnamed hardworking surveyor(s)","9",NA,"6",NA,NA,NA,NA,NA,NA,NA,NA,NA,NA,NA,NA,NA,NA,NA,NA,NA,NA,NA,"3",NA,NA,NA,NA,NA,NA,"1",NA,NA,NA,45.0814555583113,-93.0419294971891,NA,NA,NA,NA,NA,NA,FALSE,FALSE
"Ramsey County Parks and Recreation","alexis.lipstein@co.ramsey.mn.us","62002400","2019-09-05","3","2025-02-10 15:42:32.711604","Unnamed hardworking surveyor(s)","10",NA,"5",NA,NA,NA,NA,NA,NA,NA,NA,NA,NA,NA,NA,NA,NA,NA,NA,NA,NA,NA,"3",NA,NA,NA,NA,NA,NA,NA,NA,NA,NA,45.0814560177179,-93.0406589066908,NA,NA,NA,NA,NA,NA,FALSE,FALSE
"Ramsey County Parks and Recreation","alexis.lipstein@co.ramsey.mn.us","62002400","2019-09-05","3","2025-02-10 15:42:32.711604","Unnamed hardworking surveyor(s)","11",NA,"5",NA,NA,NA,NA,NA,NA,NA,NA,NA,NA,NA,NA,NA,NA,NA,NA,NA,NA,NA,"3",NA,NA,NA,NA,NA,NA,NA,NA,NA,NA,45.0814564629889,-93.0393883161624,NA,NA,NA,NA,NA,NA,FALSE,FALSE
"Ramsey County Parks and Recreation","alexis.lipstein@co.ramsey.mn.us","62002400","2019-09-05","3","2025-02-10 15:42:32.711604","Unnamed hardworking surveyor(s)","12",NA,"6",NA,NA,NA,NA,NA,NA,"2",NA,NA,NA,NA,NA,"1",NA,NA,NA,NA,NA,NA,"3",NA,NA,NA,NA,NA,NA,"3",NA,NA,NA,45.0814568941244,-93.0381177256049,NA,NA,NA,NA,NA,NA,FALSE,FALSE
"Ramsey County Parks and Recreation","alexis.lipstein@co.ramsey.mn.us","62002400","2019-09-05","3","2025-02-10 15:42:32.711604","Unnamed hardworking surveyor(s)","13",NA,"4",NA,NA,NA,NA,NA,NA,NA,NA,NA,"1",NA,NA,NA,NA,NA,NA,NA,NA,NA,"1",NA,NA,NA,NA,"1",NA,NA,NA,NA,NA,45.0814573111242,-93.0368471350192,NA,NA,NA,NA,NA,NA,FALSE,FALSE
"Ramsey County Parks and Recreation","alexis.lipstein@co.ramsey.mn.us","62002400","2019-09-05","3","2025-02-10 15:42:32.711604","Unnamed hardworking surveyor(s)","14","1","2",NA,"1",NA,NA,NA,NA,NA,NA,NA,"1",NA,NA,NA,NA,NA,NA,"3",NA,NA,"2",NA,NA,NA,NA,NA,NA,"1",NA,NA,NA,45.0823542747368,-93.0457419867896,NA,NA,NA,NA,NA,NA,FALSE,FALSE
"Ramsey County Parks and Recreation","alexis.lipstein@co.ramsey.mn.us","62002400","2019-09-05","3","2025-02-10 15:42:32.711604","Unnamed hardworking surveyor(s)","15",NA,"5",NA,"1",NA,NA,NA,NA,NA,NA,NA,NA,NA,NA,NA,NA,NA,NA,NA,NA,NA,"3",NA,NA,NA,NA,NA,NA,"2",NA,NA,NA,45.0823547765658,-93.0444713764344,NA,NA,NA,NA,NA,NA,FALSE,FALSE
"Ramsey County Parks and Recreation","alexis.lipstein@co.ramsey.mn.us","62002400","2019-09-05","3","2025-02-10 15:42:32.711604","Unnamed hardworking surveyor(s)","16","3","5",NA,"3",NA,NA,NA,NA,"1",NA,NA,NA,NA,NA,NA,NA,NA,NA,NA,NA,NA,"3",NA,NA,NA,NA,NA,NA,NA,NA,NA,NA,45.0823552642588,-93.0432007660464,NA,NA,NA,NA,NA,NA,FALSE,FALSE
"Ramsey County Parks and Recreation","alexis.lipstein@co.ramsey.mn.us","62002400","2019-09-05","3","2025-02-10 15:42:32.711604","Unnamed hardworking surveyor(s)","17",NA,"5",NA,"1",NA,NA,NA,NA,NA,NA,NA,NA,NA,NA,NA,NA,NA,NA,NA,NA,NA,"3",NA,NA,NA,NA,NA,NA,"1",NA,NA,NA,45.0823557378157,-93.0419301556264,NA,NA,NA,NA,NA,NA,FALSE,FALSE
"Ramsey County Parks and Recreation","alexis.lipstein@co.ramsey.mn.us","62002400","2019-09-05","3","2025-02-10 15:42:32.711604","Unnamed hardworking surveyor(s)","18",NA,"5",NA,"1",NA,NA,NA,NA,NA,NA,NA,NA,NA,NA,NA,NA,NA,NA,NA,"1",NA,"3",NA,NA,NA,NA,NA,NA,NA,NA,NA,NA,45.0823561972366,-93.0406595451755,NA,NA,NA,NA,NA,NA,FALSE,FALSE
"Ramsey County Parks and Recreation","alexis.lipstein@co.ramsey.mn.us","62002400","2019-09-05","3","2025-02-10 15:42:32.711604","Unnamed hardworking surveyor(s)","19",NA,"5",NA,"1",NA,NA,NA,NA,NA,NA,NA,NA,NA,NA,NA,NA,NA,NA,NA,NA,NA,"3",NA,NA,NA,NA,NA,NA,"1",NA,NA,NA,45.0823566425216,-93.0393889346945,NA,NA,NA,NA,NA,NA,FALSE,FALSE
"Ramsey County Parks and Recreation","alexis.lipstein@co.ramsey.mn.us","62002400","2019-09-05","3","2025-02-10 15:42:32.711604","Unnamed hardworking surveyor(s)","20",NA,"5",NA,NA,NA,NA,NA,NA,NA,NA,NA,"1",NA,NA,NA,NA,NA,NA,NA,NA,NA,"3",NA,NA,NA,NA,NA,NA,"1",NA,NA,NA,45.0823570736705,-93.0381183241844,NA,NA,NA,NA,NA,NA,FALSE,FALSE
"Ramsey County Parks and Recreation","alexis.lipstein@co.ramsey.mn.us","62002400","2019-09-05","3","2025-02-10 15:42:32.711604","Unnamed hardworking surveyor(s)","21",NA,"5",NA,NA,NA,NA,NA,NA,"1",NA,NA,"1",NA,NA,NA,NA,NA,NA,NA,NA,NA,"3",NA,NA,NA,NA,NA,NA,"1",NA,NA,NA,45.0823574906833,-93.0368477136461,NA,NA,NA,NA,NA,NA,FALSE,FALSE
"Ramsey County Parks and Recreation","alexis.lipstein@co.ramsey.mn.us","62002400","2019-09-05","3","2025-02-10 15:42:32.711604","Unnamed hardworking surveyor(s)","22",NA,"3",NA,"1",NA,NA,"2",NA,NA,NA,NA,"3",NA,NA,"1",NA,NA,NA,NA,NA,NA,"1",NA,NA,NA,NA,"1",NA,NA,NA,NA,NA,45.0823578935602,-93.0355771030805,NA,NA,NA,NA,NA,NA,FALSE,FALSE
"Ramsey County Parks and Recreation","alexis.lipstein@co.ramsey.mn.us","62002400","2019-09-05","3","2025-02-10 15:42:32.711604","Unnamed hardworking surveyor(s)","23","1","5",NA,NA,NA,NA,NA,NA,NA,NA,NA,NA,NA,NA,NA,NA,NA,NA,NA,NA,NA,"3",NA,NA,NA,NA,NA,NA,"2",NA,NA,NA,45.0832549558977,-93.0444720748099,NA,NA,NA,NA,NA,NA,FALSE,FALSE
"Ramsey County Parks and Recreation","alexis.lipstein@co.ramsey.mn.us","62002400","2019-09-05","3","2025-02-10 15:42:32.711604","Unnamed hardworking surveyor(s)","24",NA,"5",NA,"1",NA,NA,NA,NA,NA,NA,NA,NA,NA,NA,"1",NA,NA,NA,NA,NA,NA,"3",NA,NA,NA,NA,NA,NA,NA,NA,NA,NA,45.0832554436059,-93.0432014444683,NA,NA,NA,NA,NA,NA,FALSE,FALSE
"Ramsey County Parks and Recreation","alexis.lipstein@co.ramsey.mn.us","62002400","2019-09-05","3","2025-02-10 15:42:32.711604","Unnamed hardworking surveyor(s)","25",NA,"5",NA,"1",NA,NA,NA,NA,NA,NA,NA,NA,NA,NA,NA,NA,NA,NA,NA,NA,NA,"1",NA,NA,NA,NA,NA,NA,"1",NA,NA,NA,45.0832559171776,-93.0419308140948,NA,NA,NA,NA,NA,NA,FALSE,FALSE
"Ramsey County Parks and Recreation","alexis.lipstein@co.ramsey.mn.us","62002400","2019-09-05","3","2025-02-10 15:42:32.711604","Unnamed hardworking surveyor(s)","26",NA,"5",NA,NA,NA,NA,NA,NA,NA,NA,NA,NA,"1",NA,NA,NA,NA,NA,NA,NA,NA,"3",NA,NA,NA,NA,NA,NA,"2",NA,NA,NA,45.0832563766129,-93.0406601836903,NA,NA,NA,"1",NA,NA,FALSE,FALSE
"Ramsey County Parks and Recreation","alexis.lipstein@co.ramsey.mn.us","62002400","2019-09-05","3","2025-02-10 15:42:32.711604","Unnamed hardworking surveyor(s)","27",NA,"5",NA,NA,NA,NA,NA,NA,NA,NA,NA,NA,NA,NA,NA,NA,NA,NA,NA,NA,NA,"3",NA,NA,NA,NA,NA,NA,"2",NA,NA,NA,45.0832568219117,-93.0393895532557,NA,NA,NA,NA,NA,NA,FALSE,FALSE
"Ramsey County Parks and Recreation","alexis.lipstein@co.ramsey.mn.us","62002400","2019-09-05","3","2025-02-10 15:42:32.711604","Unnamed hardworking surveyor(s)","28",NA,"5",NA,NA,NA,NA,NA,NA,NA,NA,NA,NA,NA,NA,"3",NA,NA,NA,NA,NA,NA,"3",NA,NA,NA,NA,NA,NA,"3",NA,NA,NA,45.0832572530741,-93.038118922792,NA,NA,NA,NA,NA,NA,FALSE,FALSE
"Ramsey County Parks and Recreation","alexis.lipstein@co.ramsey.mn.us","62002400","2019-09-05","3","2025-02-10 15:42:32.711604","Unnamed hardworking surveyor(s)","29",NA,"5",NA,NA,NA,NA,NA,NA,NA,NA,NA,NA,NA,NA,NA,NA,NA,NA,NA,NA,NA,"3",NA,NA,NA,NA,NA,NA,"1",NA,NA,NA,45.0832576700999,-93.0368482923001,NA,NA,NA,NA,NA,NA,FALSE,FALSE
"Ramsey County Parks and Recreation","alexis.lipstein@co.ramsey.mn.us","62002400","2019-09-05","3","2025-02-10 15:42:32.711604","Unnamed hardworking surveyor(s)","30",NA,"4",NA,"1",NA,NA,NA,NA,NA,NA,NA,NA,NA,NA,"1",NA,NA,NA,NA,NA,NA,"3",NA,NA,NA,NA,NA,NA,"2",NA,NA,NA,45.0832580729894,-93.035577661781,NA,NA,NA,NA,NA,NA,FALSE,FALSE
"Ramsey County Parks and Recreation","alexis.lipstein@co.ramsey.mn.us","62002400","2019-09-05","3","2025-02-10 15:42:32.711604","Unnamed hardworking surveyor(s)","31",NA,"5",NA,NA,NA,NA,NA,NA,NA,NA,NA,NA,NA,NA,NA,NA,NA,NA,NA,"1",NA,"3",NA,NA,NA,NA,NA,"1","1",NA,NA,NA,45.0841556228105,-93.0432021229222,NA,NA,NA,NA,NA,NA,FALSE,FALSE
"Ramsey County Parks and Recreation","alexis.lipstein@co.ramsey.mn.us","62002400","2019-09-05","3","2025-02-10 15:42:32.711604","Unnamed hardworking surveyor(s)","32",NA,"5",NA,NA,NA,NA,NA,NA,NA,NA,NA,NA,NA,NA,NA,NA,NA,NA,NA,"1",NA,"3",NA,NA,NA,NA,NA,"1","2",NA,NA,NA,45.084156096397,-93.0419314725942,NA,NA,NA,NA,NA,NA,FALSE,FALSE
"Ramsey County Parks and Recreation","alexis.lipstein@co.ramsey.mn.us","62002400","2019-09-05","3","2025-02-10 15:42:32.711604","Unnamed hardworking surveyor(s)","33",NA,"5",NA,NA,NA,NA,NA,NA,NA,NA,NA,NA,NA,NA,NA,NA,NA,NA,NA,"1",NA,"3",NA,NA,NA,NA,NA,NA,NA,"1",NA,NA,45.0841565558466,-93.0406608222351,NA,NA,NA,NA,NA,NA,FALSE,FALSE
"Ramsey County Parks and Recreation","alexis.lipstein@co.ramsey.mn.us","62002400","2019-09-05","3","2025-02-10 15:42:32.711604","Unnamed hardworking surveyor(s)","34",NA,"5",NA,NA,NA,NA,NA,NA,NA,NA,NA,NA,NA,NA,NA,NA,NA,NA,NA,NA,NA,"2",NA,NA,NA,NA,NA,NA,"1",NA,NA,NA,45.0841570011593,-93.039390171846,NA,NA,NA,NA,NA,NA,FALSE,FALSE
"Ramsey County Parks and Recreation","alexis.lipstein@co.ramsey.mn.us","62002400","2019-09-05","3","2025-02-10 15:42:32.711604","Unnamed hardworking surveyor(s)","35",NA,"5",NA,NA,NA,NA,NA,NA,NA,NA,NA,NA,NA,NA,NA,NA,NA,NA,NA,NA,NA,"3",NA,NA,NA,NA,NA,NA,"3",NA,NA,NA,45.0841574323352,-93.0381195214278,NA,NA,NA,NA,NA,NA,FALSE,FALSE
"Ramsey County Parks and Recreation","alexis.lipstein@co.ramsey.mn.us","62002400","2019-09-05","3","2025-02-10 15:42:32.711604","Unnamed hardworking surveyor(s)","36",NA,"5",NA,NA,NA,NA,NA,NA,NA,NA,NA,NA,NA,NA,NA,NA,NA,NA,NA,NA,NA,"3",NA,NA,NA,NA,NA,NA,NA,NA,NA,NA,45.0841578493741,-93.0368488709814,NA,NA,NA,NA,NA,NA,FALSE,FALSE
"Ramsey County Parks and Recreation","alexis.lipstein@co.ramsey.mn.us","62002400","2019-09-05","3","2025-02-10 15:42:32.711604","Unnamed hardworking surveyor(s)","37",NA,"4",NA,NA,NA,NA,NA,NA,NA,NA,NA,"1",NA,NA,NA,NA,NA,NA,NA,"1",NA,"3",NA,NA,NA,NA,NA,NA,NA,NA,NA,NA,45.0841582522761,-93.0355782205078,NA,NA,NA,NA,NA,NA,FALSE,FALSE
"Ramsey County Parks and Recreation","alexis.lipstein@co.ramsey.mn.us","62002400","2019-09-05","3","2025-02-10 15:42:32.711604","Unnamed hardworking surveyor(s)","38",NA,"4",NA,NA,NA,NA,NA,NA,NA,NA,NA,NA,NA,NA,NA,NA,NA,NA,NA,NA,NA,"3",NA,NA,NA,NA,NA,"1","2",NA,NA,NA,45.0850558018726,-93.043202801408,NA,NA,NA,NA,NA,NA,FALSE,FALSE
"Ramsey County Parks and Recreation","alexis.lipstein@co.ramsey.mn.us","62002400","2019-09-05","3","2025-02-10 15:42:32.711604","Unnamed hardworking surveyor(s)","39",NA,"5",NA,NA,NA,NA,NA,NA,NA,NA,NA,NA,NA,NA,NA,NA,NA,NA,NA,NA,NA,"3",NA,NA,NA,NA,NA,NA,NA,NA,NA,NA,45.0850562754739,-93.0419321311245,NA,NA,NA,NA,NA,NA,FALSE,FALSE
"Ramsey County Parks and Recreation","alexis.lipstein@co.ramsey.mn.us","62002400","2019-09-05","3","2025-02-10 15:42:32.711604","Unnamed hardworking surveyor(s)","40",NA,"5",NA,NA,NA,NA,NA,NA,NA,NA,NA,"1",NA,NA,NA,NA,NA,NA,NA,NA,NA,"3",NA,NA,NA,NA,NA,NA,"2",NA,NA,NA,45.0850567349379,-93.0406614608101,NA,NA,NA,NA,NA,NA,FALSE,FALSE
"Ramsey County Parks and Recreation","alexis.lipstein@co.ramsey.mn.us","62002400","2019-09-05","3","2025-02-10 15:42:32.711604","Unnamed hardworking surveyor(s)","41",NA,"5",NA,NA,NA,NA,NA,NA,NA,NA,NA,NA,NA,NA,NA,NA,NA,NA,NA,NA,NA,"3",NA,NA,NA,NA,NA,NA,"1",NA,NA,NA,45.0850571802645,-93.0393907904655,NA,NA,NA,NA,NA,NA,FALSE,FALSE
"Ramsey County Parks and Recreation","alexis.lipstein@co.ramsey.mn.us","62002400","2019-09-05","3","2025-02-10 15:42:32.711604","Unnamed hardworking surveyor(s)","42",NA,"4",NA,NA,NA,NA,NA,NA,NA,NA,NA,"2",NA,NA,NA,NA,NA,NA,NA,NA,NA,"2",NA,NA,NA,NA,"2",NA,NA,NA,NA,NA,45.0850576114538,-93.0381201200918,NA,NA,NA,NA,NA,NA,FALSE,FALSE
"Ramsey County Parks and Recreation","alexis.lipstein@co.ramsey.mn.us","62002400","2019-09-05","3","2025-02-10 15:42:32.711604","Unnamed hardworking surveyor(s)","43",NA,"5",NA,NA,NA,NA,NA,NA,NA,NA,NA,NA,NA,NA,NA,NA,NA,NA,NA,NA,NA,"3",NA,NA,NA,NA,NA,NA,"1",NA,NA,NA,45.0859569138866,-93.040662099415,NA,NA,NA,NA,NA,NA,FALSE,FALSE
"Ramsey County Parks and Recreation","alexis.lipstein@co.ramsey.mn.us","62002400","2019-09-05","3","2025-02-10 15:42:32.711604","Unnamed hardworking surveyor(s)","44",NA,"5",NA,NA,NA,NA,NA,NA,NA,NA,NA,NA,NA,NA,NA,NA,NA,NA,NA,NA,NA,"3",NA,NA,NA,NA,NA,NA,NA,NA,NA,NA,45.0859573592272,-93.0393914091141,NA,NA,NA,NA,NA,NA,FALSE,FALSE
"Ramsey County Parks and Recreation","alexis.lipstein@co.ramsey.mn.us","62002400","2019-09-05","3","2025-02-10 15:42:32.711604","Unnamed hardworking surveyor(s)","45",NA,"1",NA,NA,NA,NA,NA,NA,NA,NA,NA,"3",NA,NA,NA,NA,NA,NA,NA,NA,NA,"3",NA,NA,NA,NA,NA,NA,NA,NA,NA,NA,45.0868575380473,-93.0393920277918,NA,NA,NA,NA,NA,NA,FALSE,FALSE
"Ramsey County Parks and Recreation","alexis.lipstein@co.ramsey.mn.us","62000600","2024-06-27","3","2025-02-11 11:51:55.035165","Unnamed hardworking surveyor(s)","2",NA,"2.3",NA,NA,NA,NA,"2",NA,NA,NA,NA,"1",NA,NA,NA,NA,NA,NA,NA,NA,NA,NA,NA,NA,NA,NA,NA,NA,NA,NA,"1",NA,NA,NA,NA,NA,NA,NA,NA,"1",TRUE,TRUE
"Ramsey County Parks and Recreation","alexis.lipstein@co.ramsey.mn.us","62000600","2024-06-27","3","2025-02-11 11:51:55.035165","Unnamed hardworking surveyor(s)","3",NA,"3.61",NA,NA,NA,NA,"1",NA,NA,NA,NA,NA,NA,NA,NA,NA,NA,NA,NA,NA,NA,NA,NA,NA,NA,NA,"1",NA,NA,NA,"1",NA,NA,NA,NA,NA,NA,NA,NA,"1",TRUE,TRUE
"Ramsey County Parks and Recreation","alexis.lipstein@co.ramsey.mn.us","62000600","2024-06-27","3","2025-02-11 11:51:55.035165","Unnamed hardworking surveyor(s)","4",NA,"1.97",NA,NA,NA,NA,NA,NA,NA,NA,NA,NA,NA,NA,NA,NA,NA,NA,NA,NA,NA,NA,NA,NA,NA,NA,NA,NA,NA,NA,NA,NA,NA,NA,NA,NA,NA,NA,NA,"1",TRUE,TRUE
"Ramsey County Parks and Recreation","alexis.lipstein@co.ramsey.mn.us","62000600","2024-06-27","3","2025-02-11 11:51:55.035165","Unnamed hardworking surveyor(s)","5","1","2.95","1",NA,NA,"1",NA,NA,NA,NA,NA,NA,NA,NA,NA,NA,NA,NA,NA,NA,NA,NA,NA,NA,NA,NA,NA,NA,NA,NA,NA,NA,NA,NA,NA,NA,NA,NA,NA,"2",TRUE,TRUE
"Ramsey County Parks and Recreation","alexis.lipstein@co.ramsey.mn.us","62000600","2024-06-27","3","2025-02-11 11:51:55.035165","Unnamed hardworking surveyor(s)","6",NA,"3.94",NA,NA,NA,"1","1",NA,NA,NA,NA,NA,NA,NA,NA,NA,NA,NA,NA,NA,NA,NA,NA,NA,NA,NA,NA,NA,NA,NA,"1",NA,NA,NA,NA,NA,NA,NA,NA,"1",TRUE,TRUE
"Ramsey County Parks and Recreation","alexis.lipstein@co.ramsey.mn.us","62000600","2024-06-27","3","2025-02-11 11:51:55.035165","Unnamed hardworking surveyor(s)","7","1","1.64",NA,NA,NA,"3",NA,NA,NA,NA,NA,NA,NA,NA,NA,NA,NA,NA,NA,NA,NA,NA,NA,"1",NA,NA,NA,NA,NA,NA,"2",NA,NA,NA,NA,NA,NA,NA,NA,NA,TRUE,TRUE
"Ramsey County Parks and Recreation","alexis.lipstein@co.ramsey.mn.us","62000600","2024-06-27","3","2025-02-11 11:51:55.035165","Unnamed hardworking surveyor(s)","8","1","1.97",NA,NA,NA,"1","2",NA,NA,NA,NA,NA,NA,NA,NA,NA,NA,NA,NA,NA,NA,NA,NA,"2",NA,NA,NA,NA,NA,NA,"1",NA,NA,NA,NA,NA,NA,NA,NA,NA,TRUE,TRUE
"Ramsey County Parks and Recreation","alexis.lipstein@co.ramsey.mn.us","62000600","2024-06-27","3","2025-02-11 11:51:55.035165","Unnamed hardworking surveyor(s)","9","1","2.62",NA,NA,NA,"1",NA,NA,NA,NA,NA,NA,NA,NA,NA,NA,NA,NA,NA,NA,NA,NA,NA,"1",NA,NA,NA,NA,NA,NA,"1",NA,NA,NA,NA,NA,NA,NA,NA,"1",TRUE,TRUE
"Ramsey County Parks and Recreation","alexis.lipstein@co.ramsey.mn.us","62000600","2024-06-27","3","2025-02-11 11:51:55.035165","Unnamed hardworking surveyor(s)","10","1","1.97",NA,"1",NA,"1",NA,NA,NA,NA,"1",NA,NA,NA,NA,NA,NA,NA,NA,NA,NA,NA,NA,NA,"1",NA,NA,NA,NA,NA,"1",NA,NA,NA,NA,NA,NA,NA,NA,"1",TRUE,TRUE
"Ramsey County Parks and Recreation","alexis.lipstein@co.ramsey.mn.us","62000600","2024-06-27","3","2025-02-11 11:51:55.035165","Unnamed hardworking surveyor(s)","11",NA,"1.64",NA,NA,NA,"1",NA,NA,NA,NA,"1",NA,NA,NA,NA,NA,NA,NA,NA,NA,NA,NA,NA,"1",NA,NA,NA,NA,NA,NA,NA,NA,NA,NA,NA,NA,NA,NA,NA,NA,TRUE,TRUE
"Ramsey County Parks and Recreation","alexis.lipstein@co.ramsey.mn.us","62000600","2024-06-27","3","2025-02-11 11:51:55.035165","Unnamed hardworking surveyor(s)","12","1","1.31",NA,NA,NA,"1","2",NA,NA,NA,"1",NA,NA,NA,NA,NA,NA,NA,NA,"2",NA,NA,NA,"2",NA,NA,NA,NA,NA,NA,"2","1",NA,NA,NA,NA,NA,NA,NA,NA,TRUE,TRUE
"Ramsey County Parks and Recreation","alexis.lipstein@co.ramsey.mn.us","62000600","2024-06-27","3","2025-02-11 11:51:55.035165","Unnamed hardworking surveyor(s)","13","1","1.31",NA,"1",NA,"2","2",NA,NA,NA,"1",NA,NA,NA,NA,NA,NA,NA,NA,"1",NA,NA,"1","1",NA,NA,NA,NA,NA,NA,"2","1",NA,NA,NA,NA,NA,NA,NA,NA,TRUE,TRUE
"Ramsey County Parks and Recreation","alexis.lipstein@co.ramsey.mn.us","62000600","2024-06-27","3","2025-02-11 11:51:55.035165","Unnamed hardworking surveyor(s)","14","1","1.64",NA,NA,NA,"1","1",NA,NA,NA,"1",NA,NA,NA,NA,NA,NA,NA,NA,NA,NA,NA,NA,"1",NA,NA,NA,NA,NA,NA,"1",NA,NA,NA,NA,NA,NA,NA,NA,"1",TRUE,TRUE
"Ramsey County Parks and Recreation","alexis.lipstein@co.ramsey.mn.us","62000600","2024-06-27","3","2025-02-11 11:51:55.035165","Unnamed hardworking surveyor(s)","15","2","1.31",NA,"1",NA,"2",NA,NA,NA,NA,"1",NA,NA,NA,NA,NA,NA,NA,NA,NA,NA,NA,NA,"1",NA,NA,NA,NA,NA,NA,"1","1",NA,NA,NA,NA,NA,NA,NA,NA,TRUE,TRUE
"Ramsey County Parks and Recreation","alexis.lipstein@co.ramsey.mn.us","62000600","2024-06-27","3","2025-02-11 11:51:55.035165","Unnamed hardworking surveyor(s)","16","1","1.31",NA,"1",NA,"1","1",NA,NA,NA,"1",NA,NA,NA,NA,NA,NA,NA,NA,"1",NA,NA,NA,"3",NA,NA,NA,NA,NA,NA,"2",NA,NA,NA,NA,NA,NA,NA,NA,"1",TRUE,TRUE
"Ramsey County Parks and Recreation","alexis.lipstein@co.ramsey.mn.us","62000600","2024-06-27","3","2025-02-11 11:51:55.035165","Unnamed hardworking surveyor(s)","17","1","3.28","v","2",NA,"1","1",NA,NA,NA,NA,NA,NA,NA,NA,NA,NA,NA,"1","2",NA,NA,NA,"2",NA,NA,NA,NA,NA,NA,"1",NA,NA,NA,NA,NA,NA,NA,NA,"1",TRUE,TRUE
"Ramsey County Parks and Recreation","alexis.lipstein@co.ramsey.mn.us","62000600","2024-06-27","3","2025-02-11 11:51:55.035165","Unnamed hardworking surveyor(s)","18","1","3.28",NA,NA,NA,"1","1",NA,NA,NA,"2",NA,NA,NA,NA,NA,NA,NA,NA,NA,NA,NA,NA,"1",NA,NA,NA,NA,NA,NA,"1",NA,NA,NA,NA,NA,NA,NA,NA,"1",TRUE,TRUE
"Ramsey County Parks and Recreation","alexis.lipstein@co.ramsey.mn.us","62000600","2024-06-27","3","2025-02-11 11:51:55.035165","Unnamed hardworking surveyor(s)","19","1","2.3",NA,NA,NA,NA,"2",NA,NA,NA,"1",NA,NA,NA,NA,NA,NA,NA,NA,NA,NA,NA,NA,"1",NA,NA,NA,NA,NA,NA,"1",NA,NA,NA,NA,NA,NA,NA,NA,NA,TRUE,TRUE
"Ramsey County Parks and Recreation","alexis.lipstein@co.ramsey.mn.us","62000600","2024-06-27","3","2025-02-11 11:51:55.035165","Unnamed hardworking surveyor(s)","20","2","2.62",NA,NA,NA,"1","2",NA,NA,NA,"1",NA,NA,NA,NA,NA,NA,NA,NA,NA,NA,NA,NA,"2",NA,NA,NA,NA,NA,NA,"1",NA,NA,NA,NA,NA,NA,NA,NA,NA,TRUE,TRUE
"Ramsey County Parks and Recreation","alexis.lipstein@co.ramsey.mn.us","62000600","2024-06-27","3","2025-02-11 11:51:55.035165","Unnamed hardworking surveyor(s)","21","1","2.62",NA,NA,NA,NA,"2",NA,NA,NA,"1",NA,NA,NA,NA,NA,NA,NA,NA,NA,NA,NA,NA,"1",NA,NA,NA,NA,NA,NA,"1",NA,NA,NA,NA,NA,NA,NA,NA,NA,TRUE,TRUE
"Ramsey County Parks and Recreation","alexis.lipstein@co.ramsey.mn.us","62000600","2024-06-27","3","2025-02-11 11:51:55.035165","Unnamed hardworking surveyor(s)","22","1","1.97","1","1",NA,"1",NA,NA,NA,NA,"1",NA,NA,NA,NA,NA,NA,NA,NA,NA,NA,NA,NA,NA,NA,NA,NA,NA,NA,NA,NA,NA,NA,NA,NA,NA,NA,NA,NA,NA,TRUE,TRUE
"Ramsey County Parks and Recreation","alexis.lipstein@co.ramsey.mn.us","62000600","2024-06-27","3","2025-02-11 11:51:55.035165","Unnamed hardworking surveyor(s)","23",NA,"2.95",NA,NA,NA,NA,NA,NA,NA,NA,NA,NA,NA,NA,NA,NA,NA,NA,NA,NA,NA,NA,NA,NA,NA,NA,NA,NA,NA,NA,NA,NA,NA,NA,NA,NA,NA,NA,NA,NA,TRUE,TRUE
"Ramsey County Parks and Recreation","alexis.lipstein@co.ramsey.mn.us","62000600","2024-06-27","3","2025-02-11 11:51:55.035165","Unnamed hardworking surveyor(s)","24",NA,"4.59",NA,NA,NA,NA,NA,NA,NA,NA,NA,NA,NA,NA,NA,NA,NA,NA,NA,NA,NA,NA,NA,NA,NA,NA,NA,NA,NA,NA,NA,NA,NA,NA,NA,NA,NA,NA,NA,"1",TRUE,TRUE
"Ramsey County Parks and Recreation","alexis.lipstein@co.ramsey.mn.us","62000600","2024-06-27","3","2025-02-11 11:51:55.035165","Unnamed hardworking surveyor(s)","25","1","5.25",NA,NA,NA,NA,NA,NA,NA,NA,NA,NA,NA,NA,NA,NA,NA,NA,NA,NA,NA,NA,NA,NA,NA,NA,NA,NA,NA,NA,NA,NA,NA,NA,NA,NA,NA,NA,NA,NA,TRUE,TRUE
"Ramsey County Parks and Recreation","alexis.lipstein@co.ramsey.mn.us","62000600","2024-06-27","3","2025-02-11 11:51:55.035165","Unnamed hardworking surveyor(s)","26",NA,"5.91","1",NA,NA,NA,NA,NA,NA,NA,NA,NA,NA,NA,NA,NA,NA,NA,NA,NA,NA,NA,NA,NA,NA,NA,NA,NA,NA,NA,NA,NA,NA,NA,NA,NA,NA,NA,NA,"1",TRUE,TRUE
"Ramsey County Parks and Recreation","alexis.lipstein@co.ramsey.mn.us","62000600","2024-06-27","3","2025-02-11 11:51:55.035165","Unnamed hardworking surveyor(s)","27","1","8.2",NA,NA,NA,NA,NA,NA,NA,NA,NA,NA,NA,NA,NA,NA,NA,NA,NA,NA,NA,NA,NA,NA,NA,NA,NA,NA,NA,NA,NA,NA,NA,NA,NA,NA,NA,NA,NA,NA,TRUE,TRUE
"Ramsey County Parks and Recreation","alexis.lipstein@co.ramsey.mn.us","62000600","2024-06-27","3","2025-02-11 11:51:55.035165","Unnamed hardworking surveyor(s)","28",NA,"5.25","1",NA,NA,NA,NA,NA,NA,NA,"1",NA,NA,NA,NA,NA,NA,NA,NA,NA,NA,NA,NA,NA,NA,NA,NA,NA,NA,NA,NA,NA,NA,NA,NA,NA,NA,NA,NA,NA,TRUE,TRUE
"Ramsey County Parks and Recreation","alexis.lipstein@co.ramsey.mn.us","62000600","2024-06-27","3","2025-02-11 11:51:55.035165","Unnamed hardworking surveyor(s)","29","1","4.27",NA,NA,NA,"1",NA,NA,NA,NA,NA,NA,NA,NA,NA,NA,NA,NA,NA,NA,NA,NA,NA,NA,NA,NA,NA,NA,NA,NA,NA,NA,NA,NA,NA,NA,NA,NA,NA,NA,TRUE,TRUE
"Ramsey County Parks and Recreation","alexis.lipstein@co.ramsey.mn.us","62000600","2024-06-27","3","2025-02-11 11:51:55.035165","Unnamed hardworking surveyor(s)","30","1","4.27",NA,NA,NA,"1",NA,NA,NA,NA,"2",NA,NA,NA,NA,NA,NA,NA,NA,NA,NA,NA,NA,"1",NA,NA,NA,NA,NA,NA,"1",NA,NA,NA,NA,NA,NA,NA,NA,"1",TRUE,TRUE
"Ramsey County Parks and Recreation","alexis.lipstein@co.ramsey.mn.us","62000600","2024-06-27","3","2025-02-11 11:51:55.035165","Unnamed hardworking surveyor(s)","31","1","2.62",NA,NA,NA,"1","2",NA,NA,NA,"1",NA,NA,NA,NA,NA,NA,NA,NA,NA,NA,NA,NA,"1",NA,NA,NA,NA,NA,NA,"1",NA,NA,NA,NA,NA,NA,NA,NA,NA,TRUE,TRUE
"Ramsey County Parks and Recreation","alexis.lipstein@co.ramsey.mn.us","62000600","2024-06-27","3","2025-02-11 11:51:55.035165","Unnamed hardworking surveyor(s)","32","2","1.97",NA,NA,NA,"1","2",NA,NA,NA,"1",NA,NA,NA,NA,NA,NA,NA,NA,NA,NA,NA,NA,"3",NA,NA,NA,NA,NA,NA,"2",NA,NA,NA,NA,NA,NA,NA,NA,NA,TRUE,TRUE
"Ramsey County Parks and Recreation","alexis.lipstein@co.ramsey.mn.us","62000600","2024-06-27","3","2025-02-11 11:51:55.035165","Unnamed hardworking surveyor(s)","33","3","1.64","1",NA,NA,"2","2",NA,NA,NA,NA,NA,NA,NA,NA,NA,NA,NA,NA,"1",NA,NA,NA,"2",NA,NA,NA,NA,NA,NA,"1",NA,NA,NA,NA,NA,NA,NA,NA,NA,TRUE,TRUE
"Ramsey County Parks and Recreation","alexis.lipstein@co.ramsey.mn.us","62000600","2024-06-27","3","2025-02-11 11:51:55.035165","Unnamed hardworking surveyor(s)","34","1","2.3",NA,NA,NA,"1","1",NA,NA,NA,"1",NA,NA,NA,NA,NA,NA,NA,NA,NA,NA,NA,NA,"1",NA,NA,NA,NA,NA,NA,"1",NA,NA,NA,NA,NA,NA,NA,NA,"1",TRUE,TRUE
"Ramsey County Parks and Recreation","alexis.lipstein@co.ramsey.mn.us","62000600","2024-06-27","3","2025-02-11 11:51:55.035165","Unnamed hardworking surveyor(s)","35","1","4.92",NA,NA,NA,NA,NA,NA,NA,NA,"1",NA,NA,NA,NA,NA,NA,NA,NA,NA,NA,NA,NA,NA,NA,NA,NA,NA,NA,NA,NA,NA,NA,NA,NA,NA,NA,NA,NA,NA,TRUE,TRUE
"Ramsey County Parks and Recreation","alexis.lipstein@co.ramsey.mn.us","62000600","2024-06-27","3","2025-02-11 11:51:55.035165","Unnamed hardworking surveyor(s)","36","1","5.58",NA,NA,NA,NA,NA,NA,NA,NA,"1",NA,NA,NA,NA,NA,NA,NA,NA,NA,NA,NA,NA,NA,NA,NA,NA,NA,NA,NA,NA,NA,NA,NA,NA,NA,NA,NA,NA,NA,TRUE,TRUE
"Ramsey County Parks and Recreation","alexis.lipstein@co.ramsey.mn.us","62000600","2024-06-27","3","2025-02-11 11:51:55.035165","Unnamed hardworking surveyor(s)","37","1","5.58","1",NA,NA,NA,NA,NA,NA,NA,NA,NA,NA,NA,NA,NA,NA,NA,NA,NA,NA,NA,NA,NA,NA,NA,NA,NA,NA,NA,NA,NA,NA,NA,NA,NA,NA,NA,NA,NA,TRUE,TRUE
"Ramsey County Parks and Recreation","alexis.lipstein@co.ramsey.mn.us","62000600","2024-06-27","3","2025-02-11 11:51:55.035165","Unnamed hardworking surveyor(s)","38",NA,"8.2",NA,NA,NA,NA,NA,NA,NA,NA,NA,NA,NA,NA,NA,NA,NA,NA,NA,NA,NA,NA,NA,NA,NA,NA,NA,NA,NA,NA,NA,NA,NA,NA,NA,NA,NA,NA,NA,NA,TRUE,TRUE
"Ramsey County Parks and Recreation","alexis.lipstein@co.ramsey.mn.us","62000600","2024-06-27","3","2025-02-11 11:51:55.035165","Unnamed hardworking surveyor(s)","39","1","5.58",NA,NA,NA,NA,NA,NA,NA,NA,NA,NA,NA,NA,NA,NA,NA,NA,NA,NA,NA,NA,NA,NA,NA,NA,NA,NA,NA,NA,NA,NA,NA,NA,NA,NA,NA,NA,NA,NA,TRUE,TRUE
"Ramsey County Parks and Recreation","alexis.lipstein@co.ramsey.mn.us","62000600","2024-06-27","3","2025-02-11 11:51:55.035165","Unnamed hardworking surveyor(s)","40",NA,"5.91",NA,NA,NA,NA,NA,NA,NA,NA,NA,NA,NA,NA,NA,NA,NA,NA,NA,NA,NA,NA,NA,NA,NA,NA,NA,NA,NA,NA,NA,NA,NA,NA,NA,NA,NA,NA,NA,NA,TRUE,TRUE
"Ramsey County Parks and Recreation","alexis.lipstein@co.ramsey.mn.us","62000600","2024-06-27","3","2025-02-11 11:51:55.035165","Unnamed hardworking surveyor(s)","41",NA,"6.89",NA,NA,NA,NA,NA,NA,NA,NA,NA,NA,NA,NA,NA,NA,NA,NA,NA,NA,NA,NA,NA,NA,NA,NA,NA,NA,NA,NA,NA,NA,NA,NA,NA,NA,NA,NA,NA,NA,TRUE,TRUE
"Ramsey County Parks and Recreation","alexis.lipstein@co.ramsey.mn.us","62000600","2024-06-27","3","2025-02-11 11:51:55.035165","Unnamed hardworking surveyor(s)","42",NA,"5.58",NA,NA,NA,NA,NA,NA,NA,NA,NA,NA,NA,NA,NA,NA,NA,NA,NA,NA,NA,NA,NA,NA,NA,NA,NA,NA,NA,NA,NA,NA,NA,NA,NA,NA,NA,NA,NA,NA,TRUE,TRUE
"Ramsey County Parks and Recreation","alexis.lipstein@co.ramsey.mn.us","62000600","2024-06-27","3","2025-02-11 11:51:55.035165","Unnamed hardworking surveyor(s)","43",NA,"3.94",NA,NA,NA,NA,NA,NA,NA,NA,NA,NA,NA,NA,NA,NA,NA,NA,NA,NA,NA,NA,NA,NA,NA,NA,NA,NA,NA,NA,NA,NA,NA,NA,NA,NA,NA,NA,NA,NA,TRUE,TRUE
"Ramsey County Parks and Recreation","alexis.lipstein@co.ramsey.mn.us","62000600","2024-06-27","3","2025-02-11 11:51:55.035165","Unnamed hardworking surveyor(s)","44",NA,"3.94",NA,NA,NA,NA,NA,NA,NA,NA,NA,NA,NA,NA,NA,NA,NA,NA,NA,NA,NA,NA,NA,NA,NA,NA,NA,NA,NA,NA,NA,NA,NA,NA,NA,NA,NA,NA,NA,NA,TRUE,TRUE
"Ramsey County Parks and Recreation","alexis.lipstein@co.ramsey.mn.us","62000600","2024-06-27","3","2025-02-11 11:51:55.035165","Unnamed hardworking surveyor(s)","45",NA,"6.89",NA,NA,NA,NA,NA,NA,NA,NA,NA,NA,NA,NA,NA,NA,NA,NA,NA,NA,NA,NA,NA,NA,NA,NA,NA,NA,NA,NA,NA,NA,NA,NA,NA,NA,NA,NA,NA,NA,TRUE,TRUE
"Ramsey County Parks and Recreation","alexis.lipstein@co.ramsey.mn.us","62000600","2024-06-27","3","2025-02-11 11:51:55.035165","Unnamed hardworking surveyor(s)","46",NA,"7.87",NA,NA,NA,NA,NA,NA,NA,NA,NA,NA,NA,NA,NA,NA,NA,NA,NA,NA,NA,NA,NA,NA,NA,NA,NA,NA,NA,NA,NA,NA,NA,NA,NA,NA,NA,NA,NA,NA,TRUE,TRUE
"Ramsey County Parks and Recreation","alexis.lipstein@co.ramsey.mn.us","62000600","2024-06-27","3","2025-02-11 11:51:55.035165","Unnamed hardworking surveyor(s)","47",NA,"8.2",NA,NA,NA,NA,NA,NA,NA,NA,NA,NA,NA,NA,NA,NA,NA,NA,NA,NA,NA,NA,NA,NA,NA,NA,NA,NA,NA,NA,NA,NA,NA,NA,NA,NA,NA,NA,NA,NA,TRUE,TRUE
"Ramsey County Parks and Recreation","alexis.lipstein@co.ramsey.mn.us","62000600","2024-06-27","3","2025-02-11 11:51:55.035165","Unnamed hardworking surveyor(s)","48",NA,"8.2",NA,NA,NA,NA,NA,NA,NA,NA,NA,NA,NA,NA,NA,NA,NA,NA,NA,NA,NA,NA,NA,NA,NA,NA,NA,NA,NA,NA,NA,NA,NA,NA,NA,NA,NA,NA,NA,NA,TRUE,TRUE
"Ramsey County Parks and Recreation","alexis.lipstein@co.ramsey.mn.us","62000600","2024-06-27","3","2025-02-11 11:51:55.035165","Unnamed hardworking surveyor(s)","49",NA,"8.2",NA,NA,NA,NA,NA,NA,NA,NA,NA,NA,NA,NA,NA,NA,NA,NA,NA,NA,NA,NA,NA,NA,NA,NA,NA,NA,NA,NA,NA,NA,NA,NA,NA,NA,NA,NA,NA,"1",TRUE,TRUE
"Ramsey County Parks and Recreation","alexis.lipstein@co.ramsey.mn.us","62000600","2024-06-27","3","2025-02-11 11:51:55.035165","Unnamed hardworking surveyor(s)","50",NA,"11.15",NA,NA,NA,"1",NA,NA,NA,NA,NA,NA,NA,NA,NA,NA,NA,NA,NA,NA,NA,NA,NA,NA,NA,NA,NA,NA,NA,NA,NA,NA,NA,NA,NA,NA,NA,NA,NA,NA,TRUE,TRUE
"Ramsey County Parks and Recreation","alexis.lipstein@co.ramsey.mn.us","62000600","2024-06-27","3","2025-02-11 11:51:55.035165","Unnamed hardworking surveyor(s)","51",NA,"8.53",NA,NA,NA,NA,NA,NA,NA,NA,"1",NA,NA,NA,NA,NA,NA,NA,NA,NA,NA,NA,NA,NA,NA,NA,NA,NA,NA,NA,NA,NA,NA,NA,NA,NA,NA,NA,NA,NA,TRUE,TRUE
"Ramsey County Parks and Recreation","alexis.lipstein@co.ramsey.mn.us","62000600","2024-06-27","3","2025-02-11 11:51:55.035165","Unnamed hardworking surveyor(s)","52","1","8.53",NA,NA,NA,NA,NA,NA,NA,NA,NA,NA,NA,NA,NA,NA,NA,NA,NA,NA,NA,NA,NA,NA,NA,NA,NA,NA,NA,NA,NA,NA,NA,NA,NA,NA,NA,NA,NA,NA,TRUE,TRUE
"Ramsey County Parks and Recreation","alexis.lipstein@co.ramsey.mn.us","62000600","2024-06-27","3","2025-02-11 11:51:55.035165","Unnamed hardworking surveyor(s)","53","1","3.61",NA,NA,NA,"1","1",NA,NA,NA,"1",NA,NA,NA,NA,NA,NA,NA,NA,NA,NA,NA,NA,"1","1",NA,NA,NA,NA,NA,"1",NA,NA,NA,NA,NA,NA,NA,NA,NA,TRUE,TRUE
"Ramsey County Parks and Recreation","alexis.lipstein@co.ramsey.mn.us","62000600","2024-06-27","3","2025-02-11 11:51:55.035165","Unnamed hardworking surveyor(s)","54","2","1.31",NA,NA,NA,"1","2",NA,NA,NA,"1",NA,NA,NA,NA,NA,NA,NA,NA,"1",NA,NA,NA,"2",NA,NA,NA,NA,NA,NA,"1",NA,NA,NA,NA,NA,NA,NA,NA,NA,TRUE,TRUE
"Ramsey County Parks and Recreation","alexis.lipstein@co.ramsey.mn.us","62000600","2024-06-27","3","2025-02-11 11:51:55.035165","Unnamed hardworking surveyor(s)","55","1","1.64",NA,"1",NA,"2","1",NA,NA,NA,"1",NA,NA,NA,NA,NA,NA,NA,NA,NA,NA,NA,NA,"1",NA,NA,NA,NA,NA,NA,"2",NA,NA,NA,NA,NA,NA,NA,NA,NA,TRUE,TRUE
"Ramsey County Parks and Recreation","alexis.lipstein@co.ramsey.mn.us","62000600","2024-06-27","3","2025-02-11 11:51:55.035165","Unnamed hardworking surveyor(s)","56","1","3.28","1",NA,NA,NA,"1",NA,NA,NA,"1",NA,NA,NA,NA,NA,NA,NA,NA,NA,NA,NA,NA,"1",NA,NA,NA,NA,NA,NA,"1","1",NA,NA,NA,NA,NA,NA,NA,NA,TRUE,TRUE
"Ramsey County Parks and Recreation","alexis.lipstein@co.ramsey.mn.us","62000600","2024-06-27","3","2025-02-11 11:51:55.035165","Unnamed hardworking surveyor(s)","57","1","8.53",NA,NA,NA,NA,NA,NA,NA,NA,NA,NA,NA,NA,NA,NA,NA,NA,NA,NA,NA,NA,NA,NA,NA,NA,NA,NA,NA,NA,NA,NA,NA,NA,NA,NA,NA,NA,NA,NA,TRUE,TRUE
"Ramsey County Parks and Recreation","alexis.lipstein@co.ramsey.mn.us","62000600","2024-06-27","3","2025-02-11 11:51:55.035165","Unnamed hardworking surveyor(s)","58","1","9.84","1",NA,NA,NA,NA,NA,NA,NA,NA,NA,NA,NA,NA,NA,NA,NA,NA,NA,NA,NA,NA,NA,NA,NA,NA,NA,NA,NA,NA,NA,NA,NA,NA,NA,NA,NA,NA,NA,TRUE,TRUE
"Ramsey County Parks and Recreation","alexis.lipstein@co.ramsey.mn.us","62000600","2024-06-27","3","2025-02-11 11:51:55.035165","Unnamed hardworking surveyor(s)","59",NA,"9.19",NA,NA,NA,NA,NA,NA,NA,NA,NA,NA,NA,NA,NA,NA,NA,NA,NA,NA,NA,NA,NA,NA,NA,NA,NA,NA,NA,NA,NA,NA,NA,NA,NA,NA,NA,NA,NA,NA,TRUE,TRUE
"Ramsey County Parks and Recreation","alexis.lipstein@co.ramsey.mn.us","62000600","2024-06-27","3","2025-02-11 11:51:55.035165","Unnamed hardworking surveyor(s)","60",NA,"9.51",NA,NA,NA,NA,NA,NA,NA,NA,NA,NA,NA,NA,NA,NA,NA,NA,NA,NA,NA,NA,NA,NA,NA,NA,NA,NA,NA,NA,NA,NA,NA,NA,NA,NA,NA,NA,NA,NA,TRUE,TRUE
"Ramsey County Parks and Recreation","alexis.lipstein@co.ramsey.mn.us","62000600","2024-06-27","3","2025-02-11 11:51:55.035165","Unnamed hardworking surveyor(s)","61",NA,"11.15",NA,NA,NA,NA,NA,NA,NA,NA,NA,NA,NA,NA,NA,NA,NA,NA,NA,NA,NA,NA,NA,NA,NA,NA,NA,NA,NA,NA,NA,NA,NA,NA,NA,NA,NA,NA,NA,NA,TRUE,TRUE
"Ramsey County Parks and Recreation","alexis.lipstein@co.ramsey.mn.us","62000600","2024-06-27","3","2025-02-11 11:51:55.035165","Unnamed hardworking surveyor(s)","62",NA,"8.53",NA,NA,NA,NA,NA,NA,NA,NA,NA,NA,NA,NA,NA,NA,NA,NA,NA,NA,NA,NA,NA,NA,NA,NA,NA,NA,NA,NA,NA,NA,NA,NA,NA,NA,NA,NA,NA,NA,TRUE,TRUE
"Ramsey County Parks and Recreation","alexis.lipstein@co.ramsey.mn.us","62000600","2024-06-27","3","2025-02-11 11:51:55.035165","Unnamed hardworking surveyor(s)","63",NA,"7.22",NA,NA,NA,NA,NA,NA,NA,NA,NA,NA,NA,NA,NA,NA,NA,NA,NA,NA,NA,NA,NA,NA,NA,NA,NA,NA,NA,NA,NA,NA,NA,NA,NA,NA,NA,NA,NA,NA,TRUE,TRUE
"Ramsey County Parks and Recreation","alexis.lipstein@co.ramsey.mn.us","62000600","2024-06-27","3","2025-02-11 11:51:55.035165","Unnamed hardworking surveyor(s)","64","1","3.61",NA,"1",NA,NA,NA,NA,NA,NA,NA,NA,NA,NA,NA,NA,NA,NA,NA,NA,NA,NA,NA,NA,NA,NA,NA,NA,NA,NA,NA,NA,NA,NA,NA,NA,NA,NA,NA,NA,TRUE,TRUE
"Ramsey County Parks and Recreation","alexis.lipstein@co.ramsey.mn.us","62000600","2024-06-27","3","2025-02-11 11:51:55.035165","Unnamed hardworking surveyor(s)","65",NA,"4.27",NA,NA,NA,NA,"2",NA,NA,NA,NA,NA,NA,NA,NA,NA,NA,NA,NA,NA,NA,NA,NA,"1",NA,NA,NA,NA,NA,NA,NA,NA,NA,NA,NA,NA,NA,NA,NA,NA,TRUE,TRUE
"Ramsey County Parks and Recreation","alexis.lipstein@co.ramsey.mn.us","62000600","2024-06-27","3","2025-02-11 11:51:55.035165","Unnamed hardworking surveyor(s)","66",NA,"7.55",NA,NA,NA,NA,NA,NA,NA,NA,NA,NA,NA,NA,NA,NA,NA,NA,NA,NA,NA,NA,NA,NA,NA,NA,NA,NA,NA,NA,NA,NA,NA,NA,NA,NA,NA,NA,NA,NA,TRUE,TRUE
"Ramsey County Parks and Recreation","alexis.lipstein@co.ramsey.mn.us","62000600","2024-06-27","3","2025-02-11 11:51:55.035165","Unnamed hardworking surveyor(s)","67",NA,"11.15",NA,NA,NA,NA,NA,NA,NA,NA,NA,NA,NA,NA,NA,NA,NA,NA,NA,NA,NA,NA,NA,NA,NA,NA,NA,NA,NA,NA,NA,NA,NA,NA,NA,NA,NA,NA,NA,NA,TRUE,TRUE
"Ramsey County Parks and Recreation","alexis.lipstein@co.ramsey.mn.us","62000600","2024-06-27","3","2025-02-11 11:51:55.035165","Unnamed hardworking surveyor(s)","68",NA,"14.11",NA,NA,NA,NA,NA,NA,NA,NA,NA,NA,NA,NA,NA,NA,NA,NA,NA,NA,NA,NA,NA,NA,NA,NA,NA,NA,NA,NA,NA,NA,NA,NA,NA,NA,NA,NA,NA,NA,TRUE,TRUE
"Ramsey County Parks and Recreation","alexis.lipstein@co.ramsey.mn.us","62000600","2024-06-27","3","2025-02-11 11:51:55.035165","Unnamed hardworking surveyor(s)","69",NA,"9.51",NA,NA,NA,NA,NA,NA,NA,NA,NA,NA,NA,NA,NA,NA,NA,NA,NA,NA,NA,NA,NA,NA,NA,NA,NA,NA,NA,NA,NA,NA,NA,NA,NA,NA,NA,NA,NA,NA,TRUE,TRUE
"Ramsey County Parks and Recreation","alexis.lipstein@co.ramsey.mn.us","62000600","2024-06-27","3","2025-02-11 11:51:55.035165","Unnamed hardworking surveyor(s)","70",NA,"8.86",NA,NA,NA,NA,NA,NA,NA,NA,NA,NA,NA,NA,NA,NA,NA,NA,NA,NA,NA,NA,NA,NA,NA,NA,NA,NA,NA,NA,NA,NA,NA,NA,NA,NA,NA,NA,NA,NA,TRUE,TRUE
"Ramsey County Parks and Recreation","alexis.lipstein@co.ramsey.mn.us","62000600","2024-06-27","3","2025-02-11 11:51:55.035165","Unnamed hardworking surveyor(s)","71",NA,"7.55",NA,NA,NA,NA,NA,NA,NA,NA,NA,NA,NA,NA,NA,NA,NA,NA,NA,NA,NA,NA,NA,NA,NA,NA,NA,NA,NA,NA,NA,NA,NA,NA,NA,NA,NA,NA,NA,NA,TRUE,TRUE
"Ramsey County Parks and Recreation","alexis.lipstein@co.ramsey.mn.us","62000600","2024-06-27","3","2025-02-11 11:51:55.035165","Unnamed hardworking surveyor(s)","72",NA,"8.2",NA,NA,NA,NA,NA,NA,NA,NA,NA,NA,NA,NA,NA,NA,NA,NA,NA,NA,NA,NA,NA,NA,NA,NA,NA,NA,NA,NA,NA,NA,NA,NA,NA,NA,NA,NA,NA,NA,TRUE,TRUE
"Ramsey County Parks and Recreation","alexis.lipstein@co.ramsey.mn.us","62000600","2024-06-27","3","2025-02-11 11:51:55.035165","Unnamed hardworking surveyor(s)","73","1","3.94",NA,NA,NA,"1",NA,NA,NA,NA,NA,NA,NA,NA,NA,NA,NA,NA,NA,NA,NA,NA,NA,NA,NA,NA,NA,NA,NA,NA,NA,NA,NA,NA,NA,NA,NA,NA,NA,NA,TRUE,TRUE
"Ramsey County Parks and Recreation","alexis.lipstein@co.ramsey.mn.us","62000600","2024-06-27","3","2025-02-11 11:51:55.035165","Unnamed hardworking surveyor(s)","74","1","2.3","1",NA,NA,"1","1",NA,NA,NA,"1",NA,NA,NA,NA,NA,NA,NA,NA,NA,NA,NA,NA,"1",NA,NA,NA,NA,NA,NA,"1",NA,NA,NA,NA,NA,NA,NA,NA,NA,TRUE,TRUE
"Ramsey County Parks and Recreation","alexis.lipstein@co.ramsey.mn.us","62000600","2024-06-27","3","2025-02-11 11:51:55.035165","Unnamed hardworking surveyor(s)","75","1","1.31",NA,"1",NA,"1","2",NA,NA,NA,NA,NA,NA,NA,NA,NA,NA,NA,NA,NA,NA,NA,NA,"3",NA,NA,NA,NA,NA,NA,"2",NA,NA,NA,NA,NA,NA,NA,NA,NA,TRUE,TRUE
"Ramsey County Parks and Recreation","alexis.lipstein@co.ramsey.mn.us","62000600","2024-06-27","3","2025-02-11 11:51:55.035165","Unnamed hardworking surveyor(s)","76","1","2.95","1",NA,NA,"1","1",NA,NA,NA,"1",NA,NA,NA,NA,NA,NA,NA,NA,NA,NA,NA,NA,"1",NA,NA,NA,NA,NA,NA,"1",NA,NA,NA,NA,NA,NA,NA,NA,NA,TRUE,TRUE
"Ramsey County Parks and Recreation","alexis.lipstein@co.ramsey.mn.us","62000600","2024-06-27","3","2025-02-11 11:51:55.035165","Unnamed hardworking surveyor(s)","77","1","3.94","1",NA,NA,NA,"1",NA,NA,NA,NA,NA,NA,NA,NA,NA,NA,NA,NA,NA,NA,NA,NA,"1",NA,NA,NA,NA,NA,NA,"1",NA,NA,NA,NA,NA,NA,NA,NA,"1",TRUE,TRUE
"Ramsey County Parks and Recreation","alexis.lipstein@co.ramsey.mn.us","62000600","2024-06-27","3","2025-02-11 11:51:55.035165","Unnamed hardworking surveyor(s)","78",NA,"4.27",NA,NA,NA,NA,NA,NA,NA,NA,NA,NA,NA,NA,NA,NA,NA,NA,NA,NA,NA,NA,NA,NA,NA,NA,NA,NA,NA,NA,NA,NA,NA,NA,NA,NA,NA,NA,NA,NA,TRUE,TRUE
"Ramsey County Parks and Recreation","alexis.lipstein@co.ramsey.mn.us","62000600","2024-06-27","3","2025-02-11 11:51:55.035165","Unnamed hardworking surveyor(s)","79","1","5.91",NA,NA,NA,NA,NA,NA,NA,NA,NA,NA,NA,NA,NA,NA,NA,NA,NA,NA,NA,NA,NA,NA,NA,NA,NA,NA,NA,NA,NA,NA,NA,NA,NA,NA,NA,NA,NA,NA,TRUE,TRUE
"Ramsey County Parks and Recreation","alexis.lipstein@co.ramsey.mn.us","62000600","2024-06-27","3","2025-02-11 11:51:55.035165","Unnamed hardworking surveyor(s)","80",NA,"11.81","1",NA,NA,NA,NA,NA,NA,NA,"1",NA,NA,NA,NA,NA,NA,NA,NA,NA,NA,NA,NA,NA,NA,NA,NA,NA,NA,NA,NA,NA,NA,NA,NA,NA,NA,NA,NA,NA,TRUE,TRUE
"Ramsey County Parks and Recreation","alexis.lipstein@co.ramsey.mn.us","62000600","2024-06-27","3","2025-02-11 11:51:55.035165","Unnamed hardworking surveyor(s)","81",NA,"10.5","1",NA,NA,NA,NA,NA,NA,NA,"1",NA,NA,NA,NA,NA,NA,NA,NA,NA,NA,NA,NA,NA,NA,NA,NA,NA,NA,NA,NA,NA,NA,NA,NA,NA,NA,NA,NA,NA,TRUE,TRUE
"Ramsey County Parks and Recreation","alexis.lipstein@co.ramsey.mn.us","62000600","2024-06-27","3","2025-02-11 11:51:55.035165","Unnamed hardworking surveyor(s)","82",NA,"10.5",NA,NA,NA,NA,NA,NA,NA,NA,NA,NA,NA,NA,NA,NA,NA,NA,NA,NA,NA,NA,NA,NA,NA,NA,NA,NA,NA,NA,NA,NA,NA,NA,NA,NA,NA,NA,NA,NA,TRUE,TRUE
"Ramsey County Parks and Recreation","alexis.lipstein@co.ramsey.mn.us","62000600","2024-06-27","3","2025-02-11 11:51:55.035165","Unnamed hardworking surveyor(s)","83",NA,"19.69",NA,NA,NA,NA,NA,NA,NA,NA,NA,NA,NA,NA,NA,NA,NA,NA,NA,NA,NA,NA,NA,NA,NA,NA,NA,NA,NA,NA,NA,NA,NA,NA,NA,NA,NA,NA,NA,NA,TRUE,TRUE
"Ramsey County Parks and Recreation","alexis.lipstein@co.ramsey.mn.us","62000600","2024-06-27","3","2025-02-11 11:51:55.035165","Unnamed hardworking surveyor(s)","84",NA,"6.89",NA,NA,NA,NA,NA,NA,NA,NA,NA,NA,NA,NA,NA,NA,NA,NA,NA,NA,NA,NA,NA,NA,NA,NA,NA,NA,NA,NA,NA,NA,NA,NA,NA,NA,NA,NA,NA,NA,TRUE,TRUE
"Ramsey County Parks and Recreation","alexis.lipstein@co.ramsey.mn.us","62000600","2024-06-27","3","2025-02-11 11:51:55.035165","Unnamed hardworking surveyor(s)","85","1","4.92",NA,NA,NA,NA,NA,NA,NA,NA,NA,NA,NA,NA,NA,NA,NA,NA,NA,NA,NA,NA,NA,NA,NA,NA,NA,NA,NA,NA,NA,NA,NA,NA,NA,NA,NA,NA,NA,NA,TRUE,TRUE
"Ramsey County Parks and Recreation","alexis.lipstein@co.ramsey.mn.us","62000600","2024-06-27","3","2025-02-11 11:51:55.035165","Unnamed hardworking surveyor(s)","86","1","5.91","1",NA,NA,NA,NA,NA,NA,NA,"1",NA,NA,NA,NA,NA,NA,NA,NA,NA,NA,NA,NA,NA,NA,NA,NA,NA,NA,NA,NA,NA,NA,NA,NA,NA,NA,NA,NA,NA,TRUE,TRUE
"Ramsey County Parks and Recreation","alexis.lipstein@co.ramsey.mn.us","62000600","2024-06-27","3","2025-02-11 11:51:55.035165","Unnamed hardworking surveyor(s)","87",NA,"7.22",NA,NA,NA,NA,NA,NA,NA,NA,NA,NA,NA,NA,NA,NA,NA,NA,NA,NA,NA,NA,NA,NA,NA,NA,NA,NA,NA,NA,NA,NA,NA,NA,NA,NA,NA,NA,NA,NA,TRUE,TRUE
"Ramsey County Parks and Recreation","alexis.lipstein@co.ramsey.mn.us","62000600","2024-06-27","3","2025-02-11 11:51:55.035165","Unnamed hardworking surveyor(s)","88",NA,"5.91",NA,NA,NA,NA,NA,NA,NA,NA,NA,NA,NA,NA,NA,NA,NA,NA,NA,NA,NA,NA,NA,NA,NA,NA,NA,NA,NA,NA,NA,NA,NA,NA,NA,NA,NA,NA,NA,NA,TRUE,TRUE
"Ramsey County Parks and Recreation","alexis.lipstein@co.ramsey.mn.us","62000600","2024-06-27","3","2025-02-11 11:51:55.035165","Unnamed hardworking surveyor(s)","89","1","8.2","1",NA,NA,NA,NA,NA,NA,NA,NA,NA,NA,NA,NA,NA,NA,NA,NA,NA,NA,NA,NA,NA,NA,NA,NA,NA,NA,NA,NA,NA,NA,NA,NA,NA,NA,NA,NA,NA,TRUE,TRUE
"Ramsey County Parks and Recreation","alexis.lipstein@co.ramsey.mn.us","62000600","2024-06-27","3","2025-02-11 11:51:55.035165","Unnamed hardworking surveyor(s)","90","1","5.25","1",NA,NA,NA,NA,NA,NA,NA,"1",NA,NA,NA,NA,NA,NA,NA,NA,NA,NA,NA,NA,NA,NA,NA,NA,NA,NA,NA,NA,NA,NA,NA,NA,NA,NA,NA,NA,NA,TRUE,TRUE
"Ramsey County Parks and Recreation","alexis.lipstein@co.ramsey.mn.us","62000600","2024-06-27","3","2025-02-11 11:51:55.035165","Unnamed hardworking surveyor(s)","91",NA,"6.23",NA,NA,NA,NA,NA,NA,NA,NA,"1",NA,NA,NA,NA,NA,NA,NA,NA,NA,NA,NA,NA,NA,NA,NA,NA,NA,NA,NA,NA,NA,NA,NA,NA,NA,NA,NA,NA,NA,TRUE,TRUE
"Ramsey County Parks and Recreation","alexis.lipstein@co.ramsey.mn.us","62000600","2024-06-27","3","2025-02-11 11:51:55.035165","Unnamed hardworking surveyor(s)","92",NA,"4.59",NA,NA,NA,NA,NA,NA,NA,NA,NA,NA,NA,NA,NA,NA,NA,NA,NA,NA,NA,NA,NA,NA,NA,NA,NA,NA,NA,NA,NA,NA,NA,NA,NA,NA,NA,NA,NA,NA,TRUE,TRUE
"Ramsey County Parks and Recreation","alexis.lipstein@co.ramsey.mn.us","62000600","2024-06-27","3","2025-02-11 11:51:55.035165","Unnamed hardworking surveyor(s)","93","2","2.62",NA,"1",NA,"1","1",NA,NA,NA,"1",NA,NA,NA,NA,NA,NA,NA,NA,"1",NA,NA,NA,"3",NA,NA,NA,NA,NA,NA,"2",NA,NA,NA,NA,NA,NA,NA,NA,NA,TRUE,TRUE
"Ramsey County Parks and Recreation","alexis.lipstein@co.ramsey.mn.us","62000600","2024-06-27","3","2025-02-11 11:51:55.035165","Unnamed hardworking surveyor(s)","94","1","2.62","1",NA,NA,"1",NA,NA,NA,NA,NA,NA,NA,NA,NA,NA,NA,NA,NA,NA,NA,NA,NA,"1",NA,NA,NA,NA,NA,NA,"1",NA,NA,NA,NA,NA,NA,NA,NA,NA,TRUE,TRUE
"Ramsey County Parks and Recreation","alexis.lipstein@co.ramsey.mn.us","62000600","2024-06-27","3","2025-02-11 11:51:55.035165","Unnamed hardworking surveyor(s)","95","1","3.94",NA,NA,NA,NA,NA,NA,NA,NA,NA,NA,NA,NA,NA,NA,NA,NA,NA,NA,NA,NA,NA,NA,NA,NA,NA,NA,NA,NA,NA,"1",NA,NA,NA,NA,NA,NA,NA,NA,TRUE,TRUE
"Ramsey County Parks and Recreation","alexis.lipstein@co.ramsey.mn.us","62000600","2024-06-27","3","2025-02-11 11:51:55.035165","Unnamed hardworking surveyor(s)","96",NA,"4.27","1",NA,NA,NA,NA,NA,NA,NA,NA,NA,NA,NA,NA,NA,NA,NA,NA,NA,NA,NA,NA,NA,NA,NA,NA,NA,NA,NA,NA,NA,NA,NA,NA,NA,NA,NA,NA,NA,TRUE,TRUE
"Ramsey County Parks and Recreation","alexis.lipstein@co.ramsey.mn.us","62000600","2024-06-27","3","2025-02-11 11:51:55.035165","Unnamed hardworking surveyor(s)","97","1","5.58","1",NA,NA,NA,NA,NA,NA,NA,"1",NA,NA,NA,NA,NA,NA,NA,NA,NA,NA,NA,NA,"1",NA,NA,NA,NA,NA,NA,NA,NA,NA,NA,NA,NA,NA,NA,NA,NA,TRUE,TRUE
"Ramsey County Parks and Recreation","alexis.lipstein@co.ramsey.mn.us","62000600","2024-06-27","3","2025-02-11 11:51:55.035165","Unnamed hardworking surveyor(s)","98","1","3.94","1",NA,NA,NA,NA,NA,NA,NA,NA,NA,NA,NA,NA,NA,NA,NA,NA,NA,NA,NA,NA,NA,NA,NA,NA,NA,NA,NA,NA,NA,NA,NA,NA,NA,NA,NA,NA,NA,TRUE,TRUE
"Ramsey County Parks and Recreation","alexis.lipstein@co.ramsey.mn.us","62000600","2024-06-27","3","2025-02-11 11:51:55.035165","Unnamed hardworking surveyor(s)","99",NA,"4.59",NA,NA,NA,NA,NA,NA,NA,NA,NA,NA,NA,NA,NA,NA,NA,NA,NA,NA,NA,NA,NA,NA,NA,NA,NA,NA,NA,NA,NA,NA,NA,NA,NA,NA,NA,NA,NA,NA,TRUE,TRUE
"Ramsey County Parks and Recreation","alexis.lipstein@co.ramsey.mn.us","62000600","2024-06-27","3","2025-02-11 11:51:55.035165","Unnamed hardworking surveyor(s)","100",NA,"2.95",NA,"1",NA,"1","2",NA,NA,NA,"1",NA,NA,NA,NA,NA,NA,NA,NA,NA,NA,NA,NA,"1",NA,NA,"1",NA,NA,NA,"1","1",NA,NA,NA,NA,NA,NA,NA,NA,TRUE,TRUE
"Ramsey County Parks and Recreation","alexis.lipstein@co.ramsey.mn.us","62000600","2024-06-27","3","2025-02-11 11:51:55.035165","Unnamed hardworking surveyor(s)","101","1","1.31",NA,NA,NA,"1","3",NA,NA,NA,"1",NA,NA,NA,NA,NA,NA,NA,NA,NA,NA,NA,NA,NA,NA,NA,NA,NA,NA,NA,NA,NA,NA,NA,NA,NA,NA,NA,NA,NA,TRUE,TRUE
"Ramsey County Parks and Recreation","alexis.lipstein@co.ramsey.mn.us","62000600","2024-06-27","3","2025-02-11 11:51:55.035165","Unnamed hardworking surveyor(s)","102","1","5.25",NA,"1",NA,NA,"1",NA,NA,NA,NA,NA,NA,NA,NA,NA,NA,NA,NA,NA,NA,NA,NA,NA,NA,NA,NA,NA,NA,NA,"1",NA,NA,NA,NA,NA,NA,NA,NA,NA,TRUE,TRUE
"Ramsey County Parks and Recreation","alexis.lipstein@co.ramsey.mn.us","62000600","2024-06-27","3","2025-02-11 11:51:55.035165","Unnamed hardworking surveyor(s)","103",NA,"3.94","1",NA,NA,"1",NA,NA,NA,NA,NA,NA,NA,NA,NA,NA,NA,NA,NA,NA,NA,NA,NA,NA,NA,NA,NA,NA,NA,NA,NA,NA,NA,NA,NA,NA,NA,NA,NA,"1",TRUE,TRUE
"Ramsey County Parks and Recreation","alexis.lipstein@co.ramsey.mn.us","62000600","2024-06-27","3","2025-02-11 11:51:55.035165","Unnamed hardworking surveyor(s)","104","1","6.56","1","1",NA,NA,NA,NA,NA,NA,NA,NA,NA,NA,NA,NA,NA,NA,NA,NA,NA,NA,NA,NA,NA,NA,NA,NA,NA,NA,NA,NA,NA,NA,NA,NA,NA,NA,NA,NA,TRUE,TRUE
"Ramsey County Parks and Recreation","alexis.lipstein@co.ramsey.mn.us","62000600","2024-06-27","3","2025-02-11 11:51:55.035165","Unnamed hardworking surveyor(s)","105","1","4.27","1",NA,NA,"1",NA,NA,NA,NA,NA,NA,NA,NA,NA,NA,NA,NA,NA,NA,NA,NA,NA,NA,NA,NA,NA,NA,NA,NA,NA,NA,NA,NA,NA,NA,NA,NA,NA,NA,TRUE,TRUE
"Ramsey County Parks and Recreation","alexis.lipstein@co.ramsey.mn.us","62000600","2024-06-27","3","2025-02-11 11:51:55.035165","Unnamed hardworking surveyor(s)","106","2","2.95","1","1",NA,"1",NA,NA,NA,NA,"1",NA,NA,NA,NA,NA,NA,NA,NA,NA,NA,NA,NA,"3",NA,NA,NA,NA,NA,NA,"2","1",NA,NA,NA,NA,NA,NA,NA,NA,TRUE,TRUE
"Ramsey County Parks and Recreation","alexis.lipstein@co.ramsey.mn.us","62000600","2024-06-27","3","2025-02-11 11:51:55.035165","Unnamed hardworking surveyor(s)","107","1","2.95","1","1",NA,"1","1",NA,NA,NA,NA,NA,NA,NA,NA,NA,NA,NA,NA,NA,NA,NA,NA,"2",NA,NA,NA,NA,NA,NA,"2","1",NA,NA,NA,NA,NA,NA,NA,NA,TRUE,TRUE
"Ramsey County Parks and Recreation","alexis.lipstein@co.ramsey.mn.us","62000600","2024-06-27","3","2025-02-11 11:51:55.035165","Unnamed hardworking surveyor(s)","108","2","2.3","1","2",NA,"1",NA,NA,NA,NA,NA,NA,NA,NA,NA,NA,NA,NA,NA,"1",NA,NA,NA,"1",NA,NA,NA,NA,NA,NA,"2",NA,NA,NA,NA,NA,NA,NA,NA,NA,TRUE,TRUE
"Ramsey County Parks and Recreation","alexis.lipstein@co.ramsey.mn.us","62000600","2024-06-27","3","2025-02-11 11:51:55.035165","Unnamed hardworking surveyor(s)","109","1","1.31","1",NA,NA,NA,"1",NA,NA,NA,"1",NA,NA,NA,NA,NA,NA,NA,NA,"1",NA,NA,NA,"1",NA,NA,NA,NA,NA,NA,"1",NA,NA,NA,NA,NA,NA,NA,NA,NA,TRUE,TRUE
"Ramsey County Parks and Recreation","alexis.lipstein@co.ramsey.mn.us","62000600","2024-06-27","3","2025-02-11 11:51:55.035165","Unnamed hardworking surveyor(s)","110","1","1.31","1","2",NA,NA,"1",NA,NA,NA,"1",NA,NA,NA,NA,NA,NA,NA,NA,"1",NA,NA,NA,NA,NA,NA,NA,NA,NA,NA,"2",NA,NA,NA,NA,NA,NA,NA,NA,NA,TRUE,TRUE
"Ramsey County Parks and Recreation","alexis.lipstein@co.ramsey.mn.us","62000600","2024-06-27","3","2025-02-11 11:51:55.035165","Unnamed hardworking surveyor(s)","111","3","2.62","1","1",NA,"1","1",NA,NA,NA,NA,NA,NA,NA,NA,NA,NA,NA,NA,"1",NA,NA,NA,"2",NA,NA,NA,NA,NA,NA,"1",NA,NA,NA,NA,NA,NA,NA,NA,NA,TRUE,TRUE
"Ramsey County Parks and Recreation","alexis.lipstein@co.ramsey.mn.us","62000600","2024-06-27","3","2025-02-11 11:51:55.035165","Unnamed hardworking surveyor(s)","112","1","2.62","2",NA,"v","1","1",NA,NA,NA,"1",NA,NA,NA,NA,NA,NA,NA,NA,"1",NA,NA,NA,"1",NA,NA,NA,NA,NA,NA,"1","1",NA,NA,NA,NA,NA,NA,NA,NA,TRUE,TRUE
"Ramsey County Parks and Recreation","alexis.lipstein@co.ramsey.mn.us","62000600","2024-06-27","3","2025-02-11 11:51:55.035165","Unnamed hardworking surveyor(s)","113","2","1.97","1","1",NA,"1","1",NA,NA,NA,NA,NA,NA,NA,NA,NA,NA,NA,NA,NA,NA,NA,NA,"1",NA,NA,"1",NA,NA,NA,"1","1",NA,NA,NA,NA,NA,NA,NA,NA,TRUE,TRUE
"Ramsey County Parks and Recreation","alexis.lipstein@co.ramsey.mn.us","62000600","2024-06-27","3","2025-02-11 11:51:55.035165","Unnamed hardworking surveyor(s)","114","1","5.91","1",NA,NA,NA,"1",NA,NA,NA,NA,NA,NA,NA,NA,NA,NA,NA,NA,NA,NA,NA,NA,NA,NA,NA,NA,NA,NA,NA,"1",NA,NA,NA,NA,NA,NA,NA,NA,NA,TRUE,TRUE
"Ramsey County Parks and Recreation","alexis.lipstein@co.ramsey.mn.us","62000600","2024-07-24","3","2025-02-11 11:55:16.62975","Unnamed hardworking surveyor(s)","2","1","2.62",NA,NA,NA,NA,"1",NA,NA,NA,NA,"1",NA,NA,NA,NA,NA,NA,NA,NA,NA,NA,NA,"1","1",NA,NA,NA,NA,NA,"1",NA,NA,NA,NA,NA,NA,NA,NA,"1",TRUE,TRUE
"Ramsey County Parks and Recreation","alexis.lipstein@co.ramsey.mn.us","62000600","2024-07-24","3","2025-02-11 11:55:16.62975","Unnamed hardworking surveyor(s)","3",NA,"2.62",NA,NA,NA,NA,"1",NA,NA,NA,NA,NA,NA,NA,NA,NA,NA,NA,NA,NA,NA,NA,NA,"1","1",NA,NA,NA,NA,NA,"1",NA,NA,NA,NA,NA,NA,NA,NA,"1",TRUE,TRUE
"Ramsey County Parks and Recreation","alexis.lipstein@co.ramsey.mn.us","62000600","2024-07-24","3","2025-02-11 11:55:16.62975","Unnamed hardworking surveyor(s)","4","1","3.28",NA,NA,NA,"1","1",NA,NA,NA,NA,NA,NA,NA,NA,NA,NA,NA,NA,NA,NA,NA,NA,"1",NA,NA,NA,NA,NA,NA,"1","1",NA,NA,NA,NA,NA,NA,NA,"2",TRUE,TRUE
"Ramsey County Parks and Recreation","alexis.lipstein@co.ramsey.mn.us","62000600","2024-07-24","3","2025-02-11 11:55:16.62975","Unnamed hardworking surveyor(s)","5","1","3.94",NA,NA,NA,NA,NA,NA,NA,NA,NA,NA,NA,NA,NA,NA,NA,NA,NA,NA,NA,NA,NA,NA,"1",NA,NA,NA,NA,NA,NA,NA,NA,NA,NA,NA,NA,NA,NA,"2",TRUE,TRUE
"Ramsey County Parks and Recreation","alexis.lipstein@co.ramsey.mn.us","62000600","2024-07-24","3","2025-02-11 11:55:16.62975","Unnamed hardworking surveyor(s)","6",NA,"2.3",NA,NA,NA,NA,NA,NA,NA,NA,NA,NA,NA,NA,NA,NA,NA,NA,NA,NA,NA,NA,NA,NA,NA,NA,NA,NA,NA,NA,NA,NA,NA,NA,NA,NA,NA,NA,NA,"3",TRUE,TRUE
"Ramsey County Parks and Recreation","alexis.lipstein@co.ramsey.mn.us","62000600","2024-07-24","3","2025-02-11 11:55:16.62975","Unnamed hardworking surveyor(s)","7","1","1.97",NA,NA,NA,"2","1",NA,NA,NA,NA,NA,NA,NA,NA,NA,NA,NA,NA,NA,NA,NA,NA,"1",NA,NA,NA,NA,NA,NA,"1",NA,NA,NA,NA,NA,NA,NA,NA,"1",TRUE,TRUE
"Ramsey County Parks and Recreation","alexis.lipstein@co.ramsey.mn.us","62000600","2024-07-24","3","2025-02-11 11:55:16.62975","Unnamed hardworking surveyor(s)","8","1","1.97",NA,NA,NA,"1","1",NA,NA,NA,NA,NA,NA,NA,NA,NA,NA,NA,NA,"1",NA,NA,NA,"1",NA,NA,NA,NA,NA,NA,"1",NA,NA,NA,NA,NA,NA,NA,NA,NA,TRUE,TRUE
"Ramsey County Parks and Recreation","alexis.lipstein@co.ramsey.mn.us","62000600","2024-07-24","3","2025-02-11 11:55:16.62975","Unnamed hardworking surveyor(s)","9","1","2.3",NA,NA,NA,NA,NA,NA,NA,NA,"1",NA,NA,NA,NA,NA,NA,NA,NA,NA,NA,NA,NA,NA,NA,NA,NA,NA,NA,NA,NA,NA,NA,NA,NA,NA,NA,NA,NA,"2",TRUE,TRUE
"Ramsey County Parks and Recreation","alexis.lipstein@co.ramsey.mn.us","62000600","2024-07-24","3","2025-02-11 11:55:16.62975","Unnamed hardworking surveyor(s)","10","1","1.64",NA,"1",NA,"1","1",NA,NA,NA,"1",NA,NA,NA,NA,NA,NA,NA,NA,"1",NA,NA,NA,"1",NA,NA,"1",NA,NA,NA,"1",NA,NA,NA,NA,NA,NA,NA,NA,"1",TRUE,TRUE
"Ramsey County Parks and Recreation","alexis.lipstein@co.ramsey.mn.us","62000600","2024-07-24","3","2025-02-11 11:55:16.62975","Unnamed hardworking surveyor(s)","11","1","1.64",NA,NA,NA,"1",NA,NA,NA,NA,"1",NA,NA,NA,NA,NA,NA,NA,NA,NA,NA,NA,NA,NA,NA,NA,NA,NA,NA,NA,"1",NA,NA,NA,NA,NA,NA,NA,NA,NA,TRUE,TRUE
"Ramsey County Parks and Recreation","alexis.lipstein@co.ramsey.mn.us","62000600","2024-07-24","3","2025-02-11 11:55:16.62975","Unnamed hardworking surveyor(s)","12","1","1.64",NA,NA,NA,"1","1",NA,NA,NA,"1",NA,NA,NA,NA,NA,NA,NA,NA,NA,NA,NA,NA,"3",NA,NA,NA,NA,NA,NA,"2",NA,NA,NA,NA,NA,NA,NA,NA,NA,TRUE,TRUE
"Ramsey County Parks and Recreation","alexis.lipstein@co.ramsey.mn.us","62000600","2024-07-24","3","2025-02-11 11:55:16.62975","Unnamed hardworking surveyor(s)","13","1","1.64",NA,NA,NA,"1","2",NA,NA,NA,NA,NA,NA,NA,NA,NA,NA,NA,NA,"1",NA,NA,NA,"2",NA,NA,NA,NA,NA,NA,"1",NA,NA,NA,NA,NA,NA,NA,NA,NA,TRUE,TRUE
"Ramsey County Parks and Recreation","alexis.lipstein@co.ramsey.mn.us","62000600","2024-07-24","3","2025-02-11 11:55:16.62975","Unnamed hardworking surveyor(s)","14","2","2.95",NA,NA,NA,"1","1",NA,NA,NA,"1",NA,NA,NA,NA,NA,NA,NA,NA,"1",NA,NA,NA,"1",NA,NA,NA,NA,NA,NA,"1",NA,NA,NA,NA,NA,NA,NA,NA,NA,TRUE,TRUE
"Ramsey County Parks and Recreation","alexis.lipstein@co.ramsey.mn.us","62000600","2024-07-24","3","2025-02-11 11:55:16.62975","Unnamed hardworking surveyor(s)","15","1","2.62",NA,NA,NA,NA,NA,NA,NA,NA,NA,NA,NA,NA,NA,NA,NA,NA,NA,NA,NA,NA,NA,"1",NA,NA,NA,NA,NA,NA,NA,NA,NA,NA,NA,NA,NA,NA,NA,"1",TRUE,TRUE
"Ramsey County Parks and Recreation","alexis.lipstein@co.ramsey.mn.us","62000600","2024-07-24","3","2025-02-11 11:55:16.62975","Unnamed hardworking surveyor(s)","16","1","1.64",NA,NA,NA,"1","1",NA,NA,NA,"1",NA,NA,NA,NA,NA,NA,NA,NA,NA,NA,NA,NA,"3",NA,NA,NA,NA,NA,NA,"2",NA,NA,NA,NA,NA,NA,NA,NA,"3",TRUE,TRUE
"Ramsey County Parks and Recreation","alexis.lipstein@co.ramsey.mn.us","62000600","2024-07-24","3","2025-02-11 11:55:16.62975","Unnamed hardworking surveyor(s)","17","1","1.64",NA,NA,NA,"1","2",NA,NA,NA,"1",NA,NA,NA,NA,NA,NA,NA,NA,"1",NA,NA,NA,"2",NA,NA,NA,NA,NA,NA,"1",NA,NA,NA,NA,NA,NA,NA,NA,NA,TRUE,TRUE
"Ramsey County Parks and Recreation","alexis.lipstein@co.ramsey.mn.us","62000600","2024-07-24","3","2025-02-11 11:55:16.62975","Unnamed hardworking surveyor(s)","18","1","2.62",NA,NA,NA,"1","1",NA,NA,NA,"2",NA,NA,NA,NA,NA,NA,NA,NA,"1",NA,NA,NA,"1",NA,NA,NA,NA,NA,NA,"1",NA,NA,NA,NA,NA,NA,NA,NA,NA,TRUE,TRUE
"Ramsey County Parks and Recreation","alexis.lipstein@co.ramsey.mn.us","62000600","2024-07-24","3","2025-02-11 11:55:16.62975","Unnamed hardworking surveyor(s)","19","1","3.28",NA,NA,NA,"1","1",NA,NA,NA,"1",NA,NA,NA,NA,NA,NA,NA,NA,"1",NA,NA,NA,"1",NA,NA,NA,NA,NA,NA,"1",NA,NA,NA,NA,NA,NA,NA,NA,NA,TRUE,TRUE
"Ramsey County Parks and Recreation","alexis.lipstein@co.ramsey.mn.us","62000600","2024-07-24","3","2025-02-11 11:55:16.62975","Unnamed hardworking surveyor(s)","20","2","2.3","1",NA,NA,NA,"1",NA,NA,NA,"1",NA,NA,NA,NA,NA,NA,NA,NA,NA,NA,NA,NA,"1","1",NA,NA,NA,NA,NA,NA,NA,NA,NA,NA,NA,NA,NA,NA,NA,TRUE,TRUE
"Ramsey County Parks and Recreation","alexis.lipstein@co.ramsey.mn.us","62000600","2024-07-24","3","2025-02-11 11:55:16.62975","Unnamed hardworking surveyor(s)","21","2","2.62",NA,NA,NA,"1","1",NA,NA,NA,"1",NA,NA,NA,NA,NA,NA,NA,NA,"1",NA,NA,NA,"1",NA,NA,NA,NA,NA,NA,"1","1",NA,NA,NA,NA,NA,NA,NA,NA,TRUE,TRUE
"Ramsey County Parks and Recreation","alexis.lipstein@co.ramsey.mn.us","62000600","2024-07-24","3","2025-02-11 11:55:16.62975","Unnamed hardworking surveyor(s)","22","1","3.28",NA,NA,NA,"1","1",NA,NA,NA,"1",NA,NA,NA,NA,NA,NA,NA,NA,"1",NA,NA,NA,"1",NA,NA,NA,NA,NA,NA,"1","1",NA,NA,NA,NA,NA,NA,NA,NA,TRUE,TRUE
"Ramsey County Parks and Recreation","alexis.lipstein@co.ramsey.mn.us","62000600","2024-07-24","3","2025-02-11 11:55:16.62975","Unnamed hardworking surveyor(s)","23","1","2.62",NA,"1",NA,"1",NA,NA,NA,NA,"2",NA,NA,NA,NA,NA,NA,NA,NA,NA,NA,NA,NA,"1",NA,NA,"1",NA,NA,NA,"1","1",NA,NA,NA,NA,NA,NA,NA,"1",TRUE,TRUE
"Ramsey County Parks and Recreation","alexis.lipstein@co.ramsey.mn.us","62000600","2024-07-24","3","2025-02-11 11:55:16.62975","Unnamed hardworking surveyor(s)","24","1","4.27",NA,NA,NA,NA,NA,NA,NA,NA,NA,NA,NA,NA,NA,NA,NA,NA,NA,NA,NA,NA,NA,"1",NA,NA,NA,NA,NA,NA,"1","1",NA,NA,NA,NA,NA,NA,NA,"1",TRUE,TRUE
"Ramsey County Parks and Recreation","alexis.lipstein@co.ramsey.mn.us","62000600","2024-07-24","3","2025-02-11 11:55:16.62975","Unnamed hardworking surveyor(s)","25","2","4.27",NA,"1",NA,"1",NA,NA,NA,NA,NA,NA,NA,NA,NA,NA,NA,NA,NA,NA,NA,NA,NA,NA,NA,NA,NA,NA,NA,NA,NA,NA,NA,NA,NA,NA,NA,NA,NA,NA,TRUE,TRUE
"Ramsey County Parks and Recreation","alexis.lipstein@co.ramsey.mn.us","62000600","2024-07-24","3","2025-02-11 11:55:16.62975","Unnamed hardworking surveyor(s)","26",NA,"4.59",NA,NA,NA,NA,NA,NA,NA,NA,"1",NA,NA,NA,NA,NA,NA,NA,NA,NA,NA,NA,NA,"1",NA,NA,NA,NA,NA,NA,"1",NA,NA,NA,NA,NA,NA,NA,NA,NA,TRUE,TRUE
"Ramsey County Parks and Recreation","alexis.lipstein@co.ramsey.mn.us","62000600","2024-07-24","3","2025-02-11 11:55:16.62975","Unnamed hardworking surveyor(s)","27",NA,"6.56",NA,NA,NA,NA,NA,NA,NA,NA,NA,NA,NA,NA,NA,NA,NA,NA,NA,NA,NA,NA,NA,NA,NA,NA,NA,NA,NA,NA,NA,NA,NA,NA,NA,NA,NA,NA,NA,NA,TRUE,TRUE
"Ramsey County Parks and Recreation","alexis.lipstein@co.ramsey.mn.us","62000600","2024-07-24","3","2025-02-11 11:55:16.62975","Unnamed hardworking surveyor(s)","28",NA,"5.91",NA,NA,NA,NA,NA,NA,NA,NA,NA,NA,NA,NA,NA,NA,NA,NA,NA,NA,NA,NA,NA,NA,NA,NA,NA,NA,NA,NA,NA,NA,NA,NA,NA,NA,NA,NA,NA,NA,TRUE,TRUE
"Ramsey County Parks and Recreation","alexis.lipstein@co.ramsey.mn.us","62000600","2024-07-24","3","2025-02-11 11:55:16.62975","Unnamed hardworking surveyor(s)","29","1","6.56",NA,NA,NA,NA,NA,NA,NA,NA,NA,NA,NA,NA,NA,NA,NA,NA,NA,NA,NA,NA,NA,NA,NA,NA,NA,NA,NA,NA,NA,NA,NA,NA,NA,NA,NA,NA,NA,NA,TRUE,TRUE
"Ramsey County Parks and Recreation","alexis.lipstein@co.ramsey.mn.us","62000600","2024-07-24","3","2025-02-11 11:55:16.62975","Unnamed hardworking surveyor(s)","30","1","3.61",NA,"1",NA,"1",NA,NA,NA,NA,"2",NA,NA,NA,NA,NA,NA,NA,NA,NA,NA,NA,NA,NA,NA,NA,NA,NA,NA,NA,NA,NA,NA,NA,NA,NA,NA,NA,NA,NA,TRUE,TRUE
"Ramsey County Parks and Recreation","alexis.lipstein@co.ramsey.mn.us","62000600","2024-07-24","3","2025-02-11 11:55:16.62975","Unnamed hardworking surveyor(s)","31","1","2.62",NA,NA,NA,"1","2",NA,NA,NA,"1",NA,NA,NA,NA,NA,NA,NA,NA,"1",NA,NA,NA,"1",NA,NA,NA,NA,NA,NA,"1",NA,NA,NA,NA,NA,NA,NA,NA,NA,TRUE,TRUE
"Ramsey County Parks and Recreation","alexis.lipstein@co.ramsey.mn.us","62000600","2024-07-24","3","2025-02-11 11:55:16.62975","Unnamed hardworking surveyor(s)","32","2","1.64",NA,"1",NA,"1",NA,NA,NA,NA,"1",NA,NA,NA,NA,NA,NA,NA,NA,"1",NA,NA,NA,"3",NA,NA,NA,NA,NA,NA,"1",NA,NA,NA,NA,NA,NA,NA,NA,NA,TRUE,TRUE
"Ramsey County Parks and Recreation","alexis.lipstein@co.ramsey.mn.us","62000600","2024-07-24","3","2025-02-11 11:55:16.62975","Unnamed hardworking surveyor(s)","33","2","1.64",NA,NA,NA,"1","2",NA,NA,NA,"1",NA,NA,NA,NA,NA,NA,NA,NA,"1",NA,NA,NA,"2",NA,NA,NA,NA,NA,NA,"1",NA,NA,NA,NA,NA,NA,NA,NA,NA,TRUE,TRUE
"Ramsey County Parks and Recreation","alexis.lipstein@co.ramsey.mn.us","62000600","2024-07-24","3","2025-02-11 11:55:16.62975","Unnamed hardworking surveyor(s)","34",NA,"3.28",NA,"1",NA,"1","2",NA,NA,NA,"2",NA,NA,NA,NA,NA,NA,NA,NA,NA,NA,NA,NA,"1",NA,NA,NA,NA,NA,NA,"1",NA,NA,NA,NA,NA,NA,NA,NA,NA,TRUE,TRUE
"Ramsey County Parks and Recreation","alexis.lipstein@co.ramsey.mn.us","62000600","2024-07-24","3","2025-02-11 11:55:16.62975","Unnamed hardworking surveyor(s)","35","1","5.91",NA,NA,NA,"1",NA,NA,NA,NA,NA,NA,NA,NA,NA,NA,NA,NA,NA,NA,NA,NA,NA,"1",NA,NA,NA,NA,NA,NA,NA,NA,NA,NA,NA,NA,NA,NA,NA,NA,TRUE,TRUE
"Ramsey County Parks and Recreation","alexis.lipstein@co.ramsey.mn.us","62000600","2024-07-24","3","2025-02-11 11:55:16.62975","Unnamed hardworking surveyor(s)","36","1","7.55",NA,NA,NA,NA,NA,NA,NA,NA,NA,NA,NA,NA,NA,NA,NA,NA,NA,NA,NA,NA,NA,NA,NA,NA,NA,NA,NA,NA,NA,NA,NA,NA,NA,NA,NA,NA,NA,NA,TRUE,TRUE
"Ramsey County Parks and Recreation","alexis.lipstein@co.ramsey.mn.us","62000600","2024-07-24","3","2025-02-11 11:55:16.62975","Unnamed hardworking surveyor(s)","37","1","5.91",NA,NA,NA,NA,NA,NA,NA,NA,NA,NA,NA,NA,NA,NA,NA,NA,NA,NA,NA,NA,NA,NA,NA,NA,NA,NA,NA,NA,NA,NA,NA,NA,NA,NA,NA,NA,NA,NA,TRUE,TRUE
"Ramsey County Parks and Recreation","alexis.lipstein@co.ramsey.mn.us","62000600","2024-07-24","3","2025-02-11 11:55:16.62975","Unnamed hardworking surveyor(s)","38","1","6.56",NA,NA,NA,NA,NA,NA,NA,NA,NA,NA,NA,NA,NA,NA,NA,NA,NA,NA,NA,NA,NA,NA,NA,NA,NA,NA,NA,NA,NA,NA,NA,NA,NA,NA,NA,NA,NA,NA,TRUE,TRUE
"Ramsey County Parks and Recreation","alexis.lipstein@co.ramsey.mn.us","62000600","2024-07-24","3","2025-02-11 11:55:16.62975","Unnamed hardworking surveyor(s)","39",NA,"5.91",NA,NA,NA,NA,NA,NA,NA,NA,NA,NA,NA,NA,NA,NA,NA,NA,NA,NA,NA,NA,NA,NA,NA,NA,NA,NA,NA,NA,NA,NA,NA,NA,NA,NA,NA,NA,NA,NA,TRUE,TRUE
"Ramsey County Parks and Recreation","alexis.lipstein@co.ramsey.mn.us","62000600","2024-07-24","3","2025-02-11 11:55:16.62975","Unnamed hardworking surveyor(s)","40",NA,"5.58",NA,NA,NA,NA,NA,NA,NA,NA,NA,NA,NA,NA,NA,NA,NA,NA,NA,NA,NA,NA,NA,"1",NA,NA,NA,NA,NA,NA,NA,NA,NA,NA,NA,NA,NA,NA,NA,NA,TRUE,TRUE
"Ramsey County Parks and Recreation","alexis.lipstein@co.ramsey.mn.us","62000600","2024-07-24","3","2025-02-11 11:55:16.62975","Unnamed hardworking surveyor(s)","41","1","6.23",NA,"1",NA,NA,NA,NA,NA,NA,"1",NA,NA,NA,NA,NA,NA,NA,NA,NA,NA,NA,NA,"1",NA,NA,NA,NA,NA,NA,"1",NA,NA,NA,NA,NA,NA,NA,NA,NA,TRUE,TRUE
"Ramsey County Parks and Recreation","alexis.lipstein@co.ramsey.mn.us","62000600","2024-07-24","3","2025-02-11 11:55:16.62975","Unnamed hardworking surveyor(s)","42","1","5.25",NA,NA,NA,NA,NA,NA,NA,NA,NA,NA,NA,NA,NA,NA,NA,NA,NA,NA,NA,NA,NA,"1",NA,NA,"1",NA,NA,NA,"1",NA,NA,NA,NA,NA,NA,NA,NA,NA,TRUE,TRUE
"Ramsey County Parks and Recreation","alexis.lipstein@co.ramsey.mn.us","62000600","2024-07-24","3","2025-02-11 11:55:16.62975","Unnamed hardworking surveyor(s)","43",NA,"3.94",NA,NA,NA,NA,NA,NA,NA,NA,NA,NA,NA,NA,NA,NA,NA,NA,NA,NA,NA,NA,NA,NA,NA,NA,NA,NA,NA,NA,NA,NA,NA,NA,NA,NA,NA,NA,NA,"3",TRUE,TRUE
"Ramsey County Parks and Recreation","alexis.lipstein@co.ramsey.mn.us","62000600","2024-07-24","3","2025-02-11 11:55:16.62975","Unnamed hardworking surveyor(s)","44","1","3.28",NA,NA,NA,NA,NA,NA,NA,NA,"1","1",NA,NA,NA,NA,NA,NA,NA,NA,NA,NA,NA,"1",NA,NA,NA,NA,NA,NA,"1",NA,NA,NA,NA,NA,NA,NA,NA,NA,TRUE,TRUE
"Ramsey County Parks and Recreation","alexis.lipstein@co.ramsey.mn.us","62000600","2024-07-24","3","2025-02-11 11:55:16.62975","Unnamed hardworking surveyor(s)","45","1","5.91",NA,"1",NA,NA,NA,NA,NA,NA,NA,NA,NA,NA,NA,NA,NA,NA,NA,NA,NA,NA,NA,"1",NA,NA,NA,NA,NA,NA,"1",NA,NA,NA,NA,NA,NA,NA,NA,NA,TRUE,TRUE
"Ramsey County Parks and Recreation","alexis.lipstein@co.ramsey.mn.us","62000600","2024-07-24","3","2025-02-11 11:55:16.62975","Unnamed hardworking surveyor(s)","46",NA,"6.89",NA,NA,NA,NA,NA,NA,NA,NA,NA,NA,NA,NA,NA,NA,NA,NA,NA,NA,NA,NA,NA,"1",NA,NA,NA,NA,NA,NA,"1",NA,NA,NA,NA,NA,NA,NA,NA,NA,TRUE,TRUE
"Ramsey County Parks and Recreation","alexis.lipstein@co.ramsey.mn.us","62000600","2024-07-24","3","2025-02-11 11:55:16.62975","Unnamed hardworking surveyor(s)","47","1","6.56",NA,NA,NA,NA,NA,NA,NA,NA,NA,NA,NA,NA,NA,NA,NA,NA,NA,NA,NA,NA,NA,NA,NA,NA,"1",NA,NA,NA,NA,"1",NA,NA,NA,NA,NA,NA,NA,NA,TRUE,TRUE
"Ramsey County Parks and Recreation","alexis.lipstein@co.ramsey.mn.us","62000600","2024-07-24","3","2025-02-11 11:55:16.62975","Unnamed hardworking surveyor(s)","48","1","6.56",NA,NA,NA,NA,NA,NA,NA,NA,NA,NA,NA,NA,NA,NA,NA,NA,NA,NA,NA,NA,NA,NA,NA,NA,NA,NA,NA,NA,NA,NA,NA,NA,NA,NA,NA,NA,NA,NA,TRUE,TRUE
"Ramsey County Parks and Recreation","alexis.lipstein@co.ramsey.mn.us","62000600","2024-07-24","3","2025-02-11 11:55:16.62975","Unnamed hardworking surveyor(s)","49",NA,"8.2",NA,NA,NA,NA,NA,NA,NA,NA,NA,NA,NA,NA,NA,NA,NA,NA,NA,NA,NA,NA,NA,NA,NA,NA,NA,NA,NA,NA,NA,NA,NA,NA,NA,NA,NA,NA,NA,NA,TRUE,TRUE
"Ramsey County Parks and Recreation","alexis.lipstein@co.ramsey.mn.us","62000600","2024-07-24","3","2025-02-11 11:55:16.62975","Unnamed hardworking surveyor(s)","50",NA,"8.2",NA,NA,NA,NA,NA,NA,NA,NA,NA,NA,NA,NA,NA,NA,NA,NA,NA,NA,NA,NA,NA,NA,NA,NA,NA,NA,NA,NA,NA,NA,NA,NA,NA,NA,NA,NA,NA,NA,TRUE,TRUE
"Ramsey County Parks and Recreation","alexis.lipstein@co.ramsey.mn.us","62000600","2024-07-24","3","2025-02-11 11:55:16.62975","Unnamed hardworking surveyor(s)","51",NA,"7.22",NA,NA,NA,NA,NA,NA,NA,NA,NA,NA,NA,NA,NA,NA,NA,NA,NA,NA,NA,NA,NA,NA,NA,NA,NA,NA,NA,NA,NA,NA,NA,NA,NA,NA,NA,NA,NA,NA,TRUE,TRUE
"Ramsey County Parks and Recreation","alexis.lipstein@co.ramsey.mn.us","62000600","2024-07-24","3","2025-02-11 11:55:16.62975","Unnamed hardworking surveyor(s)","52","1","6.56",NA,NA,NA,NA,NA,NA,NA,NA,NA,NA,NA,NA,NA,NA,NA,NA,NA,NA,NA,NA,NA,NA,NA,NA,NA,NA,NA,NA,NA,NA,NA,NA,NA,NA,NA,NA,NA,NA,TRUE,TRUE
"Ramsey County Parks and Recreation","alexis.lipstein@co.ramsey.mn.us","62000600","2024-07-24","3","2025-02-11 11:55:16.62975","Unnamed hardworking surveyor(s)","53","2","2.62",NA,NA,"v","1",NA,NA,NA,NA,"1",NA,NA,NA,NA,NA,NA,NA,"1","1",NA,NA,NA,"2",NA,NA,NA,NA,NA,NA,"1",NA,NA,NA,NA,NA,NA,NA,NA,NA,TRUE,TRUE
"Ramsey County Parks and Recreation","alexis.lipstein@co.ramsey.mn.us","62000600","2024-07-24","3","2025-02-11 11:55:16.62975","Unnamed hardworking surveyor(s)","54","1","2.3",NA,NA,NA,"1","1",NA,NA,NA,"1",NA,NA,NA,NA,NA,NA,NA,NA,NA,NA,NA,NA,"3",NA,NA,NA,NA,NA,NA,"1",NA,NA,NA,NA,NA,NA,NA,NA,NA,TRUE,TRUE
"Ramsey County Parks and Recreation","alexis.lipstein@co.ramsey.mn.us","62000600","2024-07-24","3","2025-02-11 11:55:16.62975","Unnamed hardworking surveyor(s)","55","1","2.62",NA,"1",NA,"1","1",NA,NA,NA,NA,NA,NA,NA,NA,NA,NA,NA,NA,"1",NA,NA,NA,"3",NA,NA,NA,NA,NA,NA,"1",NA,NA,NA,NA,NA,NA,NA,NA,NA,TRUE,TRUE
"Ramsey County Parks and Recreation","alexis.lipstein@co.ramsey.mn.us","62000600","2024-07-24","3","2025-02-11 11:55:16.62975","Unnamed hardworking surveyor(s)","56",NA,"3.28","1",NA,NA,"1","1",NA,NA,NA,"1",NA,NA,NA,NA,NA,NA,NA,NA,"1",NA,NA,NA,"1",NA,NA,NA,NA,NA,NA,"1",NA,NA,NA,NA,NA,NA,NA,NA,NA,TRUE,TRUE
"Ramsey County Parks and Recreation","alexis.lipstein@co.ramsey.mn.us","62000600","2024-07-24","3","2025-02-11 11:55:16.62975","Unnamed hardworking surveyor(s)","57","1","6.56",NA,NA,NA,NA,NA,NA,NA,NA,NA,NA,NA,NA,NA,NA,NA,NA,NA,NA,NA,NA,NA,NA,NA,NA,NA,NA,NA,NA,NA,NA,NA,NA,NA,NA,NA,NA,NA,NA,TRUE,TRUE
"Ramsey County Parks and Recreation","alexis.lipstein@co.ramsey.mn.us","62000600","2024-07-24","3","2025-02-11 11:55:16.62975","Unnamed hardworking surveyor(s)","58",NA,"6.56",NA,NA,NA,NA,NA,NA,NA,NA,NA,NA,NA,NA,NA,NA,NA,NA,NA,NA,NA,NA,NA,NA,NA,NA,NA,NA,NA,NA,NA,NA,NA,NA,NA,NA,NA,NA,NA,NA,TRUE,TRUE
"Ramsey County Parks and Recreation","alexis.lipstein@co.ramsey.mn.us","62000600","2024-07-24","3","2025-02-11 11:55:16.62975","Unnamed hardworking surveyor(s)","59",NA,"7.55",NA,NA,NA,NA,NA,NA,NA,NA,NA,NA,NA,NA,NA,NA,NA,NA,NA,NA,NA,NA,NA,NA,NA,NA,NA,NA,NA,NA,NA,NA,NA,NA,NA,NA,NA,NA,NA,NA,TRUE,TRUE
"Ramsey County Parks and Recreation","alexis.lipstein@co.ramsey.mn.us","62000600","2024-07-24","3","2025-02-11 11:55:16.62975","Unnamed hardworking surveyor(s)","60",NA,"8.2",NA,NA,NA,NA,NA,NA,NA,NA,NA,NA,NA,NA,NA,NA,NA,NA,NA,NA,NA,NA,NA,NA,NA,NA,NA,NA,NA,NA,NA,NA,NA,NA,NA,NA,NA,NA,NA,NA,TRUE,TRUE
"Ramsey County Parks and Recreation","alexis.lipstein@co.ramsey.mn.us","62000600","2024-07-24","3","2025-02-11 11:55:16.62975","Unnamed hardworking surveyor(s)","61",NA,"6.56",NA,NA,NA,NA,NA,NA,NA,NA,NA,NA,NA,NA,NA,NA,NA,NA,NA,NA,NA,NA,NA,NA,NA,NA,NA,NA,NA,NA,NA,NA,NA,NA,NA,NA,NA,NA,NA,NA,TRUE,TRUE
"Ramsey County Parks and Recreation","alexis.lipstein@co.ramsey.mn.us","62000600","2024-07-24","3","2025-02-11 11:55:16.62975","Unnamed hardworking surveyor(s)","62",NA,"8.53",NA,NA,NA,NA,NA,NA,NA,NA,NA,NA,NA,NA,NA,NA,NA,NA,NA,NA,NA,NA,NA,NA,NA,NA,NA,NA,NA,NA,NA,NA,NA,NA,NA,NA,NA,NA,NA,NA,TRUE,TRUE
"Ramsey County Parks and Recreation","alexis.lipstein@co.ramsey.mn.us","62000600","2024-07-24","3","2025-02-11 11:55:16.62975","Unnamed hardworking surveyor(s)","63","1","6.23",NA,NA,NA,NA,NA,NA,NA,NA,NA,NA,NA,NA,NA,NA,NA,NA,NA,NA,NA,NA,NA,"1",NA,NA,NA,NA,NA,NA,"1",NA,NA,NA,NA,NA,NA,NA,NA,NA,TRUE,TRUE
"Ramsey County Parks and Recreation","alexis.lipstein@co.ramsey.mn.us","62000600","2024-07-24","3","2025-02-11 11:55:16.62975","Unnamed hardworking surveyor(s)","64","1","3.28",NA,NA,NA,NA,NA,NA,NA,NA,NA,NA,NA,NA,NA,NA,NA,NA,NA,NA,NA,NA,NA,NA,NA,NA,NA,NA,NA,NA,NA,"1",NA,NA,NA,NA,NA,NA,NA,NA,TRUE,TRUE
"Ramsey County Parks and Recreation","alexis.lipstein@co.ramsey.mn.us","62000600","2024-07-24","3","2025-02-11 11:55:16.62975","Unnamed hardworking surveyor(s)","65",NA,"4.59",NA,NA,NA,NA,"1",NA,NA,NA,"1",NA,NA,NA,NA,NA,NA,NA,NA,NA,NA,NA,NA,"1",NA,NA,NA,NA,NA,NA,"1",NA,NA,NA,NA,NA,NA,NA,NA,NA,TRUE,TRUE
"Ramsey County Parks and Recreation","alexis.lipstein@co.ramsey.mn.us","62000600","2024-07-24","3","2025-02-11 11:55:16.62975","Unnamed hardworking surveyor(s)","66",NA,"6.89",NA,NA,NA,NA,NA,NA,NA,NA,NA,NA,NA,NA,NA,NA,NA,NA,NA,NA,NA,NA,NA,NA,NA,NA,NA,NA,NA,NA,NA,NA,NA,NA,NA,NA,NA,NA,NA,NA,TRUE,TRUE
"Ramsey County Parks and Recreation","alexis.lipstein@co.ramsey.mn.us","62000600","2024-07-24","3","2025-02-11 11:55:16.62975","Unnamed hardworking surveyor(s)","67",NA,"10.17",NA,NA,NA,NA,NA,NA,NA,NA,NA,NA,NA,NA,NA,NA,NA,NA,NA,NA,NA,NA,NA,NA,NA,NA,NA,NA,NA,NA,NA,NA,NA,NA,NA,NA,NA,NA,NA,NA,TRUE,TRUE
"Ramsey County Parks and Recreation","alexis.lipstein@co.ramsey.mn.us","62000600","2024-07-24","3","2025-02-11 11:55:16.62975","Unnamed hardworking surveyor(s)","68",NA,"6.56",NA,NA,NA,NA,NA,NA,NA,NA,NA,NA,NA,NA,NA,NA,NA,NA,NA,NA,NA,NA,NA,NA,NA,NA,NA,NA,NA,NA,NA,NA,NA,NA,NA,NA,NA,NA,NA,NA,TRUE,TRUE
"Ramsey County Parks and Recreation","alexis.lipstein@co.ramsey.mn.us","62000600","2024-07-24","3","2025-02-11 11:55:16.62975","Unnamed hardworking surveyor(s)","69",NA,"7.55",NA,NA,NA,NA,NA,NA,NA,NA,NA,NA,NA,NA,NA,NA,NA,NA,NA,NA,NA,NA,NA,NA,NA,NA,NA,NA,NA,NA,NA,NA,NA,NA,NA,NA,NA,NA,NA,NA,TRUE,TRUE
"Ramsey County Parks and Recreation","alexis.lipstein@co.ramsey.mn.us","62000600","2024-07-24","3","2025-02-11 11:55:16.62975","Unnamed hardworking surveyor(s)","70",NA,"7.55",NA,NA,NA,NA,NA,NA,NA,NA,NA,NA,NA,NA,NA,NA,NA,NA,NA,NA,NA,NA,NA,NA,NA,NA,NA,NA,NA,NA,NA,NA,NA,NA,NA,NA,NA,NA,NA,NA,TRUE,TRUE
"Ramsey County Parks and Recreation","alexis.lipstein@co.ramsey.mn.us","62000600","2024-07-24","3","2025-02-11 11:55:16.62975","Unnamed hardworking surveyor(s)","71",NA,"6.56",NA,NA,NA,NA,NA,NA,NA,NA,NA,NA,NA,NA,NA,NA,NA,NA,NA,NA,NA,NA,NA,NA,NA,NA,NA,NA,NA,NA,NA,NA,NA,NA,NA,NA,NA,NA,NA,NA,TRUE,TRUE
"Ramsey County Parks and Recreation","alexis.lipstein@co.ramsey.mn.us","62000600","2024-07-24","3","2025-02-11 11:55:16.62975","Unnamed hardworking surveyor(s)","72",NA,"6.56",NA,NA,NA,NA,NA,NA,NA,NA,NA,NA,NA,NA,NA,NA,NA,NA,NA,NA,NA,NA,NA,NA,NA,NA,NA,NA,NA,NA,NA,NA,NA,NA,NA,NA,NA,NA,NA,NA,TRUE,TRUE
"Ramsey County Parks and Recreation","alexis.lipstein@co.ramsey.mn.us","62000600","2024-07-24","3","2025-02-11 11:55:16.62975","Unnamed hardworking surveyor(s)","73","1","3.94",NA,NA,NA,NA,NA,NA,NA,NA,"1",NA,NA,NA,NA,NA,NA,NA,NA,"1",NA,NA,NA,"1",NA,NA,NA,NA,NA,NA,"1","1",NA,NA,NA,NA,NA,NA,NA,NA,TRUE,TRUE
"Ramsey County Parks and Recreation","alexis.lipstein@co.ramsey.mn.us","62000600","2024-07-24","3","2025-02-11 11:55:16.62975","Unnamed hardworking surveyor(s)","74","1","1.97",NA,"1",NA,"1","1",NA,NA,NA,"1",NA,NA,NA,NA,NA,NA,NA,NA,NA,NA,NA,NA,"2",NA,NA,NA,NA,NA,NA,"2",NA,NA,NA,NA,NA,NA,NA,NA,NA,TRUE,TRUE
"Ramsey County Parks and Recreation","alexis.lipstein@co.ramsey.mn.us","62000600","2024-07-24","3","2025-02-11 11:55:16.62975","Unnamed hardworking surveyor(s)","75","2","2.62",NA,"1",NA,NA,"1",NA,NA,NA,NA,NA,NA,NA,NA,NA,NA,NA,NA,NA,NA,NA,NA,"3",NA,NA,NA,NA,NA,NA,"1",NA,NA,NA,NA,NA,NA,NA,NA,NA,TRUE,TRUE
"Ramsey County Parks and Recreation","alexis.lipstein@co.ramsey.mn.us","62000600","2024-07-24","3","2025-02-11 11:55:16.62975","Unnamed hardworking surveyor(s)","76","2","2.62",NA,NA,NA,"1","1",NA,NA,NA,"1",NA,NA,NA,NA,"1",NA,NA,NA,"1",NA,NA,NA,"1",NA,NA,NA,NA,NA,NA,"1",NA,NA,NA,NA,NA,NA,NA,NA,NA,TRUE,TRUE
"Ramsey County Parks and Recreation","alexis.lipstein@co.ramsey.mn.us","62000600","2024-07-24","3","2025-02-11 11:55:16.62975","Unnamed hardworking surveyor(s)","77","2","4.92",NA,NA,NA,"1",NA,NA,NA,NA,NA,NA,NA,NA,NA,NA,NA,NA,NA,NA,NA,NA,NA,NA,NA,NA,NA,NA,NA,NA,NA,NA,NA,NA,NA,NA,NA,NA,NA,NA,TRUE,TRUE
"Ramsey County Parks and Recreation","alexis.lipstein@co.ramsey.mn.us","62000600","2024-07-24","3","2025-02-11 11:55:16.62975","Unnamed hardworking surveyor(s)","78","1","6.56",NA,NA,NA,NA,NA,NA,NA,NA,NA,NA,NA,NA,NA,NA,NA,NA,NA,NA,NA,NA,NA,"1",NA,NA,NA,NA,NA,NA,NA,NA,NA,NA,NA,NA,NA,NA,NA,NA,TRUE,TRUE
"Ramsey County Parks and Recreation","alexis.lipstein@co.ramsey.mn.us","62000600","2024-07-24","3","2025-02-11 11:55:16.62975","Unnamed hardworking surveyor(s)","79","1","7.55",NA,NA,NA,NA,NA,NA,NA,NA,NA,NA,NA,NA,NA,NA,NA,NA,NA,NA,NA,NA,NA,NA,NA,NA,NA,NA,NA,NA,NA,NA,NA,NA,NA,NA,NA,NA,NA,NA,TRUE,TRUE
"Ramsey County Parks and Recreation","alexis.lipstein@co.ramsey.mn.us","62000600","2024-07-24","3","2025-02-11 11:55:16.62975","Unnamed hardworking surveyor(s)","80",NA,"4.59","1",NA,NA,NA,NA,NA,NA,NA,NA,NA,NA,NA,NA,NA,NA,NA,NA,NA,NA,NA,NA,NA,NA,NA,NA,NA,NA,NA,NA,NA,NA,NA,NA,NA,NA,NA,NA,NA,TRUE,TRUE
"Ramsey County Parks and Recreation","alexis.lipstein@co.ramsey.mn.us","62000600","2024-07-24","3","2025-02-11 11:55:16.62975","Unnamed hardworking surveyor(s)","81","1","7.22",NA,NA,NA,NA,NA,NA,NA,NA,NA,NA,NA,NA,NA,NA,NA,NA,NA,NA,NA,NA,NA,NA,NA,NA,NA,NA,NA,NA,NA,NA,NA,NA,NA,NA,NA,NA,NA,NA,TRUE,TRUE
"Ramsey County Parks and Recreation","alexis.lipstein@co.ramsey.mn.us","62000600","2024-07-24","3","2025-02-11 11:55:16.62975","Unnamed hardworking surveyor(s)","82",NA,"6.56",NA,NA,NA,NA,NA,NA,NA,NA,NA,NA,NA,NA,NA,NA,NA,NA,NA,NA,NA,NA,NA,NA,NA,NA,NA,NA,NA,NA,NA,NA,NA,NA,NA,NA,NA,NA,NA,NA,TRUE,TRUE
"Ramsey County Parks and Recreation","alexis.lipstein@co.ramsey.mn.us","62000600","2024-07-24","3","2025-02-11 11:55:16.62975","Unnamed hardworking surveyor(s)","83",NA,"7.87",NA,NA,NA,NA,NA,NA,NA,NA,NA,NA,NA,NA,NA,NA,NA,NA,NA,NA,NA,NA,NA,"1",NA,NA,NA,NA,NA,NA,"1",NA,NA,NA,NA,NA,NA,NA,NA,NA,TRUE,TRUE
"Ramsey County Parks and Recreation","alexis.lipstein@co.ramsey.mn.us","62000600","2024-07-24","3","2025-02-11 11:55:16.62975","Unnamed hardworking surveyor(s)","84",NA,"5.25",NA,NA,NA,NA,NA,NA,NA,NA,NA,NA,NA,NA,NA,NA,NA,NA,NA,NA,NA,NA,NA,"1",NA,NA,NA,NA,NA,NA,"1",NA,NA,NA,NA,NA,NA,NA,NA,NA,TRUE,TRUE
"Ramsey County Parks and Recreation","alexis.lipstein@co.ramsey.mn.us","62000600","2024-07-24","3","2025-02-11 11:55:16.62975","Unnamed hardworking surveyor(s)","85","1","3.61",NA,NA,NA,NA,NA,NA,NA,NA,NA,NA,NA,NA,NA,NA,NA,NA,NA,NA,NA,NA,NA,"1",NA,NA,NA,NA,NA,NA,"1",NA,NA,NA,NA,NA,NA,NA,NA,NA,TRUE,TRUE
"Ramsey County Parks and Recreation","alexis.lipstein@co.ramsey.mn.us","62000600","2024-07-24","3","2025-02-11 11:55:16.62975","Unnamed hardworking surveyor(s)","86","1","4.27",NA,NA,NA,"1",NA,NA,NA,NA,NA,NA,NA,NA,NA,NA,NA,NA,NA,NA,NA,NA,NA,"1",NA,NA,NA,NA,NA,NA,"1","1",NA,NA,NA,NA,NA,NA,NA,NA,TRUE,TRUE
"Ramsey County Parks and Recreation","alexis.lipstein@co.ramsey.mn.us","62000600","2024-07-24","3","2025-02-11 11:55:16.62975","Unnamed hardworking surveyor(s)","87",NA,"5.91",NA,NA,NA,NA,NA,NA,NA,NA,NA,NA,NA,NA,NA,NA,NA,NA,NA,NA,NA,NA,NA,NA,NA,NA,NA,NA,NA,NA,NA,NA,NA,NA,NA,NA,NA,NA,NA,NA,TRUE,TRUE
"Ramsey County Parks and Recreation","alexis.lipstein@co.ramsey.mn.us","62000600","2024-07-24","3","2025-02-11 11:55:16.62975","Unnamed hardworking surveyor(s)","88",NA,"6.56",NA,NA,NA,NA,NA,NA,NA,NA,NA,NA,NA,NA,NA,NA,NA,NA,NA,NA,NA,NA,NA,NA,NA,NA,NA,NA,NA,NA,NA,NA,NA,NA,NA,NA,NA,NA,NA,NA,TRUE,TRUE
"Ramsey County Parks and Recreation","alexis.lipstein@co.ramsey.mn.us","62000600","2024-07-24","3","2025-02-11 11:55:16.62975","Unnamed hardworking surveyor(s)","89",NA,"6.56","1",NA,NA,NA,NA,NA,NA,NA,NA,NA,NA,NA,NA,NA,NA,NA,NA,NA,NA,NA,NA,"1",NA,NA,NA,NA,NA,NA,NA,NA,NA,NA,NA,NA,NA,NA,NA,NA,TRUE,TRUE
"Ramsey County Parks and Recreation","alexis.lipstein@co.ramsey.mn.us","62000600","2024-07-24","3","2025-02-11 11:55:16.62975","Unnamed hardworking surveyor(s)","90",NA,"5.91","1",NA,NA,NA,NA,NA,NA,NA,NA,NA,NA,NA,NA,NA,NA,NA,NA,NA,NA,NA,NA,NA,NA,NA,NA,NA,NA,NA,NA,NA,NA,NA,NA,NA,NA,NA,NA,NA,TRUE,TRUE
"Ramsey County Parks and Recreation","alexis.lipstein@co.ramsey.mn.us","62000600","2024-07-24","3","2025-02-11 11:55:16.62975","Unnamed hardworking surveyor(s)","91",NA,"5.91",NA,NA,NA,NA,NA,NA,NA,NA,NA,NA,NA,NA,NA,NA,NA,NA,NA,NA,NA,NA,NA,"1",NA,NA,NA,NA,NA,NA,"1",NA,NA,NA,NA,NA,NA,NA,NA,NA,TRUE,TRUE
"Ramsey County Parks and Recreation","alexis.lipstein@co.ramsey.mn.us","62000600","2024-07-24","3","2025-02-11 11:55:16.62975","Unnamed hardworking surveyor(s)","92","3","4.92","1",NA,NA,"1",NA,NA,NA,NA,NA,NA,NA,NA,NA,NA,NA,NA,NA,NA,NA,NA,NA,"1",NA,NA,NA,NA,NA,NA,"1","1",NA,NA,NA,NA,NA,NA,NA,NA,TRUE,TRUE
"Ramsey County Parks and Recreation","alexis.lipstein@co.ramsey.mn.us","62000600","2024-07-24","3","2025-02-11 11:55:16.62975","Unnamed hardworking surveyor(s)","93","1","1.64",NA,"1",NA,NA,"1",NA,NA,NA,"1",NA,NA,NA,NA,NA,NA,NA,NA,NA,NA,NA,NA,"3",NA,NA,NA,NA,NA,NA,"1",NA,NA,NA,NA,NA,NA,NA,NA,NA,TRUE,TRUE
"Ramsey County Parks and Recreation","alexis.lipstein@co.ramsey.mn.us","62000600","2024-07-24","3","2025-02-11 11:55:16.62975","Unnamed hardworking surveyor(s)","94","2","2.62","1","1",NA,"1",NA,NA,NA,NA,NA,NA,NA,NA,NA,NA,NA,NA,NA,NA,NA,NA,NA,"1",NA,NA,NA,NA,NA,NA,"2",NA,NA,NA,NA,NA,NA,NA,NA,NA,TRUE,TRUE
"Ramsey County Parks and Recreation","alexis.lipstein@co.ramsey.mn.us","62000600","2024-07-24","3","2025-02-11 11:55:16.62975","Unnamed hardworking surveyor(s)","95","1","3.94",NA,"1",NA,"1",NA,NA,NA,NA,NA,NA,NA,NA,NA,NA,NA,NA,NA,NA,NA,NA,NA,"2",NA,NA,NA,NA,NA,NA,"1","1",NA,NA,NA,NA,NA,NA,NA,NA,TRUE,TRUE
"Ramsey County Parks and Recreation","alexis.lipstein@co.ramsey.mn.us","62000600","2024-07-24","3","2025-02-11 11:55:16.62975","Unnamed hardworking surveyor(s)","96","3","5.91",NA,NA,NA,"1",NA,NA,NA,NA,NA,NA,NA,NA,NA,NA,NA,NA,NA,"1",NA,NA,NA,"1",NA,NA,NA,NA,NA,NA,"1",NA,NA,NA,NA,NA,NA,NA,NA,NA,TRUE,TRUE
"Ramsey County Parks and Recreation","alexis.lipstein@co.ramsey.mn.us","62000600","2024-07-24","3","2025-02-11 11:55:16.62975","Unnamed hardworking surveyor(s)","97","2","5.91",NA,"1",NA,NA,NA,NA,NA,NA,NA,NA,NA,NA,NA,NA,NA,NA,NA,NA,NA,NA,NA,"1",NA,NA,NA,NA,NA,NA,"1",NA,NA,NA,NA,NA,NA,NA,NA,NA,TRUE,TRUE
"Ramsey County Parks and Recreation","alexis.lipstein@co.ramsey.mn.us","62000600","2024-07-24","3","2025-02-11 11:55:16.62975","Unnamed hardworking surveyor(s)","98",NA,"5.91","1",NA,NA,NA,NA,NA,NA,NA,NA,NA,NA,NA,NA,NA,NA,NA,NA,NA,NA,NA,NA,"1",NA,NA,NA,NA,NA,NA,"1",NA,NA,NA,NA,NA,NA,NA,NA,NA,TRUE,TRUE
"Ramsey County Parks and Recreation","alexis.lipstein@co.ramsey.mn.us","62000600","2024-07-24","3","2025-02-11 11:55:16.62975","Unnamed hardworking surveyor(s)","99",NA,"4.92","1",NA,NA,"1","2",NA,NA,NA,NA,NA,NA,NA,NA,NA,NA,NA,NA,"1",NA,NA,NA,"1",NA,NA,NA,NA,NA,NA,"1","1",NA,NA,NA,NA,NA,NA,NA,NA,TRUE,TRUE
"Ramsey County Parks and Recreation","alexis.lipstein@co.ramsey.mn.us","62000600","2024-07-24","3","2025-02-11 11:55:16.62975","Unnamed hardworking surveyor(s)","100",NA,"1.64",NA,NA,NA,"1","2",NA,NA,NA,NA,NA,NA,NA,NA,NA,NA,NA,NA,"1",NA,NA,NA,"1",NA,NA,NA,NA,NA,NA,"1","1",NA,NA,NA,NA,NA,NA,NA,NA,TRUE,TRUE
"Ramsey County Parks and Recreation","alexis.lipstein@co.ramsey.mn.us","62000600","2024-07-24","3","2025-02-11 11:55:16.62975","Unnamed hardworking surveyor(s)","101",NA,"1.64",NA,NA,NA,"1","3",NA,NA,NA,NA,NA,NA,NA,NA,NA,NA,NA,NA,"1",NA,NA,NA,"1",NA,NA,NA,NA,NA,NA,"2",NA,NA,NA,NA,NA,NA,NA,NA,NA,TRUE,TRUE
"Ramsey County Parks and Recreation","alexis.lipstein@co.ramsey.mn.us","62000600","2024-07-24","3","2025-02-11 11:55:16.62975","Unnamed hardworking surveyor(s)","102","1","2.3",NA,NA,NA,"1","1",NA,NA,NA,"1",NA,NA,NA,NA,NA,NA,NA,NA,NA,NA,NA,NA,"1",NA,NA,NA,NA,NA,NA,"1",NA,NA,NA,NA,NA,NA,NA,NA,NA,TRUE,TRUE
"Ramsey County Parks and Recreation","alexis.lipstein@co.ramsey.mn.us","62000600","2024-07-24","3","2025-02-11 11:55:16.62975","Unnamed hardworking surveyor(s)","103","3","3.28","1",NA,NA,"1","1",NA,NA,NA,NA,NA,NA,NA,NA,NA,NA,NA,NA,"1",NA,NA,NA,"1",NA,NA,NA,NA,NA,NA,"1","1",NA,NA,NA,NA,NA,NA,NA,"1",TRUE,TRUE
"Ramsey County Parks and Recreation","alexis.lipstein@co.ramsey.mn.us","62000600","2024-07-24","3","2025-02-11 11:55:16.62975","Unnamed hardworking surveyor(s)","104","1","4.92",NA,NA,NA,NA,NA,NA,NA,NA,NA,NA,NA,NA,NA,NA,NA,NA,NA,NA,NA,NA,NA,NA,NA,NA,NA,NA,NA,NA,NA,NA,NA,NA,NA,NA,NA,NA,NA,NA,TRUE,TRUE
"Ramsey County Parks and Recreation","alexis.lipstein@co.ramsey.mn.us","62000600","2024-07-24","3","2025-02-11 11:55:16.62975","Unnamed hardworking surveyor(s)","105","1","3.94",NA,NA,NA,"1",NA,NA,NA,NA,NA,NA,NA,NA,NA,NA,NA,NA,NA,"1",NA,NA,NA,"1",NA,NA,NA,NA,NA,NA,NA,NA,NA,NA,NA,NA,NA,NA,NA,NA,TRUE,TRUE
"Ramsey County Parks and Recreation","alexis.lipstein@co.ramsey.mn.us","62000600","2024-07-24","3","2025-02-11 11:55:16.62975","Unnamed hardworking surveyor(s)","106","1","3.28",NA,"1",NA,NA,NA,NA,NA,NA,NA,NA,NA,NA,NA,NA,NA,NA,NA,NA,NA,NA,NA,"3",NA,NA,NA,NA,NA,NA,"1","1",NA,NA,NA,NA,NA,NA,NA,NA,TRUE,TRUE
"Ramsey County Parks and Recreation","alexis.lipstein@co.ramsey.mn.us","62000600","2024-07-24","3","2025-02-11 11:55:16.62975","Unnamed hardworking surveyor(s)","107","1","2.62",NA,"1",NA,NA,NA,NA,NA,NA,NA,NA,NA,NA,NA,NA,NA,NA,NA,"1",NA,NA,NA,"3",NA,NA,NA,NA,NA,NA,"2",NA,NA,NA,NA,NA,NA,NA,NA,NA,TRUE,TRUE
"Ramsey County Parks and Recreation","alexis.lipstein@co.ramsey.mn.us","62000600","2024-07-24","3","2025-02-11 11:55:16.62975","Unnamed hardworking surveyor(s)","108","1","2.62",NA,"1",NA,NA,NA,NA,NA,NA,NA,NA,NA,NA,NA,NA,NA,NA,NA,"1",NA,NA,NA,"3",NA,NA,NA,NA,NA,NA,"1",NA,NA,NA,NA,NA,NA,NA,NA,NA,TRUE,TRUE
"Ramsey County Parks and Recreation","alexis.lipstein@co.ramsey.mn.us","62000600","2024-07-24","3","2025-02-11 11:55:16.62975","Unnamed hardworking surveyor(s)","109","2","2.62",NA,"1",NA,NA,NA,NA,NA,NA,NA,NA,NA,NA,NA,NA,NA,NA,NA,"1",NA,NA,NA,"3","1",NA,NA,NA,NA,NA,"1","1",NA,NA,NA,NA,NA,NA,NA,NA,TRUE,TRUE
"Ramsey County Parks and Recreation","alexis.lipstein@co.ramsey.mn.us","62000600","2024-07-24","3","2025-02-11 11:55:16.62975","Unnamed hardworking surveyor(s)","110","2","2.62","1","2",NA,NA,"1",NA,NA,NA,NA,NA,NA,NA,NA,NA,NA,NA,NA,"1",NA,NA,NA,"2",NA,NA,NA,NA,NA,NA,"1",NA,NA,NA,NA,NA,NA,NA,NA,NA,TRUE,TRUE
"Ramsey County Parks and Recreation","alexis.lipstein@co.ramsey.mn.us","62000600","2024-07-24","3","2025-02-11 11:55:16.62975","Unnamed hardworking surveyor(s)","111","1","3.94",NA,"2",NA,"1",NA,NA,NA,NA,"1",NA,NA,NA,NA,NA,NA,NA,NA,"1",NA,NA,NA,"3",NA,NA,NA,NA,NA,NA,"1",NA,NA,NA,NA,NA,NA,NA,NA,NA,TRUE,TRUE
"Ramsey County Parks and Recreation","alexis.lipstein@co.ramsey.mn.us","62000600","2024-07-24","3","2025-02-11 11:55:16.62975","Unnamed hardworking surveyor(s)","112","3","4.27","1",NA,NA,"1",NA,NA,NA,NA,NA,NA,NA,NA,NA,NA,NA,NA,NA,"1",NA,NA,NA,"1",NA,NA,NA,NA,NA,NA,NA,NA,NA,NA,NA,NA,NA,NA,NA,NA,TRUE,TRUE
"Ramsey County Parks and Recreation","alexis.lipstein@co.ramsey.mn.us","62000600","2024-07-24","3","2025-02-11 11:55:16.62975","Unnamed hardworking surveyor(s)","113","1","1.64",NA,"2",NA,"1",NA,NA,NA,NA,NA,NA,NA,NA,NA,NA,NA,NA,NA,"1",NA,NA,NA,"1",NA,NA,NA,NA,NA,NA,"1",NA,NA,NA,NA,NA,NA,NA,NA,NA,TRUE,TRUE
"Ramsey County Parks and Recreation","alexis.lipstein@co.ramsey.mn.us","62000600","2024-07-24","3","2025-02-11 11:55:16.62975","Unnamed hardworking surveyor(s)","114","3","2.62",NA,"1",NA,"1","1",NA,NA,NA,NA,NA,NA,NA,NA,NA,NA,NA,NA,"1",NA,NA,NA,"1",NA,NA,NA,NA,NA,NA,"1","1",NA,NA,NA,NA,NA,NA,NA,NA,TRUE,TRUE
"Ramsey County Parks and Recreation","alexis.lipstein@co.ramsey.mn.us","62000600","2024-08-20","3","2025-02-11 11:57:57.830447","Unnamed hardworking surveyor(s)","2","1","1.97",NA,NA,NA,NA,"2",NA,NA,NA,NA,"v",NA,NA,NA,NA,NA,NA,NA,NA,NA,NA,NA,"1",NA,NA,NA,NA,NA,NA,"1",NA,NA,NA,NA,NA,NA,NA,NA,NA,TRUE,TRUE
"Ramsey County Parks and Recreation","alexis.lipstein@co.ramsey.mn.us","62000600","2024-08-20","3","2025-02-11 11:57:57.830447","Unnamed hardworking surveyor(s)","3",NA,"1.64",NA,NA,NA,NA,"2",NA,NA,NA,NA,NA,NA,NA,NA,NA,NA,NA,NA,NA,NA,NA,NA,"1",NA,NA,NA,NA,NA,NA,"1",NA,NA,NA,NA,NA,NA,NA,NA,NA,TRUE,TRUE
"Ramsey County Parks and Recreation","alexis.lipstein@co.ramsey.mn.us","62000600","2024-08-20","3","2025-02-11 11:57:57.830447","Unnamed hardworking surveyor(s)","4","1","1.64",NA,"1",NA,"1","2",NA,NA,NA,"v",NA,NA,NA,NA,NA,NA,NA,NA,NA,NA,NA,NA,"1","1",NA,NA,NA,NA,NA,NA,"1",NA,NA,NA,NA,NA,NA,NA,NA,TRUE,TRUE
"Ramsey County Parks and Recreation","alexis.lipstein@co.ramsey.mn.us","62000600","2024-08-20","3","2025-02-11 11:57:57.830447","Unnamed hardworking surveyor(s)","5","1","3.28",NA,NA,NA,NA,NA,NA,NA,NA,"1",NA,NA,NA,NA,NA,NA,NA,NA,NA,NA,NA,NA,NA,NA,NA,NA,NA,NA,NA,NA,NA,NA,NA,NA,NA,NA,NA,NA,"1",TRUE,TRUE
"Ramsey County Parks and Recreation","alexis.lipstein@co.ramsey.mn.us","62000600","2024-08-20","3","2025-02-11 11:57:57.830447","Unnamed hardworking surveyor(s)","6","1","1.64",NA,NA,NA,NA,NA,NA,NA,NA,NA,NA,NA,NA,NA,NA,NA,NA,NA,NA,NA,NA,NA,NA,NA,NA,NA,NA,NA,NA,NA,NA,NA,NA,NA,NA,NA,NA,NA,"1",TRUE,TRUE
"Ramsey County Parks and Recreation","alexis.lipstein@co.ramsey.mn.us","62000600","2024-08-20","3","2025-02-11 11:57:57.830447","Unnamed hardworking surveyor(s)","7","3","0.98",NA,"1",NA,"1","1",NA,NA,NA,NA,NA,NA,NA,NA,NA,NA,NA,NA,"1",NA,NA,NA,"1",NA,NA,NA,NA,NA,NA,"1","1",NA,NA,NA,NA,NA,NA,NA,NA,TRUE,TRUE
"Ramsey County Parks and Recreation","alexis.lipstein@co.ramsey.mn.us","62000600","2024-08-20","3","2025-02-11 11:57:57.830447","Unnamed hardworking surveyor(s)","8","1","1.64",NA,"1",NA,NA,"1",NA,NA,NA,NA,NA,NA,NA,NA,NA,NA,NA,NA,NA,NA,NA,NA,NA,NA,NA,NA,NA,NA,NA,NA,NA,NA,NA,NA,NA,NA,NA,NA,NA,TRUE,TRUE
"Ramsey County Parks and Recreation","alexis.lipstein@co.ramsey.mn.us","62000600","2024-08-20","3","2025-02-11 11:57:57.830447","Unnamed hardworking surveyor(s)","9",NA,"0.98",NA,NA,NA,NA,NA,NA,NA,NA,NA,NA,NA,NA,NA,NA,NA,NA,NA,"1",NA,NA,NA,NA,NA,NA,NA,NA,NA,NA,NA,NA,NA,NA,NA,NA,NA,NA,NA,"1",TRUE,TRUE
"Ramsey County Parks and Recreation","alexis.lipstein@co.ramsey.mn.us","62000600","2024-08-20","3","2025-02-11 11:57:57.830447","Unnamed hardworking surveyor(s)","10","1","1.64",NA,NA,NA,NA,NA,NA,NA,NA,"1",NA,NA,NA,NA,NA,NA,NA,NA,NA,NA,NA,NA,NA,NA,NA,NA,NA,NA,NA,NA,NA,NA,NA,NA,NA,NA,NA,NA,"1",TRUE,TRUE
"Ramsey County Parks and Recreation","alexis.lipstein@co.ramsey.mn.us","62000600","2024-08-20","3","2025-02-11 11:57:57.830447","Unnamed hardworking surveyor(s)","11","1","1.97",NA,NA,NA,"1","2",NA,NA,NA,"1",NA,NA,NA,NA,NA,NA,NA,NA,NA,NA,NA,NA,"1",NA,NA,NA,NA,NA,NA,"1","1",NA,NA,NA,NA,NA,NA,NA,NA,TRUE,TRUE
"Ramsey County Parks and Recreation","alexis.lipstein@co.ramsey.mn.us","62000600","2024-08-20","3","2025-02-11 11:57:57.830447","Unnamed hardworking surveyor(s)","12","2","0.98",NA,"1",NA,"1","1",NA,NA,NA,"1",NA,NA,NA,NA,NA,NA,NA,NA,"1",NA,NA,NA,"2",NA,NA,NA,NA,NA,NA,"1","1",NA,NA,NA,NA,NA,NA,NA,NA,TRUE,TRUE
"Ramsey County Parks and Recreation","alexis.lipstein@co.ramsey.mn.us","62000600","2024-08-20","3","2025-02-11 11:57:57.830447","Unnamed hardworking surveyor(s)","13","1","0.98",NA,"1",NA,"1","1",NA,NA,NA,NA,NA,NA,NA,NA,NA,NA,NA,NA,"1",NA,NA,NA,"2",NA,NA,NA,NA,NA,NA,"1",NA,NA,NA,NA,NA,NA,NA,NA,"2",TRUE,TRUE
"Ramsey County Parks and Recreation","alexis.lipstein@co.ramsey.mn.us","62000600","2024-08-20","3","2025-02-11 11:57:57.830447","Unnamed hardworking surveyor(s)","14","1","0.98",NA,"1",NA,"1","1",NA,NA,NA,"1","1",NA,NA,NA,"1",NA,NA,NA,"1",NA,NA,NA,"1",NA,NA,NA,NA,NA,NA,"1","1",NA,NA,NA,NA,NA,NA,NA,NA,TRUE,TRUE
"Ramsey County Parks and Recreation","alexis.lipstein@co.ramsey.mn.us","62000600","2024-08-20","3","2025-02-11 11:57:57.830447","Unnamed hardworking surveyor(s)","15","3","0.98",NA,NA,NA,"1","1",NA,NA,NA,NA,NA,NA,NA,NA,NA,NA,NA,NA,"1",NA,NA,NA,"1",NA,NA,NA,NA,NA,NA,"1",NA,NA,NA,NA,NA,NA,NA,NA,NA,TRUE,TRUE
"Ramsey County Parks and Recreation","alexis.lipstein@co.ramsey.mn.us","62000600","2024-08-20","3","2025-02-11 11:57:57.830447","Unnamed hardworking surveyor(s)","16","2","0.98",NA,NA,NA,"1","1",NA,NA,NA,NA,NA,NA,NA,NA,NA,NA,NA,NA,"1",NA,NA,NA,"1",NA,NA,NA,NA,NA,NA,"1",NA,NA,NA,NA,NA,NA,NA,NA,NA,TRUE,TRUE
"Ramsey County Parks and Recreation","alexis.lipstein@co.ramsey.mn.us","62000600","2024-08-20","3","2025-02-11 11:57:57.830447","Unnamed hardworking surveyor(s)","17","1","2.62",NA,"1",NA,"1","2",NA,NA,NA,"1",NA,NA,NA,NA,NA,NA,NA,NA,"1",NA,NA,NA,"1","1",NA,NA,NA,NA,NA,"1",NA,NA,NA,NA,NA,NA,NA,NA,NA,TRUE,TRUE
"Ramsey County Parks and Recreation","alexis.lipstein@co.ramsey.mn.us","62000600","2024-08-20","3","2025-02-11 11:57:57.830447","Unnamed hardworking surveyor(s)","18","1","2.62",NA,"1",NA,"1",NA,NA,NA,NA,"1",NA,NA,NA,NA,NA,NA,NA,NA,NA,NA,NA,NA,NA,NA,NA,NA,NA,NA,NA,NA,NA,NA,NA,NA,NA,NA,NA,NA,"1",TRUE,TRUE
"Ramsey County Parks and Recreation","alexis.lipstein@co.ramsey.mn.us","62000600","2024-08-20","3","2025-02-11 11:57:57.830447","Unnamed hardworking surveyor(s)","19","2","2.62",NA,"1",NA,"1","1",NA,NA,NA,"1",NA,NA,NA,NA,NA,NA,NA,NA,"1",NA,NA,"1","1",NA,NA,NA,NA,NA,NA,"1",NA,NA,NA,NA,NA,NA,NA,NA,NA,TRUE,TRUE
"Ramsey County Parks and Recreation","alexis.lipstein@co.ramsey.mn.us","62000600","2024-08-20","3","2025-02-11 11:57:57.830447","Unnamed hardworking surveyor(s)","20","1","1.64",NA,"1",NA,"1","1",NA,NA,NA,"1",NA,NA,NA,NA,NA,NA,NA,NA,"1",NA,NA,NA,"2",NA,NA,NA,NA,NA,NA,"1",NA,NA,NA,NA,NA,NA,NA,NA,NA,TRUE,TRUE
"Ramsey County Parks and Recreation","alexis.lipstein@co.ramsey.mn.us","62000600","2024-08-20","3","2025-02-11 11:57:57.830447","Unnamed hardworking surveyor(s)","21","1","1.64",NA,NA,NA,NA,NA,NA,NA,NA,"1",NA,NA,NA,NA,NA,NA,NA,NA,NA,NA,NA,NA,NA,NA,NA,NA,NA,NA,NA,NA,NA,NA,NA,NA,NA,NA,NA,NA,NA,TRUE,TRUE
"Ramsey County Parks and Recreation","alexis.lipstein@co.ramsey.mn.us","62000600","2024-08-20","3","2025-02-11 11:57:57.830447","Unnamed hardworking surveyor(s)","22","1","2.62",NA,NA,NA,"1","2",NA,NA,NA,"1",NA,NA,NA,NA,NA,NA,NA,NA,"1",NA,NA,NA,"1",NA,NA,NA,NA,NA,NA,"1","1",NA,NA,NA,NA,NA,NA,NA,NA,TRUE,TRUE
"Ramsey County Parks and Recreation","alexis.lipstein@co.ramsey.mn.us","62000600","2024-08-20","3","2025-02-11 11:57:57.830447","Unnamed hardworking surveyor(s)","23","1","3.28",NA,"1",NA,NA,NA,NA,NA,NA,"1",NA,NA,NA,NA,NA,NA,NA,NA,NA,NA,NA,NA,NA,NA,NA,NA,NA,NA,NA,NA,NA,NA,NA,NA,NA,NA,NA,NA,NA,TRUE,TRUE
"Ramsey County Parks and Recreation","alexis.lipstein@co.ramsey.mn.us","62000600","2024-08-20","3","2025-02-11 11:57:57.830447","Unnamed hardworking surveyor(s)","24",NA,"4.27","1",NA,NA,"1","1",NA,NA,NA,"1",NA,NA,NA,NA,NA,NA,NA,NA,NA,NA,NA,NA,"1",NA,NA,NA,NA,NA,NA,"1",NA,NA,NA,NA,NA,NA,NA,NA,"1",TRUE,TRUE
"Ramsey County Parks and Recreation","alexis.lipstein@co.ramsey.mn.us","62000600","2024-08-20","3","2025-02-11 11:57:57.830447","Unnamed hardworking surveyor(s)","25",NA,"4.59",NA,NA,NA,NA,NA,NA,NA,NA,NA,NA,NA,NA,NA,NA,NA,NA,NA,"1",NA,NA,NA,"1",NA,NA,NA,NA,NA,NA,"1",NA,NA,NA,NA,NA,NA,NA,NA,NA,TRUE,TRUE
"Ramsey County Parks and Recreation","alexis.lipstein@co.ramsey.mn.us","62000600","2024-08-20","3","2025-02-11 11:57:57.830447","Unnamed hardworking surveyor(s)","26","1","4.59",NA,NA,NA,"1",NA,NA,NA,NA,NA,NA,NA,NA,NA,NA,NA,NA,NA,NA,NA,NA,NA,NA,NA,NA,NA,NA,NA,NA,"1",NA,NA,NA,NA,NA,NA,NA,NA,NA,TRUE,TRUE
"Ramsey County Parks and Recreation","alexis.lipstein@co.ramsey.mn.us","62000600","2024-08-20","3","2025-02-11 11:57:57.830447","Unnamed hardworking surveyor(s)","27","1","4.92",NA,NA,NA,NA,NA,NA,NA,NA,NA,NA,NA,NA,NA,NA,NA,NA,NA,NA,NA,NA,NA,"1",NA,NA,NA,NA,NA,NA,"1",NA,NA,NA,NA,NA,NA,NA,NA,NA,TRUE,TRUE
"Ramsey County Parks and Recreation","alexis.lipstein@co.ramsey.mn.us","62000600","2024-08-20","3","2025-02-11 11:57:57.830447","Unnamed hardworking surveyor(s)","28","1","4.27","1",NA,NA,"1","1",NA,NA,NA,"1",NA,NA,NA,NA,NA,NA,NA,NA,NA,NA,NA,NA,NA,NA,NA,NA,NA,NA,NA,"1","1",NA,NA,NA,NA,NA,NA,NA,NA,TRUE,TRUE
"Ramsey County Parks and Recreation","alexis.lipstein@co.ramsey.mn.us","62000600","2024-08-20","3","2025-02-11 11:57:57.830447","Unnamed hardworking surveyor(s)","29","1","4.27",NA,NA,NA,NA,NA,NA,NA,NA,"1",NA,NA,NA,NA,NA,NA,NA,NA,NA,NA,NA,NA,"1",NA,NA,NA,NA,NA,NA,"1",NA,NA,NA,NA,NA,NA,NA,NA,NA,TRUE,TRUE
"Ramsey County Parks and Recreation","alexis.lipstein@co.ramsey.mn.us","62000600","2024-08-20","3","2025-02-11 11:57:57.830447","Unnamed hardworking surveyor(s)","30","1","3.94",NA,NA,NA,"1",NA,NA,NA,NA,"2",NA,NA,NA,NA,NA,NA,NA,NA,NA,NA,NA,NA,"1",NA,NA,NA,NA,NA,NA,NA,"1",NA,NA,NA,NA,NA,NA,NA,"1",TRUE,TRUE
"Ramsey County Parks and Recreation","alexis.lipstein@co.ramsey.mn.us","62000600","2024-08-20","3","2025-02-11 11:57:57.830447","Unnamed hardworking surveyor(s)","31","1","2.62",NA,"1",NA,"1","2",NA,NA,NA,"1",NA,NA,NA,NA,NA,NA,NA,NA,"1",NA,NA,NA,"1",NA,NA,NA,NA,NA,NA,"1",NA,NA,NA,NA,NA,NA,NA,NA,NA,TRUE,TRUE
"Ramsey County Parks and Recreation","alexis.lipstein@co.ramsey.mn.us","62000600","2024-08-20","3","2025-02-11 11:57:57.830447","Unnamed hardworking surveyor(s)","32","2","2.62",NA,NA,NA,"1","1",NA,NA,NA,"1",NA,NA,NA,NA,NA,NA,NA,NA,"1",NA,NA,NA,"1",NA,NA,NA,NA,NA,NA,"1",NA,NA,NA,NA,NA,NA,NA,NA,NA,TRUE,TRUE
"Ramsey County Parks and Recreation","alexis.lipstein@co.ramsey.mn.us","62000600","2024-08-20","3","2025-02-11 11:57:57.830447","Unnamed hardworking surveyor(s)","33","2","2.62",NA,"1",NA,"1","2",NA,NA,NA,"1",NA,NA,NA,NA,NA,NA,NA,NA,"1",NA,NA,NA,"1",NA,NA,NA,NA,NA,NA,"1",NA,NA,NA,NA,NA,NA,NA,NA,NA,TRUE,TRUE
"Ramsey County Parks and Recreation","alexis.lipstein@co.ramsey.mn.us","62000600","2024-08-20","3","2025-02-11 11:57:57.830447","Unnamed hardworking surveyor(s)","34","1","1.64",NA,"1",NA,"1","2",NA,NA,NA,"1",NA,NA,NA,NA,NA,NA,NA,NA,"1",NA,NA,NA,"1",NA,NA,NA,NA,NA,NA,"1",NA,NA,NA,NA,NA,NA,NA,NA,NA,TRUE,TRUE
"Ramsey County Parks and Recreation","alexis.lipstein@co.ramsey.mn.us","62000600","2024-08-20","3","2025-02-11 11:57:57.830447","Unnamed hardworking surveyor(s)","35","1","4.27",NA,"1",NA,"1",NA,NA,NA,NA,"1",NA,NA,NA,NA,NA,NA,NA,NA,"1",NA,NA,NA,NA,NA,NA,NA,NA,NA,NA,"1",NA,NA,NA,NA,NA,NA,NA,NA,NA,TRUE,TRUE
"Ramsey County Parks and Recreation","alexis.lipstein@co.ramsey.mn.us","62000600","2024-08-20","3","2025-02-11 11:57:57.830447","Unnamed hardworking surveyor(s)","36","2","4.92",NA,NA,NA,NA,NA,NA,NA,NA,NA,NA,NA,NA,NA,NA,NA,NA,NA,NA,NA,NA,NA,NA,NA,NA,NA,NA,NA,NA,NA,NA,NA,NA,NA,NA,NA,NA,NA,NA,TRUE,TRUE
"Ramsey County Parks and Recreation","alexis.lipstein@co.ramsey.mn.us","62000600","2024-08-20","3","2025-02-11 11:57:57.830447","Unnamed hardworking surveyor(s)","37",NA,"5.25",NA,NA,NA,NA,NA,NA,NA,NA,NA,NA,NA,NA,NA,NA,NA,NA,NA,"1",NA,NA,NA,NA,NA,NA,NA,NA,NA,NA,NA,NA,NA,NA,NA,NA,NA,NA,NA,NA,TRUE,TRUE
"Ramsey County Parks and Recreation","alexis.lipstein@co.ramsey.mn.us","62000600","2024-08-20","3","2025-02-11 11:57:57.830447","Unnamed hardworking surveyor(s)","38","1","5.91",NA,NA,NA,NA,NA,NA,NA,NA,NA,NA,NA,NA,NA,NA,NA,NA,NA,"1",NA,NA,NA,NA,NA,NA,NA,NA,NA,NA,NA,NA,NA,NA,NA,NA,NA,NA,NA,NA,TRUE,TRUE
"Ramsey County Parks and Recreation","alexis.lipstein@co.ramsey.mn.us","62000600","2024-08-20","3","2025-02-11 11:57:57.830447","Unnamed hardworking surveyor(s)","39",NA,"5.58",NA,NA,NA,"1",NA,NA,NA,NA,NA,NA,NA,NA,NA,NA,NA,NA,NA,"1",NA,NA,NA,NA,NA,NA,NA,NA,NA,NA,"1","1",NA,NA,NA,NA,NA,NA,NA,NA,TRUE,TRUE
"Ramsey County Parks and Recreation","alexis.lipstein@co.ramsey.mn.us","62000600","2024-08-20","3","2025-02-11 11:57:57.830447","Unnamed hardworking surveyor(s)","40",NA,"5.91",NA,NA,NA,NA,NA,NA,NA,NA,NA,NA,NA,NA,NA,NA,NA,NA,NA,"1",NA,NA,NA,NA,NA,NA,NA,NA,NA,NA,NA,NA,NA,NA,NA,NA,NA,NA,NA,NA,TRUE,TRUE
"Ramsey County Parks and Recreation","alexis.lipstein@co.ramsey.mn.us","62000600","2024-08-20","3","2025-02-11 11:57:57.830447","Unnamed hardworking surveyor(s)","41",NA,"6.23",NA,NA,NA,"1",NA,NA,NA,NA,NA,NA,NA,NA,NA,NA,NA,NA,NA,"1",NA,NA,NA,NA,NA,NA,NA,NA,NA,NA,NA,"1",NA,NA,NA,NA,NA,NA,NA,NA,TRUE,TRUE
"Ramsey County Parks and Recreation","alexis.lipstein@co.ramsey.mn.us","62000600","2024-08-20","3","2025-02-11 11:57:57.830447","Unnamed hardworking surveyor(s)","42","1","5.58",NA,NA,NA,NA,NA,NA,NA,NA,NA,NA,NA,NA,NA,NA,NA,NA,NA,"1",NA,NA,NA,NA,NA,NA,NA,NA,NA,NA,"1",NA,NA,NA,NA,NA,NA,NA,NA,NA,TRUE,TRUE
"Ramsey County Parks and Recreation","alexis.lipstein@co.ramsey.mn.us","62000600","2024-08-20","3","2025-02-11 11:57:57.830447","Unnamed hardworking surveyor(s)","43",NA,"3.28",NA,NA,NA,NA,NA,NA,NA,NA,NA,NA,NA,NA,NA,NA,NA,NA,NA,NA,NA,NA,NA,NA,NA,NA,NA,NA,NA,NA,NA,NA,NA,NA,NA,NA,NA,NA,NA,NA,TRUE,TRUE
"Ramsey County Parks and Recreation","alexis.lipstein@co.ramsey.mn.us","62000600","2024-08-20","3","2025-02-11 11:57:57.830447","Unnamed hardworking surveyor(s)","44",NA,"3.28",NA,NA,NA,NA,"1",NA,NA,NA,NA,NA,NA,NA,NA,NA,NA,NA,NA,NA,NA,NA,NA,NA,NA,NA,NA,NA,NA,NA,NA,NA,NA,NA,NA,NA,NA,NA,NA,NA,TRUE,TRUE
"Ramsey County Parks and Recreation","alexis.lipstein@co.ramsey.mn.us","62000600","2024-08-20","3","2025-02-11 11:57:57.830447","Unnamed hardworking surveyor(s)","45",NA,"5.25",NA,NA,NA,NA,NA,NA,NA,NA,NA,NA,NA,NA,NA,NA,NA,NA,NA,NA,NA,NA,NA,"1",NA,NA,NA,NA,NA,NA,NA,NA,NA,NA,NA,NA,NA,NA,NA,NA,TRUE,TRUE
"Ramsey County Parks and Recreation","alexis.lipstein@co.ramsey.mn.us","62000600","2024-08-20","3","2025-02-11 11:57:57.830447","Unnamed hardworking surveyor(s)","46",NA,"3.28",NA,NA,NA,NA,NA,NA,NA,NA,NA,NA,NA,NA,NA,NA,NA,NA,NA,NA,NA,NA,NA,NA,NA,NA,NA,NA,NA,NA,NA,NA,NA,NA,NA,NA,NA,NA,NA,NA,TRUE,TRUE
"Ramsey County Parks and Recreation","alexis.lipstein@co.ramsey.mn.us","62000600","2024-08-20","3","2025-02-11 11:57:57.830447","Unnamed hardworking surveyor(s)","47",NA,"5.25",NA,NA,NA,NA,NA,NA,NA,NA,NA,NA,NA,NA,NA,NA,NA,NA,NA,NA,NA,NA,NA,NA,NA,NA,NA,NA,NA,NA,NA,NA,NA,NA,NA,NA,NA,NA,NA,NA,TRUE,TRUE
"Ramsey County Parks and Recreation","alexis.lipstein@co.ramsey.mn.us","62000600","2024-08-20","3","2025-02-11 11:57:57.830447","Unnamed hardworking surveyor(s)","48",NA,"5.91",NA,NA,NA,NA,NA,NA,NA,NA,NA,NA,NA,NA,NA,NA,NA,NA,NA,NA,NA,NA,NA,NA,NA,NA,NA,NA,NA,NA,NA,NA,NA,NA,NA,NA,NA,NA,NA,NA,TRUE,TRUE
"Ramsey County Parks and Recreation","alexis.lipstein@co.ramsey.mn.us","62000600","2024-08-20","3","2025-02-11 11:57:57.830447","Unnamed hardworking surveyor(s)","49",NA,"6.89",NA,NA,NA,NA,NA,NA,NA,NA,NA,NA,NA,NA,NA,NA,NA,NA,NA,NA,NA,NA,NA,NA,NA,NA,NA,NA,NA,NA,"1",NA,NA,NA,NA,NA,NA,NA,NA,NA,TRUE,TRUE
"Ramsey County Parks and Recreation","alexis.lipstein@co.ramsey.mn.us","62000600","2024-08-20","3","2025-02-11 11:57:57.830447","Unnamed hardworking surveyor(s)","50",NA,"5.91",NA,NA,NA,NA,NA,NA,NA,NA,NA,NA,NA,NA,NA,NA,NA,NA,NA,NA,NA,NA,NA,NA,NA,NA,NA,NA,NA,NA,NA,NA,NA,NA,NA,NA,NA,NA,NA,NA,TRUE,TRUE
"Ramsey County Parks and Recreation","alexis.lipstein@co.ramsey.mn.us","62000600","2024-08-20","3","2025-02-11 11:57:57.830447","Unnamed hardworking surveyor(s)","51",NA,"4.27",NA,NA,NA,NA,NA,NA,NA,NA,"1",NA,NA,NA,NA,NA,NA,NA,NA,NA,NA,NA,NA,NA,NA,NA,NA,NA,NA,NA,NA,NA,NA,NA,NA,NA,NA,NA,NA,NA,TRUE,TRUE
"Ramsey County Parks and Recreation","alexis.lipstein@co.ramsey.mn.us","62000600","2024-08-20","3","2025-02-11 11:57:57.830447","Unnamed hardworking surveyor(s)","52",NA,"3.28",NA,NA,NA,NA,NA,NA,NA,NA,NA,NA,NA,NA,NA,NA,NA,NA,NA,"1",NA,NA,NA,NA,NA,NA,NA,NA,NA,NA,NA,NA,NA,NA,NA,NA,NA,NA,NA,NA,TRUE,TRUE
"Ramsey County Parks and Recreation","alexis.lipstein@co.ramsey.mn.us","62000600","2024-08-20","3","2025-02-11 11:57:57.830447","Unnamed hardworking surveyor(s)","53","2","3.28",NA,NA,NA,"1","2",NA,NA,NA,"1",NA,NA,NA,NA,NA,NA,NA,NA,NA,NA,NA,NA,"1",NA,NA,NA,NA,NA,NA,"1",NA,NA,NA,NA,NA,NA,NA,NA,NA,TRUE,TRUE
"Ramsey County Parks and Recreation","alexis.lipstein@co.ramsey.mn.us","62000600","2024-08-20","3","2025-02-11 11:57:57.830447","Unnamed hardworking surveyor(s)","54","1","2.62",NA,"1",NA,"1","1",NA,NA,NA,NA,NA,NA,NA,NA,NA,NA,NA,NA,"1",NA,NA,NA,"1",NA,NA,NA,NA,NA,NA,"1",NA,NA,NA,NA,NA,NA,NA,NA,NA,TRUE,TRUE
"Ramsey County Parks and Recreation","alexis.lipstein@co.ramsey.mn.us","62000600","2024-08-20","3","2025-02-11 11:57:57.830447","Unnamed hardworking surveyor(s)","55","2","1.64",NA,"1",NA,"1","1",NA,NA,NA,"1",NA,NA,NA,NA,NA,NA,NA,NA,"1",NA,NA,NA,"3",NA,NA,NA,NA,NA,NA,"1",NA,NA,NA,NA,NA,NA,NA,NA,NA,TRUE,TRUE
"Ramsey County Parks and Recreation","alexis.lipstein@co.ramsey.mn.us","62000600","2024-08-20","3","2025-02-11 11:57:57.830447","Unnamed hardworking surveyor(s)","56","1","1.64",NA,"1",NA,"1","1",NA,NA,NA,"1",NA,NA,NA,NA,NA,NA,NA,NA,"1",NA,NA,NA,"1",NA,NA,NA,NA,NA,NA,"1",NA,NA,NA,NA,NA,NA,NA,NA,NA,TRUE,TRUE
"Ramsey County Parks and Recreation","alexis.lipstein@co.ramsey.mn.us","62000600","2024-08-20","3","2025-02-11 11:57:57.830447","Unnamed hardworking surveyor(s)","57","1","3.28",NA,NA,NA,NA,NA,NA,NA,NA,NA,NA,NA,NA,NA,NA,NA,NA,NA,NA,NA,NA,NA,NA,NA,NA,NA,NA,NA,NA,NA,NA,NA,NA,NA,NA,NA,NA,NA,NA,TRUE,TRUE
"Ramsey County Parks and Recreation","alexis.lipstein@co.ramsey.mn.us","62000600","2024-08-20","3","2025-02-11 11:57:57.830447","Unnamed hardworking surveyor(s)","58","1","4.92",NA,NA,NA,NA,NA,NA,NA,NA,NA,NA,NA,NA,NA,NA,NA,NA,NA,NA,NA,NA,NA,NA,NA,NA,NA,NA,NA,NA,NA,NA,NA,NA,NA,NA,NA,NA,NA,NA,TRUE,TRUE
"Ramsey County Parks and Recreation","alexis.lipstein@co.ramsey.mn.us","62000600","2024-08-20","3","2025-02-11 11:57:57.830447","Unnamed hardworking surveyor(s)","59",NA,"5.91",NA,NA,NA,NA,NA,NA,NA,NA,NA,NA,NA,NA,NA,NA,NA,NA,NA,NA,NA,NA,NA,NA,NA,NA,NA,NA,NA,NA,NA,NA,NA,NA,NA,NA,NA,NA,NA,NA,TRUE,TRUE
"Ramsey County Parks and Recreation","alexis.lipstein@co.ramsey.mn.us","62000600","2024-08-20","3","2025-02-11 11:57:57.830447","Unnamed hardworking surveyor(s)","60",NA,"5.91",NA,NA,NA,NA,NA,NA,NA,NA,NA,NA,NA,NA,NA,NA,NA,NA,NA,NA,NA,NA,NA,NA,NA,NA,NA,NA,NA,NA,NA,NA,NA,NA,NA,NA,NA,NA,NA,NA,TRUE,TRUE
"Ramsey County Parks and Recreation","alexis.lipstein@co.ramsey.mn.us","62000600","2024-08-20","3","2025-02-11 11:57:57.830447","Unnamed hardworking surveyor(s)","61",NA,"5.91",NA,NA,NA,NA,NA,NA,NA,NA,NA,NA,NA,NA,NA,NA,NA,NA,NA,NA,NA,NA,NA,NA,NA,NA,NA,NA,NA,NA,NA,NA,NA,NA,NA,NA,NA,NA,NA,NA,TRUE,TRUE
"Ramsey County Parks and Recreation","alexis.lipstein@co.ramsey.mn.us","62000600","2024-08-20","3","2025-02-11 11:57:57.830447","Unnamed hardworking surveyor(s)","62",NA,"4.92",NA,NA,NA,NA,NA,NA,NA,NA,NA,NA,NA,NA,NA,NA,NA,NA,NA,NA,NA,NA,NA,NA,NA,NA,NA,NA,NA,NA,NA,NA,NA,NA,NA,NA,NA,NA,NA,NA,TRUE,TRUE
"Ramsey County Parks and Recreation","alexis.lipstein@co.ramsey.mn.us","62000600","2024-08-20","3","2025-02-11 11:57:57.830447","Unnamed hardworking surveyor(s)","63",NA,"4.92",NA,NA,NA,NA,NA,NA,NA,NA,NA,NA,NA,NA,NA,NA,NA,NA,NA,NA,NA,NA,NA,NA,NA,NA,NA,NA,NA,NA,NA,NA,NA,NA,NA,NA,NA,NA,NA,NA,TRUE,TRUE
"Ramsey County Parks and Recreation","alexis.lipstein@co.ramsey.mn.us","62000600","2024-08-20","3","2025-02-11 11:57:57.830447","Unnamed hardworking surveyor(s)","64",NA,"4.27",NA,NA,NA,NA,"1",NA,NA,NA,NA,NA,NA,NA,NA,NA,NA,NA,NA,NA,NA,NA,NA,"1",NA,NA,NA,NA,NA,NA,"1",NA,NA,NA,NA,NA,NA,NA,NA,NA,TRUE,TRUE
"Ramsey County Parks and Recreation","alexis.lipstein@co.ramsey.mn.us","62000600","2024-08-20","3","2025-02-11 11:57:57.830447","Unnamed hardworking surveyor(s)","65",NA,"4.92",NA,NA,NA,NA,NA,NA,NA,NA,NA,NA,NA,NA,NA,NA,NA,NA,NA,NA,NA,NA,NA,NA,NA,NA,NA,NA,NA,NA,NA,NA,NA,NA,NA,NA,NA,NA,NA,NA,TRUE,TRUE
"Ramsey County Parks and Recreation","alexis.lipstein@co.ramsey.mn.us","62000600","2024-08-20","3","2025-02-11 11:57:57.830447","Unnamed hardworking surveyor(s)","66",NA,"6.89",NA,NA,NA,NA,NA,NA,NA,NA,NA,NA,NA,NA,NA,NA,NA,NA,NA,NA,NA,NA,NA,NA,NA,NA,NA,NA,NA,NA,"1",NA,NA,NA,NA,NA,NA,NA,NA,NA,TRUE,TRUE
"Ramsey County Parks and Recreation","alexis.lipstein@co.ramsey.mn.us","62000600","2024-08-20","3","2025-02-11 11:57:57.830447","Unnamed hardworking surveyor(s)","67",NA,"10.17",NA,NA,NA,"1",NA,NA,NA,NA,NA,NA,NA,NA,NA,NA,NA,NA,NA,NA,NA,NA,NA,NA,NA,NA,NA,NA,NA,NA,"1",NA,NA,NA,NA,NA,NA,NA,NA,NA,TRUE,TRUE
"Ramsey County Parks and Recreation","alexis.lipstein@co.ramsey.mn.us","62000600","2024-08-20","3","2025-02-11 11:57:57.830447","Unnamed hardworking surveyor(s)","68",NA,"10.17",NA,NA,NA,NA,NA,NA,NA,NA,NA,NA,NA,NA,NA,NA,NA,NA,NA,NA,NA,NA,NA,NA,NA,NA,NA,NA,NA,NA,NA,NA,NA,NA,NA,NA,NA,NA,NA,NA,TRUE,TRUE
"Ramsey County Parks and Recreation","alexis.lipstein@co.ramsey.mn.us","62000600","2024-08-20","3","2025-02-11 11:57:57.830447","Unnamed hardworking surveyor(s)","69",NA,"5.91",NA,NA,NA,NA,NA,NA,NA,NA,NA,NA,NA,NA,NA,NA,NA,NA,NA,NA,NA,NA,NA,NA,NA,NA,NA,NA,NA,NA,NA,NA,NA,NA,NA,NA,NA,NA,NA,NA,TRUE,TRUE
"Ramsey County Parks and Recreation","alexis.lipstein@co.ramsey.mn.us","62000600","2024-08-20","3","2025-02-11 11:57:57.830447","Unnamed hardworking surveyor(s)","70",NA,"5.91",NA,NA,NA,NA,NA,NA,NA,NA,NA,NA,NA,NA,NA,NA,NA,NA,NA,NA,NA,NA,NA,NA,NA,NA,NA,NA,NA,NA,NA,NA,NA,NA,NA,NA,NA,NA,NA,NA,TRUE,TRUE
"Ramsey County Parks and Recreation","alexis.lipstein@co.ramsey.mn.us","62000600","2024-08-20","3","2025-02-11 11:57:57.830447","Unnamed hardworking surveyor(s)","71",NA,"5.91",NA,NA,NA,NA,NA,NA,NA,NA,NA,NA,NA,NA,NA,NA,NA,NA,NA,NA,NA,NA,NA,NA,NA,NA,NA,NA,NA,NA,NA,NA,NA,NA,NA,NA,NA,NA,NA,NA,TRUE,TRUE
"Ramsey County Parks and Recreation","alexis.lipstein@co.ramsey.mn.us","62000600","2024-08-20","3","2025-02-11 11:57:57.830447","Unnamed hardworking surveyor(s)","72",NA,"5.91",NA,NA,NA,NA,NA,NA,NA,NA,NA,NA,NA,NA,NA,NA,NA,NA,NA,NA,NA,NA,NA,NA,NA,NA,NA,NA,NA,NA,NA,NA,NA,NA,NA,NA,NA,NA,NA,NA,TRUE,TRUE
"Ramsey County Parks and Recreation","alexis.lipstein@co.ramsey.mn.us","62000600","2024-08-20","3","2025-02-11 11:57:57.830447","Unnamed hardworking surveyor(s)","73","1","3.28",NA,"1",NA,NA,NA,NA,NA,NA,NA,NA,NA,NA,NA,NA,NA,NA,NA,"1",NA,NA,NA,NA,NA,NA,NA,NA,NA,NA,NA,NA,NA,NA,NA,NA,NA,NA,NA,NA,TRUE,TRUE
"Ramsey County Parks and Recreation","alexis.lipstein@co.ramsey.mn.us","62000600","2024-08-20","3","2025-02-11 11:57:57.830447","Unnamed hardworking surveyor(s)","74","3","1.64",NA,"1","1","1","1",NA,NA,NA,"1",NA,NA,NA,NA,NA,NA,NA,NA,"1",NA,NA,NA,"1",NA,NA,NA,NA,NA,NA,"1",NA,NA,NA,NA,NA,NA,NA,NA,NA,TRUE,TRUE
"Ramsey County Parks and Recreation","alexis.lipstein@co.ramsey.mn.us","62000600","2024-08-20","3","2025-02-11 11:57:57.830447","Unnamed hardworking surveyor(s)","75","3","1.64",NA,"1",NA,"1","1",NA,NA,NA,"1",NA,NA,NA,NA,NA,NA,NA,NA,"1",NA,NA,NA,"3",NA,NA,NA,NA,NA,NA,"1",NA,NA,NA,NA,NA,NA,NA,NA,NA,TRUE,TRUE
"Ramsey County Parks and Recreation","alexis.lipstein@co.ramsey.mn.us","62000600","2024-08-20","3","2025-02-11 11:57:57.830447","Unnamed hardworking surveyor(s)","76","3","1.64",NA,"1",NA,"1","2",NA,NA,NA,NA,NA,NA,NA,NA,NA,NA,NA,NA,"1",NA,NA,NA,"1",NA,NA,NA,NA,NA,NA,"1",NA,NA,NA,NA,NA,NA,NA,NA,NA,TRUE,TRUE
"Ramsey County Parks and Recreation","alexis.lipstein@co.ramsey.mn.us","62000600","2024-08-20","3","2025-02-11 11:57:57.830447","Unnamed hardworking surveyor(s)","77","1","3.28",NA,NA,NA,NA,NA,NA,NA,NA,NA,NA,NA,NA,NA,NA,NA,NA,NA,NA,NA,NA,NA,NA,NA,NA,NA,NA,NA,NA,NA,NA,NA,NA,NA,NA,NA,NA,NA,NA,TRUE,TRUE
"Ramsey County Parks and Recreation","alexis.lipstein@co.ramsey.mn.us","62000600","2024-08-20","3","2025-02-11 11:57:57.830447","Unnamed hardworking surveyor(s)","78","1","4.92",NA,NA,NA,NA,NA,NA,NA,NA,NA,NA,NA,NA,NA,NA,NA,NA,NA,NA,NA,NA,NA,NA,NA,NA,NA,NA,NA,NA,NA,NA,NA,NA,NA,NA,NA,NA,NA,NA,TRUE,TRUE
"Ramsey County Parks and Recreation","alexis.lipstein@co.ramsey.mn.us","62000600","2024-08-20","3","2025-02-11 11:57:57.830447","Unnamed hardworking surveyor(s)","79","1","5.58",NA,NA,NA,"1",NA,NA,NA,NA,NA,NA,NA,NA,NA,NA,NA,NA,NA,NA,NA,NA,NA,NA,NA,NA,NA,NA,NA,NA,"1",NA,NA,NA,NA,NA,NA,NA,NA,NA,TRUE,TRUE
"Ramsey County Parks and Recreation","alexis.lipstein@co.ramsey.mn.us","62000600","2024-08-20","3","2025-02-11 11:57:57.830447","Unnamed hardworking surveyor(s)","80","1","4.59",NA,NA,NA,NA,NA,NA,NA,NA,NA,NA,NA,NA,NA,NA,NA,NA,NA,NA,NA,NA,NA,NA,NA,NA,NA,NA,NA,NA,"1",NA,NA,NA,NA,NA,NA,NA,NA,NA,TRUE,TRUE
"Ramsey County Parks and Recreation","alexis.lipstein@co.ramsey.mn.us","62000600","2024-08-20","3","2025-02-11 11:57:57.830447","Unnamed hardworking surveyor(s)","81",NA,"5.58",NA,NA,NA,NA,NA,NA,NA,NA,NA,NA,NA,NA,NA,NA,NA,NA,NA,NA,NA,NA,NA,NA,NA,NA,NA,NA,NA,NA,"1",NA,NA,NA,NA,NA,NA,NA,NA,NA,TRUE,TRUE
"Ramsey County Parks and Recreation","alexis.lipstein@co.ramsey.mn.us","62000600","2024-08-20","3","2025-02-11 11:57:57.830447","Unnamed hardworking surveyor(s)","82",NA,"9.51",NA,NA,NA,NA,NA,NA,NA,NA,NA,NA,NA,NA,NA,NA,NA,NA,NA,NA,NA,NA,NA,NA,NA,NA,NA,NA,NA,NA,NA,NA,NA,NA,NA,NA,NA,NA,NA,NA,TRUE,TRUE
"Ramsey County Parks and Recreation","alexis.lipstein@co.ramsey.mn.us","62000600","2024-08-20","3","2025-02-11 11:57:57.830447","Unnamed hardworking surveyor(s)","83",NA,"7.87",NA,NA,NA,NA,NA,NA,NA,NA,NA,NA,NA,NA,NA,NA,NA,NA,NA,NA,NA,NA,NA,NA,NA,NA,NA,NA,NA,NA,NA,NA,NA,NA,NA,NA,NA,NA,NA,NA,TRUE,TRUE
"Ramsey County Parks and Recreation","alexis.lipstein@co.ramsey.mn.us","62000600","2024-08-20","3","2025-02-11 11:57:57.830447","Unnamed hardworking surveyor(s)","84",NA,"4.92",NA,NA,NA,NA,NA,NA,NA,NA,NA,NA,NA,NA,NA,NA,NA,NA,NA,NA,NA,NA,NA,NA,NA,NA,NA,NA,NA,NA,NA,NA,NA,NA,NA,NA,NA,NA,NA,NA,TRUE,TRUE
"Ramsey County Parks and Recreation","alexis.lipstein@co.ramsey.mn.us","62000600","2024-08-20","3","2025-02-11 11:57:57.830447","Unnamed hardworking surveyor(s)","85",NA,"2.95",NA,NA,NA,NA,NA,NA,NA,NA,NA,NA,NA,NA,NA,NA,NA,NA,NA,NA,NA,NA,NA,NA,NA,NA,NA,NA,NA,NA,NA,NA,NA,NA,NA,NA,NA,NA,NA,NA,TRUE,TRUE
"Ramsey County Parks and Recreation","alexis.lipstein@co.ramsey.mn.us","62000600","2024-08-20","3","2025-02-11 11:57:57.830447","Unnamed hardworking surveyor(s)","86",NA,"4.92",NA,NA,NA,NA,NA,NA,NA,NA,NA,NA,NA,NA,NA,NA,NA,NA,NA,NA,NA,NA,NA,NA,NA,NA,NA,NA,NA,NA,NA,NA,NA,NA,NA,NA,NA,NA,NA,NA,TRUE,TRUE
"Ramsey County Parks and Recreation","alexis.lipstein@co.ramsey.mn.us","62000600","2024-08-20","3","2025-02-11 11:57:57.830447","Unnamed hardworking surveyor(s)","87",NA,"5.58",NA,NA,NA,NA,NA,NA,NA,NA,NA,NA,NA,NA,NA,NA,NA,NA,NA,NA,NA,NA,NA,NA,NA,NA,NA,NA,NA,NA,NA,NA,NA,NA,NA,NA,NA,NA,NA,NA,TRUE,TRUE
"Ramsey County Parks and Recreation","alexis.lipstein@co.ramsey.mn.us","62000600","2024-08-20","3","2025-02-11 11:57:57.830447","Unnamed hardworking surveyor(s)","88",NA,"4.92",NA,NA,NA,NA,NA,NA,NA,NA,NA,NA,NA,NA,NA,NA,NA,NA,NA,NA,NA,NA,NA,NA,NA,NA,NA,NA,NA,NA,NA,NA,NA,NA,NA,NA,NA,NA,NA,NA,TRUE,TRUE
"Ramsey County Parks and Recreation","alexis.lipstein@co.ramsey.mn.us","62000600","2024-08-20","3","2025-02-11 11:57:57.830447","Unnamed hardworking surveyor(s)","89","1","4.27","1",NA,NA,NA,NA,NA,NA,NA,NA,NA,NA,NA,NA,NA,NA,NA,NA,NA,NA,NA,NA,NA,NA,NA,NA,NA,NA,NA,NA,NA,NA,NA,NA,NA,NA,NA,NA,NA,TRUE,TRUE
"Ramsey County Parks and Recreation","alexis.lipstein@co.ramsey.mn.us","62000600","2024-08-20","3","2025-02-11 11:57:57.830447","Unnamed hardworking surveyor(s)","90","1","4.27",NA,NA,NA,NA,NA,NA,NA,NA,NA,NA,NA,NA,NA,NA,NA,NA,NA,NA,NA,NA,NA,"1",NA,NA,NA,NA,NA,NA,NA,NA,NA,NA,NA,NA,NA,NA,NA,NA,TRUE,TRUE
"Ramsey County Parks and Recreation","alexis.lipstein@co.ramsey.mn.us","62000600","2024-08-20","3","2025-02-11 11:57:57.830447","Unnamed hardworking surveyor(s)","91",NA,"4.59",NA,NA,NA,NA,NA,NA,NA,NA,NA,NA,NA,NA,NA,NA,NA,NA,NA,NA,NA,NA,NA,NA,NA,NA,NA,NA,NA,NA,NA,NA,NA,NA,NA,NA,NA,NA,NA,NA,TRUE,TRUE
"Ramsey County Parks and Recreation","alexis.lipstein@co.ramsey.mn.us","62000600","2024-08-20","3","2025-02-11 11:57:57.830447","Unnamed hardworking surveyor(s)","92","3","3.61",NA,NA,NA,NA,NA,NA,NA,NA,NA,NA,NA,NA,NA,NA,NA,NA,NA,"1",NA,NA,NA,NA,NA,NA,NA,NA,NA,NA,NA,"1",NA,NA,NA,NA,NA,NA,NA,NA,TRUE,TRUE
"Ramsey County Parks and Recreation","alexis.lipstein@co.ramsey.mn.us","62000600","2024-08-20","3","2025-02-11 11:57:57.830447","Unnamed hardworking surveyor(s)","93","1","1.64",NA,"1",NA,"1","1",NA,NA,NA,"1",NA,NA,NA,NA,NA,NA,NA,NA,"1",NA,NA,NA,"3",NA,NA,NA,NA,NA,NA,"1",NA,NA,NA,NA,NA,NA,NA,NA,NA,TRUE,TRUE
"Ramsey County Parks and Recreation","alexis.lipstein@co.ramsey.mn.us","62000600","2024-08-20","3","2025-02-11 11:57:57.830447","Unnamed hardworking surveyor(s)","94","1","2.62",NA,"1",NA,NA,NA,NA,NA,NA,NA,NA,NA,NA,NA,NA,NA,NA,NA,"1",NA,NA,NA,"1",NA,NA,NA,NA,NA,NA,"1",NA,NA,NA,NA,NA,NA,NA,NA,NA,TRUE,TRUE
"Ramsey County Parks and Recreation","alexis.lipstein@co.ramsey.mn.us","62000600","2024-08-20","3","2025-02-11 11:57:57.830447","Unnamed hardworking surveyor(s)","95","1","2.95",NA,NA,NA,NA,NA,NA,NA,NA,NA,NA,NA,NA,NA,NA,NA,NA,NA,"1",NA,NA,NA,NA,NA,NA,NA,NA,NA,NA,NA,"2",NA,NA,NA,NA,NA,NA,NA,NA,TRUE,TRUE
"Ramsey County Parks and Recreation","alexis.lipstein@co.ramsey.mn.us","62000600","2024-08-20","3","2025-02-11 11:57:57.830447","Unnamed hardworking surveyor(s)","96","1","3.28",NA,NA,NA,NA,NA,NA,NA,NA,NA,NA,NA,NA,NA,NA,NA,NA,NA,NA,NA,NA,NA,NA,NA,NA,NA,NA,NA,NA,NA,"1",NA,NA,NA,NA,NA,NA,NA,NA,TRUE,TRUE
"Ramsey County Parks and Recreation","alexis.lipstein@co.ramsey.mn.us","62000600","2024-08-20","3","2025-02-11 11:57:57.830447","Unnamed hardworking surveyor(s)","97",NA,"5.91",NA,NA,NA,NA,NA,NA,NA,NA,NA,NA,NA,NA,NA,NA,NA,NA,NA,NA,NA,NA,NA,NA,NA,NA,NA,NA,NA,NA,NA,NA,NA,NA,NA,NA,NA,NA,NA,NA,TRUE,TRUE
"Ramsey County Parks and Recreation","alexis.lipstein@co.ramsey.mn.us","62000600","2024-08-20","3","2025-02-11 11:57:57.830447","Unnamed hardworking surveyor(s)","98",NA,"4.92",NA,NA,NA,NA,NA,NA,NA,NA,NA,NA,NA,NA,NA,NA,NA,NA,NA,NA,NA,NA,NA,NA,NA,NA,NA,NA,NA,NA,NA,"1",NA,NA,NA,NA,NA,NA,NA,NA,TRUE,TRUE
"Ramsey County Parks and Recreation","alexis.lipstein@co.ramsey.mn.us","62000600","2024-08-20","3","2025-02-11 11:57:57.830447","Unnamed hardworking surveyor(s)","99","1","4.27",NA,NA,NA,NA,NA,NA,NA,NA,NA,NA,NA,NA,NA,NA,NA,NA,NA,NA,NA,NA,NA,NA,NA,NA,NA,NA,NA,NA,NA,NA,NA,NA,NA,NA,NA,NA,NA,NA,TRUE,TRUE
"Ramsey County Parks and Recreation","alexis.lipstein@co.ramsey.mn.us","62000600","2024-08-20","3","2025-02-11 11:57:57.830447","Unnamed hardworking surveyor(s)","101",NA,"1.64",NA,NA,NA,"1","2",NA,NA,NA,"1",NA,NA,NA,NA,NA,NA,NA,NA,"1",NA,NA,NA,"1",NA,NA,NA,NA,NA,NA,"1",NA,NA,NA,NA,NA,NA,NA,NA,NA,TRUE,TRUE
"Ramsey County Parks and Recreation","alexis.lipstein@co.ramsey.mn.us","62000600","2024-08-20","3","2025-02-11 11:57:57.830447","Unnamed hardworking surveyor(s)","102",NA,"4.27",NA,NA,NA,NA,NA,NA,NA,NA,NA,NA,NA,NA,NA,NA,NA,NA,NA,NA,NA,NA,NA,NA,NA,NA,NA,NA,NA,NA,NA,NA,NA,NA,NA,NA,NA,NA,NA,NA,TRUE,TRUE
"Ramsey County Parks and Recreation","alexis.lipstein@co.ramsey.mn.us","62000600","2024-08-20","3","2025-02-11 11:57:57.830447","Unnamed hardworking surveyor(s)","103","1","3.28",NA,"1",NA,"1","1",NA,NA,NA,NA,NA,NA,NA,NA,NA,NA,NA,NA,NA,NA,NA,NA,NA,NA,NA,NA,NA,NA,NA,NA,"1",NA,NA,NA,NA,NA,NA,NA,NA,TRUE,TRUE
"Ramsey County Parks and Recreation","alexis.lipstein@co.ramsey.mn.us","62000600","2024-08-20","3","2025-02-11 11:57:57.830447","Unnamed hardworking surveyor(s)","104","1","3.94",NA,NA,NA,NA,NA,NA,NA,NA,NA,NA,NA,NA,NA,NA,NA,NA,NA,NA,NA,NA,NA,NA,NA,NA,NA,NA,NA,NA,NA,NA,NA,NA,NA,NA,NA,NA,NA,NA,TRUE,TRUE
"Ramsey County Parks and Recreation","alexis.lipstein@co.ramsey.mn.us","62000600","2024-08-20","3","2025-02-11 11:57:57.830447","Unnamed hardworking surveyor(s)","105","2","2.62","1","1",NA,NA,NA,NA,NA,NA,"1",NA,NA,NA,NA,NA,NA,NA,NA,NA,NA,NA,NA,NA,NA,NA,NA,NA,NA,NA,NA,NA,NA,NA,NA,NA,NA,NA,NA,NA,TRUE,TRUE
"Ramsey County Parks and Recreation","alexis.lipstein@co.ramsey.mn.us","62000600","2024-08-20","3","2025-02-11 11:57:57.830447","Unnamed hardworking surveyor(s)","106",NA,"2.62",NA,NA,NA,NA,NA,NA,NA,NA,NA,NA,NA,NA,NA,NA,NA,NA,NA,"1",NA,NA,NA,NA,NA,NA,NA,NA,NA,NA,NA,NA,NA,NA,NA,NA,NA,NA,NA,NA,TRUE,TRUE
"Ramsey County Parks and Recreation","alexis.lipstein@co.ramsey.mn.us","62000600","2024-08-20","3","2025-02-11 11:57:57.830447","Unnamed hardworking surveyor(s)","107",NA,"1.64",NA,NA,NA,NA,NA,NA,NA,NA,NA,NA,NA,NA,NA,NA,NA,NA,NA,"1",NA,NA,NA,NA,NA,NA,NA,NA,NA,NA,NA,NA,NA,NA,NA,NA,NA,NA,NA,NA,TRUE,TRUE
"Ramsey County Parks and Recreation","alexis.lipstein@co.ramsey.mn.us","62000600","2024-08-20","3","2025-02-11 11:57:57.830447","Unnamed hardworking surveyor(s)","108","1","1.64","v","1",NA,"1",NA,NA,NA,NA,"1",NA,NA,NA,NA,NA,NA,NA,NA,"1",NA,NA,NA,"1",NA,NA,NA,NA,NA,NA,"1",NA,NA,NA,NA,NA,NA,NA,NA,NA,TRUE,TRUE
"Ramsey County Parks and Recreation","alexis.lipstein@co.ramsey.mn.us","62000600","2024-08-20","3","2025-02-11 11:57:57.830447","Unnamed hardworking surveyor(s)","109","1","1.31","1","1",NA,NA,NA,NA,NA,NA,NA,NA,NA,NA,NA,NA,NA,NA,NA,"1",NA,NA,NA,"2",NA,NA,NA,NA,NA,NA,"3",NA,NA,NA,NA,NA,NA,NA,NA,NA,TRUE,TRUE
"Ramsey County Parks and Recreation","alexis.lipstein@co.ramsey.mn.us","62000600","2024-08-20","3","2025-02-11 11:57:57.830447","Unnamed hardworking surveyor(s)","110","1","1.64",NA,"1",NA,NA,NA,NA,NA,NA,"1",NA,NA,NA,NA,NA,NA,NA,NA,NA,NA,NA,NA,NA,NA,NA,NA,NA,NA,NA,NA,NA,NA,NA,NA,NA,NA,NA,NA,NA,TRUE,TRUE
"Ramsey County Parks and Recreation","alexis.lipstein@co.ramsey.mn.us","62000600","2024-08-20","3","2025-02-11 11:57:57.830447","Unnamed hardworking surveyor(s)","111","1","1.64",NA,"1",NA,"1",NA,NA,NA,NA,NA,NA,NA,NA,NA,NA,NA,NA,NA,"1",NA,NA,NA,"1",NA,NA,NA,NA,NA,NA,"1",NA,NA,NA,NA,NA,NA,NA,NA,NA,TRUE,TRUE
"Ramsey County Parks and Recreation","alexis.lipstein@co.ramsey.mn.us","62000600","2024-08-20","3","2025-02-11 11:57:57.830447","Unnamed hardworking surveyor(s)","112","3","1.64",NA,"1",NA,"1",NA,NA,NA,NA,NA,NA,NA,NA,NA,NA,NA,NA,NA,"1",NA,NA,NA,"3",NA,NA,NA,NA,NA,NA,"1","1",NA,NA,NA,NA,NA,NA,NA,NA,TRUE,TRUE
"Ramsey County Parks and Recreation","alexis.lipstein@co.ramsey.mn.us","62000600","2024-08-20","3","2025-02-11 11:57:57.830447","Unnamed hardworking surveyor(s)","113","1","2.62",NA,"1",NA,"1","1",NA,NA,NA,"1",NA,NA,NA,NA,NA,NA,NA,NA,"1",NA,NA,NA,"2",NA,NA,NA,NA,NA,NA,"1",NA,NA,NA,NA,NA,NA,NA,NA,NA,TRUE,TRUE
"Ramsey County Parks and Recreation","alexis.lipstein@co.ramsey.mn.us","62000600","2024-08-20","3","2025-02-11 11:57:57.830447","Unnamed hardworking surveyor(s)","114","1","2.62",NA,"1",NA,NA,"1",NA,NA,NA,"1",NA,NA,NA,NA,NA,NA,NA,NA,NA,NA,NA,NA,NA,NA,NA,NA,NA,NA,NA,NA,"1",NA,NA,NA,NA,NA,NA,NA,"1",TRUE,TRUE
"Ramsey County Parks and Recreation","alexis.lipstein@co.ramsey.mn.us","62000600","2024-09-11","3","2025-02-11 12:00:14.037712","Unnamed hardworking surveyor(s)","2","1","1.31",NA,NA,NA,"1","2",NA,NA,NA,NA,"1",NA,NA,NA,NA,NA,NA,NA,NA,NA,NA,NA,"1",NA,NA,NA,NA,NA,NA,"1",NA,NA,NA,NA,NA,NA,NA,NA,NA,TRUE,TRUE
"Ramsey County Parks and Recreation","alexis.lipstein@co.ramsey.mn.us","62000600","2024-09-11","3","2025-02-11 12:00:14.037712","Unnamed hardworking surveyor(s)","3",NA,"2.3",NA,NA,NA,"1","1",NA,NA,NA,NA,NA,NA,NA,NA,NA,NA,NA,NA,NA,NA,NA,NA,"1",NA,NA,NA,NA,NA,NA,"1",NA,NA,NA,NA,NA,NA,NA,NA,NA,TRUE,TRUE
"Ramsey County Parks and Recreation","alexis.lipstein@co.ramsey.mn.us","62000600","2024-09-11","3","2025-02-11 12:00:14.037712","Unnamed hardworking surveyor(s)","4","1","1.64",NA,NA,NA,"1","2",NA,NA,NA,NA,NA,NA,NA,NA,NA,NA,NA,NA,NA,NA,NA,NA,"1",NA,NA,NA,NA,NA,NA,"1",NA,NA,NA,NA,NA,NA,NA,NA,NA,TRUE,TRUE
"Ramsey County Parks and Recreation","alexis.lipstein@co.ramsey.mn.us","62000600","2024-09-11","3","2025-02-11 12:00:14.037712","Unnamed hardworking surveyor(s)","5","1","2.3",NA,NA,NA,NA,NA,NA,NA,NA,NA,NA,NA,NA,NA,NA,NA,NA,NA,NA,NA,NA,NA,"1",NA,NA,NA,NA,NA,NA,"1","1",NA,NA,NA,NA,NA,NA,NA,"1",TRUE,TRUE
"Ramsey County Parks and Recreation","alexis.lipstein@co.ramsey.mn.us","62000600","2024-09-11","3","2025-02-11 12:00:14.037712","Unnamed hardworking surveyor(s)","6",NA,"2.3",NA,NA,NA,"1","1",NA,NA,NA,NA,NA,NA,NA,NA,NA,NA,NA,NA,NA,NA,NA,NA,"1",NA,NA,NA,NA,NA,NA,"1",NA,NA,NA,NA,NA,NA,NA,NA,"1",TRUE,TRUE
"Ramsey County Parks and Recreation","alexis.lipstein@co.ramsey.mn.us","62000600","2024-09-11","3","2025-02-11 12:00:14.037712","Unnamed hardworking surveyor(s)","7","1","1.97",NA,NA,NA,"2","1",NA,NA,NA,NA,NA,NA,NA,NA,NA,NA,NA,NA,NA,NA,NA,NA,"1",NA,NA,NA,NA,NA,NA,"2",NA,NA,NA,NA,NA,NA,NA,NA,"1",TRUE,TRUE
"Ramsey County Parks and Recreation","alexis.lipstein@co.ramsey.mn.us","62000600","2024-09-11","3","2025-02-11 12:00:14.037712","Unnamed hardworking surveyor(s)","8","1","1.64",NA,NA,NA,"1","1",NA,NA,NA,NA,NA,NA,NA,NA,NA,NA,NA,NA,"1",NA,NA,NA,"1",NA,NA,NA,NA,NA,NA,"1",NA,NA,NA,NA,NA,NA,NA,NA,NA,TRUE,TRUE
"Ramsey County Parks and Recreation","alexis.lipstein@co.ramsey.mn.us","62000600","2024-09-11","3","2025-02-11 12:00:14.037712","Unnamed hardworking surveyor(s)","9",NA,"2.3",NA,NA,NA,"1","1",NA,NA,NA,NA,NA,NA,NA,NA,NA,NA,NA,NA,NA,NA,NA,NA,"1",NA,NA,NA,NA,NA,NA,"1",NA,NA,NA,NA,NA,NA,NA,NA,"1",TRUE,TRUE
"Ramsey County Parks and Recreation","alexis.lipstein@co.ramsey.mn.us","62000600","2024-09-11","3","2025-02-11 12:00:14.037712","Unnamed hardworking surveyor(s)","10",NA,"1.97",NA,NA,NA,"1","1",NA,NA,NA,NA,NA,NA,NA,NA,NA,NA,NA,NA,NA,NA,NA,NA,"1","1",NA,NA,NA,NA,NA,"1",NA,NA,NA,NA,NA,NA,NA,NA,NA,TRUE,TRUE
"Ramsey County Parks and Recreation","alexis.lipstein@co.ramsey.mn.us","62000600","2024-09-11","3","2025-02-11 12:00:14.037712","Unnamed hardworking surveyor(s)","11",NA,"1.97",NA,"1",NA,"1",NA,NA,NA,NA,"1",NA,NA,NA,NA,NA,NA,NA,NA,NA,NA,NA,NA,"1",NA,NA,NA,NA,NA,NA,"1",NA,NA,NA,NA,NA,NA,NA,NA,NA,TRUE,TRUE
"Ramsey County Parks and Recreation","alexis.lipstein@co.ramsey.mn.us","62000600","2024-09-11","3","2025-02-11 12:00:14.037712","Unnamed hardworking surveyor(s)","12","1","1.97",NA,NA,NA,"1","1",NA,NA,NA,NA,NA,NA,NA,NA,NA,NA,NA,NA,NA,NA,NA,NA,"3",NA,NA,NA,NA,NA,NA,"3",NA,NA,NA,NA,NA,NA,NA,NA,NA,TRUE,TRUE
"Ramsey County Parks and Recreation","alexis.lipstein@co.ramsey.mn.us","62000600","2024-09-11","3","2025-02-11 12:00:14.037712","Unnamed hardworking surveyor(s)","13","1","0.98",NA,NA,NA,"1","3",NA,NA,NA,NA,NA,NA,NA,NA,NA,NA,NA,NA,"1",NA,NA,NA,"2",NA,NA,NA,NA,NA,NA,"2",NA,NA,NA,NA,NA,NA,NA,NA,NA,TRUE,TRUE
"Ramsey County Parks and Recreation","alexis.lipstein@co.ramsey.mn.us","62000600","2024-09-11","3","2025-02-11 12:00:14.037712","Unnamed hardworking surveyor(s)","14","1","1.64",NA,NA,NA,"1","2",NA,NA,NA,NA,NA,NA,NA,NA,NA,NA,NA,NA,NA,NA,NA,NA,"1",NA,NA,NA,NA,NA,NA,"1",NA,NA,NA,NA,NA,NA,NA,NA,NA,TRUE,TRUE
"Ramsey County Parks and Recreation","alexis.lipstein@co.ramsey.mn.us","62000600","2024-09-11","3","2025-02-11 12:00:14.037712","Unnamed hardworking surveyor(s)","15","1","1.64",NA,NA,NA,NA,NA,NA,NA,NA,NA,NA,NA,NA,NA,NA,NA,NA,NA,NA,NA,NA,NA,"1",NA,NA,NA,NA,NA,NA,"1",NA,NA,NA,NA,NA,NA,NA,NA,NA,TRUE,TRUE
"Ramsey County Parks and Recreation","alexis.lipstein@co.ramsey.mn.us","62000600","2024-09-11","3","2025-02-11 12:00:14.037712","Unnamed hardworking surveyor(s)","16","1","0.98",NA,NA,NA,NA,NA,NA,NA,NA,NA,NA,NA,NA,NA,NA,NA,NA,NA,NA,NA,NA,NA,"3",NA,NA,NA,NA,NA,NA,"3",NA,NA,NA,NA,NA,NA,NA,NA,NA,TRUE,TRUE
"Ramsey County Parks and Recreation","alexis.lipstein@co.ramsey.mn.us","62000600","2024-09-11","3","2025-02-11 12:00:14.037712","Unnamed hardworking surveyor(s)","17","1","1.97",NA,NA,NA,"1","1",NA,NA,NA,NA,NA,NA,NA,NA,NA,NA,NA,NA,NA,NA,NA,NA,"1",NA,NA,NA,NA,NA,NA,"1",NA,NA,NA,NA,NA,NA,NA,NA,NA,TRUE,TRUE
"Ramsey County Parks and Recreation","alexis.lipstein@co.ramsey.mn.us","62000600","2024-09-11","3","2025-02-11 12:00:14.037712","Unnamed hardworking surveyor(s)","18","1","2.62",NA,NA,NA,"1","1",NA,NA,NA,"1",NA,NA,NA,NA,NA,NA,NA,NA,"2",NA,NA,NA,"1",NA,NA,NA,NA,NA,NA,"1",NA,NA,NA,NA,NA,NA,NA,NA,"2",TRUE,TRUE
"Ramsey County Parks and Recreation","alexis.lipstein@co.ramsey.mn.us","62000600","2024-09-11","3","2025-02-11 12:00:14.037712","Unnamed hardworking surveyor(s)","19","1","2.62",NA,NA,NA,"2","1",NA,NA,NA,"1",NA,NA,NA,NA,NA,NA,NA,NA,"1",NA,NA,NA,"1",NA,NA,NA,NA,NA,NA,"1",NA,NA,NA,NA,NA,NA,NA,NA,NA,TRUE,TRUE
"Ramsey County Parks and Recreation","alexis.lipstein@co.ramsey.mn.us","62000600","2024-09-11","3","2025-02-11 12:00:14.037712","Unnamed hardworking surveyor(s)","20","2","2.95",NA,NA,NA,"2","1",NA,NA,NA,NA,NA,NA,NA,NA,NA,NA,NA,NA,"1",NA,NA,NA,"3",NA,NA,NA,NA,NA,NA,"3",NA,NA,NA,NA,NA,NA,NA,NA,NA,TRUE,TRUE
"Ramsey County Parks and Recreation","alexis.lipstein@co.ramsey.mn.us","62000600","2024-09-11","3","2025-02-11 12:00:14.037712","Unnamed hardworking surveyor(s)","21","1","1.64",NA,NA,NA,"1","1",NA,NA,NA,"1",NA,NA,NA,NA,NA,NA,NA,NA,NA,NA,NA,NA,"1",NA,NA,NA,NA,NA,NA,NA,NA,NA,NA,NA,NA,NA,NA,NA,NA,TRUE,TRUE
"Ramsey County Parks and Recreation","alexis.lipstein@co.ramsey.mn.us","62000600","2024-09-11","3","2025-02-11 12:00:14.037712","Unnamed hardworking surveyor(s)","22","1","2.3",NA,NA,NA,"1","1",NA,NA,NA,"1",NA,NA,NA,NA,NA,NA,NA,NA,"1",NA,NA,NA,"1",NA,NA,NA,NA,NA,NA,"1",NA,NA,NA,NA,NA,NA,NA,NA,NA,TRUE,TRUE
"Ramsey County Parks and Recreation","alexis.lipstein@co.ramsey.mn.us","62000600","2024-09-11","3","2025-02-11 12:00:14.037712","Unnamed hardworking surveyor(s)","23","1","3.61",NA,NA,NA,"1",NA,NA,NA,NA,"1",NA,NA,NA,NA,NA,NA,NA,NA,NA,NA,NA,NA,"1",NA,NA,NA,NA,NA,NA,"1","1",NA,NA,NA,NA,NA,NA,NA,"1",TRUE,TRUE
"Ramsey County Parks and Recreation","alexis.lipstein@co.ramsey.mn.us","62000600","2024-09-11","3","2025-02-11 12:00:14.037712","Unnamed hardworking surveyor(s)","24",NA,"4.27",NA,NA,NA,NA,NA,NA,NA,NA,NA,NA,NA,NA,NA,NA,NA,NA,NA,NA,NA,NA,NA,"1",NA,NA,NA,NA,NA,NA,"1",NA,NA,NA,NA,NA,NA,NA,NA,"1",TRUE,TRUE
"Ramsey County Parks and Recreation","alexis.lipstein@co.ramsey.mn.us","62000600","2024-09-11","3","2025-02-11 12:00:14.037712","Unnamed hardworking surveyor(s)","25","1","4.27",NA,NA,NA,"1","1",NA,NA,NA,NA,NA,NA,NA,NA,NA,NA,NA,NA,NA,NA,NA,NA,"1",NA,NA,NA,NA,NA,NA,"1",NA,NA,NA,NA,NA,NA,NA,NA,"1",TRUE,TRUE
"Ramsey County Parks and Recreation","alexis.lipstein@co.ramsey.mn.us","62000600","2024-09-11","3","2025-02-11 12:00:14.037712","Unnamed hardworking surveyor(s)","26",NA,"4.59",NA,NA,NA,NA,NA,NA,NA,NA,NA,NA,NA,NA,NA,NA,NA,NA,NA,NA,NA,NA,NA,"1",NA,NA,NA,NA,NA,NA,NA,NA,NA,NA,NA,NA,NA,NA,NA,NA,TRUE,TRUE
"Ramsey County Parks and Recreation","alexis.lipstein@co.ramsey.mn.us","62000600","2024-09-11","3","2025-02-11 12:00:14.037712","Unnamed hardworking surveyor(s)","27",NA,"4.59",NA,NA,NA,NA,NA,NA,NA,NA,NA,NA,NA,NA,NA,NA,NA,NA,NA,NA,NA,NA,NA,"1",NA,NA,NA,NA,NA,NA,NA,NA,NA,NA,NA,NA,NA,NA,NA,NA,TRUE,TRUE
"Ramsey County Parks and Recreation","alexis.lipstein@co.ramsey.mn.us","62000600","2024-09-11","3","2025-02-11 12:00:14.037712","Unnamed hardworking surveyor(s)","28","1","3.94","1",NA,NA,NA,NA,NA,NA,NA,NA,NA,NA,NA,NA,NA,NA,NA,NA,NA,NA,NA,NA,NA,NA,NA,NA,NA,NA,NA,NA,NA,NA,NA,NA,NA,NA,NA,NA,NA,TRUE,TRUE
"Ramsey County Parks and Recreation","alexis.lipstein@co.ramsey.mn.us","62000600","2024-09-11","3","2025-02-11 12:00:14.037712","Unnamed hardworking surveyor(s)","29",NA,"4.27",NA,NA,NA,NA,NA,NA,NA,NA,NA,NA,NA,NA,NA,NA,NA,NA,NA,"1",NA,NA,NA,NA,NA,NA,NA,NA,NA,NA,NA,NA,NA,NA,NA,NA,NA,NA,NA,NA,TRUE,TRUE
"Ramsey County Parks and Recreation","alexis.lipstein@co.ramsey.mn.us","62000600","2024-09-11","3","2025-02-11 12:00:14.037712","Unnamed hardworking surveyor(s)","30","1","4.27",NA,NA,NA,"1",NA,NA,NA,NA,"1",NA,NA,NA,NA,NA,NA,NA,NA,NA,NA,NA,NA,"1",NA,NA,NA,NA,NA,NA,"1",NA,NA,NA,NA,NA,NA,NA,NA,"1",TRUE,TRUE
"Ramsey County Parks and Recreation","alexis.lipstein@co.ramsey.mn.us","62000600","2024-09-11","3","2025-02-11 12:00:14.037712","Unnamed hardworking surveyor(s)","31","1","1.97",NA,NA,NA,"2","2",NA,NA,NA,"1",NA,NA,NA,NA,NA,NA,NA,NA,"1",NA,NA,NA,"1",NA,NA,NA,NA,NA,NA,"1",NA,NA,NA,NA,NA,NA,NA,NA,NA,TRUE,TRUE
"Ramsey County Parks and Recreation","alexis.lipstein@co.ramsey.mn.us","62000600","2024-09-11","3","2025-02-11 12:00:14.037712","Unnamed hardworking surveyor(s)","32","1","2.3",NA,NA,NA,"2","1",NA,NA,NA,"1",NA,NA,NA,NA,NA,NA,NA,NA,"1",NA,NA,NA,"2",NA,NA,NA,NA,NA,NA,"2",NA,NA,NA,NA,NA,NA,NA,NA,NA,TRUE,TRUE
"Ramsey County Parks and Recreation","alexis.lipstein@co.ramsey.mn.us","62000600","2024-09-11","3","2025-02-11 12:00:14.037712","Unnamed hardworking surveyor(s)","33","3","1.64",NA,NA,NA,"1","2",NA,NA,NA,NA,NA,NA,NA,NA,NA,NA,NA,NA,"2",NA,NA,NA,"2",NA,NA,NA,NA,NA,NA,"1",NA,NA,NA,NA,NA,NA,NA,NA,NA,TRUE,TRUE
"Ramsey County Parks and Recreation","alexis.lipstein@co.ramsey.mn.us","62000600","2024-09-11","3","2025-02-11 12:00:14.037712","Unnamed hardworking surveyor(s)","34","1","2.95",NA,NA,NA,"1","1",NA,NA,NA,"1",NA,NA,NA,NA,NA,NA,NA,NA,"1",NA,NA,NA,"1",NA,NA,NA,NA,NA,NA,"1","1",NA,NA,NA,NA,NA,NA,NA,NA,TRUE,TRUE
"Ramsey County Parks and Recreation","alexis.lipstein@co.ramsey.mn.us","62000600","2024-09-11","3","2025-02-11 12:00:14.037712","Unnamed hardworking surveyor(s)","35","1","4.27",NA,NA,NA,NA,NA,NA,NA,NA,"1",NA,NA,NA,NA,NA,NA,NA,NA,NA,NA,NA,NA,NA,NA,NA,NA,NA,NA,NA,"1",NA,NA,NA,NA,NA,NA,NA,NA,NA,TRUE,TRUE
"Ramsey County Parks and Recreation","alexis.lipstein@co.ramsey.mn.us","62000600","2024-09-11","3","2025-02-11 12:00:14.037712","Unnamed hardworking surveyor(s)","36","1","4.59",NA,NA,NA,NA,NA,NA,NA,NA,NA,NA,NA,NA,NA,NA,NA,NA,NA,NA,NA,NA,NA,NA,NA,NA,NA,NA,NA,NA,NA,NA,NA,NA,NA,NA,NA,NA,NA,NA,TRUE,TRUE
"Ramsey County Parks and Recreation","alexis.lipstein@co.ramsey.mn.us","62000600","2024-09-11","3","2025-02-11 12:00:14.037712","Unnamed hardworking surveyor(s)","37",NA,"5.25",NA,NA,NA,NA,NA,NA,NA,NA,NA,NA,NA,NA,NA,NA,NA,NA,NA,NA,NA,NA,NA,NA,NA,NA,NA,NA,NA,NA,NA,NA,NA,NA,NA,NA,NA,NA,NA,NA,TRUE,TRUE
"Ramsey County Parks and Recreation","alexis.lipstein@co.ramsey.mn.us","62000600","2024-09-11","3","2025-02-11 12:00:14.037712","Unnamed hardworking surveyor(s)","38",NA,"5.91",NA,NA,NA,NA,NA,NA,NA,NA,NA,NA,NA,NA,NA,NA,NA,NA,NA,NA,NA,NA,NA,"1",NA,NA,NA,NA,NA,NA,"1",NA,NA,NA,NA,NA,NA,NA,NA,NA,TRUE,TRUE
"Ramsey County Parks and Recreation","alexis.lipstein@co.ramsey.mn.us","62000600","2024-09-11","3","2025-02-11 12:00:14.037712","Unnamed hardworking surveyor(s)","39",NA,"5.58",NA,NA,NA,NA,NA,NA,NA,NA,NA,NA,NA,NA,NA,NA,NA,NA,NA,NA,NA,NA,NA,"1",NA,NA,NA,NA,NA,NA,"1",NA,NA,NA,NA,NA,NA,NA,NA,NA,TRUE,TRUE
"Ramsey County Parks and Recreation","alexis.lipstein@co.ramsey.mn.us","62000600","2024-09-11","3","2025-02-11 12:00:14.037712","Unnamed hardworking surveyor(s)","40",NA,"5.25",NA,NA,NA,NA,NA,NA,NA,NA,NA,NA,NA,NA,NA,NA,NA,NA,NA,NA,NA,NA,NA,NA,NA,NA,NA,NA,NA,NA,NA,NA,NA,NA,NA,NA,NA,NA,NA,NA,TRUE,TRUE
"Ramsey County Parks and Recreation","alexis.lipstein@co.ramsey.mn.us","62000600","2024-09-11","3","2025-02-11 12:00:14.037712","Unnamed hardworking surveyor(s)","41","1","5.58",NA,NA,NA,NA,NA,NA,NA,NA,NA,NA,NA,NA,NA,NA,NA,NA,NA,NA,NA,NA,NA,NA,NA,NA,NA,NA,NA,NA,NA,NA,NA,NA,NA,NA,NA,NA,NA,NA,TRUE,TRUE
"Ramsey County Parks and Recreation","alexis.lipstein@co.ramsey.mn.us","62000600","2024-09-11","3","2025-02-11 12:00:14.037712","Unnamed hardworking surveyor(s)","42",NA,"5.25",NA,NA,NA,NA,NA,NA,NA,NA,NA,NA,NA,NA,NA,NA,NA,NA,NA,NA,NA,NA,NA,"1",NA,NA,NA,NA,NA,NA,"1",NA,NA,NA,NA,NA,NA,NA,NA,NA,TRUE,TRUE
"Ramsey County Parks and Recreation","alexis.lipstein@co.ramsey.mn.us","62000600","2024-09-11","3","2025-02-11 12:00:14.037712","Unnamed hardworking surveyor(s)","43",NA,"3.61",NA,NA,NA,NA,NA,NA,NA,NA,NA,NA,NA,NA,NA,NA,NA,NA,NA,NA,NA,NA,NA,"1",NA,NA,NA,NA,NA,NA,"1",NA,NA,NA,NA,NA,NA,NA,NA,NA,TRUE,TRUE
"Ramsey County Parks and Recreation","alexis.lipstein@co.ramsey.mn.us","62000600","2024-09-11","3","2025-02-11 12:00:14.037712","Unnamed hardworking surveyor(s)","44","1","2.95",NA,NA,NA,NA,"1",NA,NA,NA,NA,NA,NA,NA,NA,NA,NA,NA,NA,NA,NA,NA,NA,"1",NA,NA,NA,NA,NA,NA,"1",NA,NA,NA,NA,NA,NA,NA,NA,NA,TRUE,TRUE
"Ramsey County Parks and Recreation","alexis.lipstein@co.ramsey.mn.us","62000600","2024-09-11","3","2025-02-11 12:00:14.037712","Unnamed hardworking surveyor(s)","45",NA,"5.91",NA,NA,NA,NA,NA,NA,NA,NA,NA,NA,NA,NA,NA,NA,NA,NA,NA,NA,NA,NA,NA,"1",NA,NA,NA,NA,NA,NA,"1",NA,NA,NA,NA,NA,NA,NA,NA,NA,TRUE,TRUE
"Ramsey County Parks and Recreation","alexis.lipstein@co.ramsey.mn.us","62000600","2024-09-11","3","2025-02-11 12:00:14.037712","Unnamed hardworking surveyor(s)","46",NA,"6.89",NA,NA,NA,NA,NA,NA,NA,NA,NA,NA,NA,NA,NA,NA,NA,NA,NA,NA,NA,NA,NA,"1",NA,NA,NA,NA,NA,NA,NA,NA,NA,NA,NA,NA,NA,NA,NA,NA,TRUE,TRUE
"Ramsey County Parks and Recreation","alexis.lipstein@co.ramsey.mn.us","62000600","2024-09-11","3","2025-02-11 12:00:14.037712","Unnamed hardworking surveyor(s)","47",NA,"7.55",NA,NA,NA,NA,NA,NA,NA,NA,NA,NA,NA,NA,NA,NA,NA,NA,NA,NA,NA,NA,NA,"1",NA,NA,NA,NA,NA,NA,"1",NA,NA,NA,NA,NA,NA,NA,NA,NA,TRUE,TRUE
"Ramsey County Parks and Recreation","alexis.lipstein@co.ramsey.mn.us","62000600","2024-09-11","3","2025-02-11 12:00:14.037712","Unnamed hardworking surveyor(s)","48",NA,"7.55",NA,NA,NA,NA,NA,NA,NA,NA,NA,NA,NA,NA,NA,NA,NA,NA,NA,NA,NA,NA,NA,"1",NA,NA,NA,NA,NA,NA,"1",NA,NA,NA,NA,NA,NA,NA,NA,NA,TRUE,TRUE
"Ramsey County Parks and Recreation","alexis.lipstein@co.ramsey.mn.us","62000600","2024-09-11","3","2025-02-11 12:00:14.037712","Unnamed hardworking surveyor(s)","49",NA,"7.22",NA,NA,NA,NA,NA,NA,NA,NA,NA,NA,NA,NA,NA,NA,NA,NA,NA,NA,NA,NA,NA,"1",NA,NA,NA,NA,NA,NA,"1",NA,NA,NA,NA,NA,NA,NA,NA,NA,TRUE,TRUE
"Ramsey County Parks and Recreation","alexis.lipstein@co.ramsey.mn.us","62000600","2024-09-11","3","2025-02-11 12:00:14.037712","Unnamed hardworking surveyor(s)","50",NA,"5.91",NA,NA,NA,NA,NA,NA,NA,NA,NA,NA,NA,NA,NA,NA,NA,NA,NA,NA,NA,NA,NA,NA,NA,NA,NA,NA,NA,NA,NA,NA,NA,NA,NA,NA,NA,NA,NA,NA,TRUE,TRUE
"Ramsey County Parks and Recreation","alexis.lipstein@co.ramsey.mn.us","62000600","2024-09-11","3","2025-02-11 12:00:14.037712","Unnamed hardworking surveyor(s)","51",NA,"5.25",NA,NA,NA,NA,NA,NA,NA,NA,NA,NA,NA,NA,NA,NA,NA,NA,NA,NA,NA,NA,NA,NA,NA,NA,NA,NA,NA,NA,NA,NA,NA,NA,NA,NA,NA,NA,NA,NA,TRUE,TRUE
"Ramsey County Parks and Recreation","alexis.lipstein@co.ramsey.mn.us","62000600","2024-09-11","3","2025-02-11 12:00:14.037712","Unnamed hardworking surveyor(s)","52","1","4.27",NA,NA,NA,NA,NA,NA,NA,NA,NA,NA,NA,NA,NA,NA,NA,NA,NA,NA,NA,NA,NA,NA,NA,NA,NA,NA,NA,NA,NA,NA,NA,NA,NA,NA,NA,NA,NA,NA,TRUE,TRUE
"Ramsey County Parks and Recreation","alexis.lipstein@co.ramsey.mn.us","62000600","2024-09-11","3","2025-02-11 12:00:14.037712","Unnamed hardworking surveyor(s)","53","1","3.28",NA,NA,NA,"1","2",NA,NA,NA,NA,NA,NA,NA,NA,NA,NA,NA,NA,"1",NA,NA,NA,"1",NA,NA,NA,NA,NA,NA,"1",NA,NA,NA,NA,NA,NA,NA,NA,NA,TRUE,TRUE
"Ramsey County Parks and Recreation","alexis.lipstein@co.ramsey.mn.us","62000600","2024-09-11","3","2025-02-11 12:00:14.037712","Unnamed hardworking surveyor(s)","54","1","1.97",NA,NA,NA,"2","2",NA,NA,NA,NA,NA,NA,NA,NA,NA,NA,NA,NA,"1",NA,NA,NA,"3",NA,NA,NA,NA,NA,NA,"3",NA,NA,NA,NA,NA,NA,NA,NA,NA,TRUE,TRUE
"Ramsey County Parks and Recreation","alexis.lipstein@co.ramsey.mn.us","62000600","2024-09-11","3","2025-02-11 12:00:14.037712","Unnamed hardworking surveyor(s)","55","1","2.62",NA,NA,NA,"2",NA,NA,NA,NA,"1",NA,NA,NA,NA,NA,NA,NA,NA,"1",NA,NA,NA,"3",NA,NA,NA,NA,NA,NA,"2",NA,NA,NA,NA,NA,NA,NA,NA,NA,TRUE,TRUE
"Ramsey County Parks and Recreation","alexis.lipstein@co.ramsey.mn.us","62000600","2024-09-11","3","2025-02-11 12:00:14.037712","Unnamed hardworking surveyor(s)","56","1","2.62",NA,NA,NA,"1","2",NA,NA,NA,"1",NA,NA,NA,NA,NA,NA,NA,NA,"1",NA,NA,NA,"1",NA,NA,NA,NA,NA,NA,"1",NA,NA,NA,NA,NA,NA,NA,NA,NA,TRUE,TRUE
"Ramsey County Parks and Recreation","alexis.lipstein@co.ramsey.mn.us","62000600","2024-09-11","3","2025-02-11 12:00:14.037712","Unnamed hardworking surveyor(s)","57","2","4.92",NA,NA,NA,NA,NA,NA,NA,NA,NA,NA,NA,NA,NA,NA,NA,NA,NA,NA,NA,NA,NA,NA,NA,NA,NA,NA,NA,NA,NA,NA,NA,NA,NA,NA,NA,NA,NA,NA,TRUE,TRUE
"Ramsey County Parks and Recreation","alexis.lipstein@co.ramsey.mn.us","62000600","2024-09-11","3","2025-02-11 12:00:14.037712","Unnamed hardworking surveyor(s)","58",NA,"5.91",NA,NA,NA,NA,NA,NA,NA,NA,NA,NA,NA,NA,NA,NA,NA,NA,NA,NA,NA,NA,NA,NA,NA,NA,NA,NA,NA,NA,NA,NA,NA,NA,NA,NA,NA,NA,NA,NA,TRUE,TRUE
"Ramsey County Parks and Recreation","alexis.lipstein@co.ramsey.mn.us","62000600","2024-09-11","3","2025-02-11 12:00:14.037712","Unnamed hardworking surveyor(s)","59",NA,"6.56",NA,NA,NA,NA,NA,NA,NA,NA,NA,NA,NA,NA,NA,NA,NA,NA,NA,NA,NA,NA,NA,NA,NA,NA,NA,NA,NA,NA,NA,NA,NA,NA,NA,NA,NA,NA,NA,NA,TRUE,TRUE
"Ramsey County Parks and Recreation","alexis.lipstein@co.ramsey.mn.us","62000600","2024-09-11","3","2025-02-11 12:00:14.037712","Unnamed hardworking surveyor(s)","60",NA,"8.86",NA,NA,NA,NA,NA,NA,NA,NA,NA,NA,NA,NA,NA,NA,NA,NA,NA,NA,NA,NA,NA,"1",NA,NA,NA,NA,NA,NA,"1",NA,NA,NA,NA,NA,NA,NA,NA,NA,TRUE,TRUE
"Ramsey County Parks and Recreation","alexis.lipstein@co.ramsey.mn.us","62000600","2024-09-11","3","2025-02-11 12:00:14.037712","Unnamed hardworking surveyor(s)","61",NA,"8.53",NA,NA,NA,NA,NA,NA,NA,NA,NA,NA,NA,NA,NA,NA,NA,NA,NA,NA,NA,NA,NA,"1",NA,NA,NA,NA,NA,NA,NA,NA,NA,NA,NA,NA,NA,NA,NA,NA,TRUE,TRUE
"Ramsey County Parks and Recreation","alexis.lipstein@co.ramsey.mn.us","62000600","2024-09-11","3","2025-02-11 12:00:14.037712","Unnamed hardworking surveyor(s)","62",NA,"7.87",NA,NA,NA,NA,NA,NA,NA,NA,NA,NA,NA,NA,NA,NA,NA,NA,NA,NA,NA,NA,NA,NA,NA,NA,NA,NA,NA,NA,NA,NA,NA,NA,NA,NA,NA,NA,NA,NA,TRUE,TRUE
"Ramsey County Parks and Recreation","alexis.lipstein@co.ramsey.mn.us","62000600","2024-09-11","3","2025-02-11 12:00:14.037712","Unnamed hardworking surveyor(s)","63",NA,"6.23",NA,NA,NA,NA,NA,NA,NA,NA,NA,NA,NA,NA,NA,NA,NA,NA,NA,NA,NA,NA,NA,"1",NA,NA,NA,NA,NA,NA,"1",NA,NA,NA,NA,NA,NA,NA,NA,NA,TRUE,TRUE
"Ramsey County Parks and Recreation","alexis.lipstein@co.ramsey.mn.us","62000600","2024-09-11","3","2025-02-11 12:00:14.037712","Unnamed hardworking surveyor(s)","64",NA,"4.27",NA,NA,NA,NA,NA,NA,NA,NA,NA,NA,NA,NA,NA,NA,NA,NA,NA,NA,NA,NA,NA,"1",NA,NA,NA,NA,NA,NA,"1",NA,NA,NA,NA,NA,NA,NA,NA,NA,TRUE,TRUE
"Ramsey County Parks and Recreation","alexis.lipstein@co.ramsey.mn.us","62000600","2024-09-11","3","2025-02-11 12:00:14.037712","Unnamed hardworking surveyor(s)","65","1","3.61",NA,"1",NA,"1","2",NA,NA,NA,"1","1",NA,NA,NA,NA,NA,NA,NA,NA,NA,NA,NA,"2",NA,NA,NA,NA,NA,NA,"2",NA,NA,NA,NA,NA,NA,NA,NA,NA,TRUE,TRUE
"Ramsey County Parks and Recreation","alexis.lipstein@co.ramsey.mn.us","62000600","2024-09-11","3","2025-02-11 12:00:14.037712","Unnamed hardworking surveyor(s)","66",NA,"6.23",NA,NA,NA,NA,NA,NA,NA,NA,NA,NA,NA,NA,NA,NA,NA,NA,NA,NA,NA,NA,NA,"1",NA,NA,NA,NA,NA,NA,"1",NA,NA,NA,NA,NA,NA,NA,NA,NA,TRUE,TRUE
"Ramsey County Parks and Recreation","alexis.lipstein@co.ramsey.mn.us","62000600","2024-09-11","3","2025-02-11 12:00:14.037712","Unnamed hardworking surveyor(s)","67",NA,"9.84",NA,NA,NA,NA,NA,NA,NA,NA,NA,NA,NA,NA,NA,NA,NA,NA,NA,NA,NA,NA,NA,NA,NA,NA,NA,NA,NA,NA,NA,NA,NA,NA,NA,NA,NA,NA,NA,NA,TRUE,TRUE
"Ramsey County Parks and Recreation","alexis.lipstein@co.ramsey.mn.us","62000600","2024-09-11","3","2025-02-11 12:00:14.037712","Unnamed hardworking surveyor(s)","68",NA,"9.51",NA,NA,NA,NA,NA,NA,NA,NA,NA,NA,NA,NA,NA,NA,NA,NA,NA,NA,NA,NA,NA,NA,NA,NA,NA,NA,NA,NA,NA,NA,NA,NA,NA,NA,NA,NA,NA,NA,TRUE,TRUE
"Ramsey County Parks and Recreation","alexis.lipstein@co.ramsey.mn.us","62000600","2024-09-11","3","2025-02-11 12:00:14.037712","Unnamed hardworking surveyor(s)","69",NA,"7.55",NA,NA,NA,NA,NA,NA,NA,NA,NA,NA,NA,NA,NA,NA,NA,NA,NA,NA,NA,NA,NA,NA,NA,NA,NA,NA,NA,NA,NA,NA,NA,NA,NA,NA,NA,NA,NA,NA,TRUE,TRUE
"Ramsey County Parks and Recreation","alexis.lipstein@co.ramsey.mn.us","62000600","2024-09-11","3","2025-02-11 12:00:14.037712","Unnamed hardworking surveyor(s)","70",NA,"6.23",NA,NA,NA,NA,NA,NA,NA,NA,NA,NA,NA,NA,NA,NA,NA,NA,NA,NA,NA,NA,NA,NA,NA,NA,NA,NA,NA,NA,NA,NA,NA,NA,NA,NA,NA,NA,NA,NA,TRUE,TRUE
"Ramsey County Parks and Recreation","alexis.lipstein@co.ramsey.mn.us","62000600","2024-09-11","3","2025-02-11 12:00:14.037712","Unnamed hardworking surveyor(s)","71","1","5.91",NA,NA,NA,NA,NA,NA,NA,NA,NA,NA,NA,NA,NA,NA,NA,NA,NA,NA,NA,NA,NA,NA,NA,NA,NA,NA,NA,NA,NA,NA,NA,NA,NA,NA,NA,NA,NA,NA,TRUE,TRUE
"Ramsey County Parks and Recreation","alexis.lipstein@co.ramsey.mn.us","62000600","2024-09-11","3","2025-02-11 12:00:14.037712","Unnamed hardworking surveyor(s)","72",NA,"5.91",NA,NA,NA,NA,NA,NA,NA,NA,NA,NA,NA,NA,NA,NA,NA,NA,NA,NA,NA,NA,NA,NA,NA,NA,NA,NA,NA,NA,NA,NA,NA,NA,NA,NA,NA,NA,NA,NA,TRUE,TRUE
"Ramsey County Parks and Recreation","alexis.lipstein@co.ramsey.mn.us","62000600","2024-09-11","3","2025-02-11 12:00:14.037712","Unnamed hardworking surveyor(s)","73","1","3.94",NA,NA,NA,NA,NA,NA,NA,NA,NA,NA,NA,NA,NA,NA,NA,NA,NA,NA,NA,NA,NA,NA,NA,NA,NA,NA,NA,NA,NA,NA,NA,NA,NA,NA,NA,NA,NA,NA,TRUE,TRUE
"Ramsey County Parks and Recreation","alexis.lipstein@co.ramsey.mn.us","62000600","2024-09-11","3","2025-02-11 12:00:14.037712","Unnamed hardworking surveyor(s)","74","1","1.64",NA,NA,NA,"1","1",NA,NA,NA,NA,NA,NA,NA,NA,NA,NA,NA,NA,"1",NA,NA,NA,"3",NA,NA,NA,NA,NA,NA,"3",NA,NA,NA,NA,NA,NA,NA,NA,NA,TRUE,TRUE
"Ramsey County Parks and Recreation","alexis.lipstein@co.ramsey.mn.us","62000600","2024-09-11","3","2025-02-11 12:00:14.037712","Unnamed hardworking surveyor(s)","75","1","0.98",NA,"1",NA,"1","2",NA,NA,NA,NA,NA,NA,NA,NA,NA,NA,NA,NA,NA,NA,NA,NA,"3",NA,NA,NA,NA,NA,NA,"3",NA,NA,NA,NA,NA,NA,NA,NA,NA,TRUE,TRUE
"Ramsey County Parks and Recreation","alexis.lipstein@co.ramsey.mn.us","62000600","2024-09-11","3","2025-02-11 12:00:14.037712","Unnamed hardworking surveyor(s)","76","1","1.97",NA,NA,NA,"1","2",NA,NA,NA,NA,NA,NA,NA,NA,NA,NA,NA,NA,NA,NA,NA,NA,"3",NA,NA,NA,NA,NA,NA,"3",NA,NA,NA,NA,NA,NA,NA,NA,NA,TRUE,TRUE
"Ramsey County Parks and Recreation","alexis.lipstein@co.ramsey.mn.us","62000600","2024-09-11","3","2025-02-11 12:00:14.037712","Unnamed hardworking surveyor(s)","77","3","3.94",NA,NA,NA,NA,NA,NA,NA,NA,NA,NA,NA,NA,NA,NA,NA,NA,NA,"1",NA,NA,NA,"1",NA,NA,NA,NA,NA,NA,"1","1",NA,NA,NA,NA,NA,NA,NA,NA,TRUE,TRUE
"Ramsey County Parks and Recreation","alexis.lipstein@co.ramsey.mn.us","62000600","2024-09-11","3","2025-02-11 12:00:14.037712","Unnamed hardworking surveyor(s)","78",NA,"5.25",NA,NA,NA,NA,NA,NA,NA,NA,NA,NA,NA,NA,NA,NA,NA,NA,NA,NA,NA,NA,NA,NA,NA,NA,NA,NA,NA,NA,NA,NA,NA,NA,NA,NA,NA,NA,NA,NA,TRUE,TRUE
"Ramsey County Parks and Recreation","alexis.lipstein@co.ramsey.mn.us","62000600","2024-09-11","3","2025-02-11 12:00:14.037712","Unnamed hardworking surveyor(s)","79",NA,"4.92",NA,NA,NA,NA,NA,NA,NA,NA,NA,NA,NA,NA,NA,NA,NA,NA,NA,NA,NA,NA,NA,"1",NA,NA,NA,NA,NA,NA,"1",NA,NA,NA,NA,NA,NA,NA,NA,NA,TRUE,TRUE
"Ramsey County Parks and Recreation","alexis.lipstein@co.ramsey.mn.us","62000600","2024-09-11","3","2025-02-11 12:00:14.037712","Unnamed hardworking surveyor(s)","80","1","4.27",NA,NA,NA,NA,NA,NA,NA,NA,NA,NA,NA,NA,NA,NA,NA,NA,NA,NA,NA,NA,NA,"1",NA,NA,NA,NA,NA,NA,NA,NA,NA,NA,NA,NA,NA,NA,NA,NA,TRUE,TRUE
"Ramsey County Parks and Recreation","alexis.lipstein@co.ramsey.mn.us","62000600","2024-09-11","3","2025-02-11 12:00:14.037712","Unnamed hardworking surveyor(s)","81",NA,"5.25",NA,NA,NA,NA,NA,NA,NA,NA,NA,NA,NA,NA,NA,NA,NA,NA,NA,NA,NA,NA,NA,NA,NA,NA,NA,NA,NA,NA,NA,NA,NA,NA,NA,NA,NA,NA,NA,NA,TRUE,TRUE
"Ramsey County Parks and Recreation","alexis.lipstein@co.ramsey.mn.us","62000600","2024-09-11","3","2025-02-11 12:00:14.037712","Unnamed hardworking surveyor(s)","82",NA,"9.19",NA,NA,NA,NA,NA,NA,NA,NA,NA,NA,NA,NA,NA,NA,NA,NA,NA,NA,NA,NA,NA,NA,NA,NA,NA,NA,NA,NA,NA,NA,NA,NA,NA,NA,NA,NA,NA,NA,TRUE,TRUE
"Ramsey County Parks and Recreation","alexis.lipstein@co.ramsey.mn.us","62000600","2024-09-11","3","2025-02-11 12:00:14.037712","Unnamed hardworking surveyor(s)","83",NA,"7.22",NA,NA,NA,NA,NA,NA,NA,NA,NA,NA,NA,NA,NA,NA,NA,NA,NA,NA,NA,NA,NA,NA,NA,NA,NA,NA,NA,NA,NA,NA,NA,NA,NA,NA,NA,NA,NA,NA,TRUE,TRUE
"Ramsey County Parks and Recreation","alexis.lipstein@co.ramsey.mn.us","62000600","2024-09-11","3","2025-02-11 12:00:14.037712","Unnamed hardworking surveyor(s)","84",NA,"4.92",NA,NA,NA,NA,NA,NA,NA,NA,NA,NA,NA,NA,NA,NA,NA,NA,NA,NA,NA,NA,NA,"1",NA,NA,NA,NA,NA,NA,"1",NA,NA,NA,NA,NA,NA,NA,NA,NA,TRUE,TRUE
"Ramsey County Parks and Recreation","alexis.lipstein@co.ramsey.mn.us","62000600","2024-09-11","3","2025-02-11 12:00:14.037712","Unnamed hardworking surveyor(s)","85",NA,"1.97",NA,NA,NA,NA,NA,NA,NA,NA,NA,NA,NA,NA,NA,NA,NA,NA,NA,NA,NA,NA,NA,"1",NA,NA,NA,NA,NA,NA,"1",NA,NA,NA,NA,NA,NA,NA,NA,NA,TRUE,TRUE
"Ramsey County Parks and Recreation","alexis.lipstein@co.ramsey.mn.us","62000600","2024-09-11","3","2025-02-11 12:00:14.037712","Unnamed hardworking surveyor(s)","86",NA,"4.59",NA,NA,NA,NA,NA,NA,NA,NA,NA,NA,NA,NA,NA,NA,NA,NA,NA,NA,NA,NA,NA,NA,NA,NA,NA,NA,NA,NA,NA,NA,NA,NA,NA,NA,NA,NA,NA,NA,TRUE,TRUE
"Ramsey County Parks and Recreation","alexis.lipstein@co.ramsey.mn.us","62000600","2024-09-11","3","2025-02-11 12:00:14.037712","Unnamed hardworking surveyor(s)","87",NA,"5.58",NA,NA,NA,NA,NA,NA,NA,NA,NA,NA,NA,NA,NA,NA,NA,NA,NA,NA,NA,NA,NA,"1",NA,NA,NA,NA,NA,NA,"1",NA,NA,NA,NA,NA,NA,NA,NA,NA,TRUE,TRUE
"Ramsey County Parks and Recreation","alexis.lipstein@co.ramsey.mn.us","62000600","2024-09-11","3","2025-02-11 12:00:14.037712","Unnamed hardworking surveyor(s)","88",NA,"3.94",NA,NA,NA,NA,NA,NA,NA,NA,NA,NA,NA,NA,NA,NA,NA,NA,NA,NA,NA,NA,NA,NA,NA,NA,NA,NA,NA,NA,NA,NA,NA,NA,NA,NA,NA,NA,NA,NA,TRUE,TRUE
"Ramsey County Parks and Recreation","alexis.lipstein@co.ramsey.mn.us","62000600","2024-09-11","3","2025-02-11 12:00:14.037712","Unnamed hardworking surveyor(s)","89","1","2.95","1",NA,NA,NA,NA,NA,NA,NA,NA,NA,NA,NA,NA,NA,NA,NA,NA,NA,NA,NA,NA,NA,NA,NA,NA,NA,NA,NA,NA,NA,NA,NA,NA,NA,NA,NA,NA,NA,TRUE,TRUE
"Ramsey County Parks and Recreation","alexis.lipstein@co.ramsey.mn.us","62000600","2024-09-11","3","2025-02-11 12:00:14.037712","Unnamed hardworking surveyor(s)","90",NA,"3.94",NA,NA,NA,NA,NA,NA,NA,NA,"1",NA,NA,NA,NA,NA,NA,NA,NA,NA,NA,NA,NA,"1",NA,NA,NA,NA,NA,NA,NA,NA,NA,NA,NA,NA,NA,NA,NA,NA,TRUE,TRUE
"Ramsey County Parks and Recreation","alexis.lipstein@co.ramsey.mn.us","62000600","2024-09-11","3","2025-02-11 12:00:14.037712","Unnamed hardworking surveyor(s)","91","1","4.92",NA,NA,NA,NA,NA,NA,NA,NA,NA,NA,NA,NA,NA,NA,NA,NA,NA,NA,NA,NA,NA,"1",NA,NA,NA,NA,NA,NA,NA,NA,NA,NA,NA,NA,NA,NA,NA,NA,TRUE,TRUE
"Ramsey County Parks and Recreation","alexis.lipstein@co.ramsey.mn.us","62000600","2024-09-11","3","2025-02-11 12:00:14.037712","Unnamed hardworking surveyor(s)","92","3","4.27",NA,"1",NA,"1",NA,NA,NA,NA,"1",NA,NA,NA,NA,NA,NA,NA,NA,"1",NA,NA,NA,"1",NA,NA,NA,NA,NA,NA,"1",NA,NA,NA,NA,NA,NA,NA,NA,NA,TRUE,TRUE
"Ramsey County Parks and Recreation","alexis.lipstein@co.ramsey.mn.us","62000600","2024-09-11","3","2025-02-11 12:00:14.037712","Unnamed hardworking surveyor(s)","93",NA,"2.3","1",NA,NA,"1","1",NA,NA,NA,"1",NA,NA,NA,NA,NA,NA,NA,NA,"1",NA,NA,NA,"1",NA,NA,NA,NA,NA,NA,"1",NA,NA,NA,NA,NA,NA,NA,NA,NA,TRUE,TRUE
"Ramsey County Parks and Recreation","alexis.lipstein@co.ramsey.mn.us","62000600","2024-09-11","3","2025-02-11 12:00:14.037712","Unnamed hardworking surveyor(s)","94","1","1.97","1","1",NA,NA,NA,NA,NA,NA,NA,NA,NA,NA,NA,NA,NA,NA,NA,NA,NA,NA,NA,NA,NA,NA,NA,NA,NA,NA,NA,NA,NA,NA,NA,NA,NA,NA,NA,NA,TRUE,TRUE
"Ramsey County Parks and Recreation","alexis.lipstein@co.ramsey.mn.us","62000600","2024-09-11","3","2025-02-11 12:00:14.037712","Unnamed hardworking surveyor(s)","95",NA,"3.28",NA,NA,NA,NA,NA,NA,NA,NA,NA,NA,NA,NA,NA,NA,NA,NA,NA,"1",NA,NA,NA,NA,NA,NA,NA,NA,NA,NA,NA,"1",NA,NA,NA,NA,NA,NA,NA,"1",TRUE,TRUE
"Ramsey County Parks and Recreation","alexis.lipstein@co.ramsey.mn.us","62000600","2024-09-11","3","2025-02-11 12:00:14.037712","Unnamed hardworking surveyor(s)","96",NA,"4.27",NA,NA,NA,NA,NA,NA,NA,NA,NA,NA,NA,NA,NA,NA,NA,NA,NA,NA,NA,NA,NA,NA,NA,NA,NA,NA,NA,NA,NA,NA,NA,NA,NA,NA,NA,NA,NA,NA,TRUE,TRUE
"Ramsey County Parks and Recreation","alexis.lipstein@co.ramsey.mn.us","62000600","2024-09-11","3","2025-02-11 12:00:14.037712","Unnamed hardworking surveyor(s)","97",NA,"3.61","1",NA,NA,NA,NA,NA,NA,NA,NA,NA,NA,NA,NA,NA,NA,NA,NA,NA,NA,NA,NA,"1",NA,NA,NA,NA,NA,NA,"1",NA,NA,NA,NA,NA,NA,NA,NA,NA,TRUE,TRUE
"Ramsey County Parks and Recreation","alexis.lipstein@co.ramsey.mn.us","62000600","2024-09-11","3","2025-02-11 12:00:14.037712","Unnamed hardworking surveyor(s)","98","1","3.61",NA,NA,NA,NA,NA,NA,NA,NA,NA,NA,NA,NA,NA,NA,NA,NA,NA,NA,NA,NA,NA,NA,NA,NA,NA,NA,NA,NA,NA,NA,NA,NA,NA,NA,NA,NA,NA,NA,TRUE,TRUE
"Ramsey County Parks and Recreation","alexis.lipstein@co.ramsey.mn.us","62000600","2024-09-11","3","2025-02-11 12:00:14.037712","Unnamed hardworking surveyor(s)","99","1","3.94",NA,NA,NA,NA,NA,NA,NA,NA,NA,NA,NA,NA,NA,NA,NA,NA,NA,NA,NA,NA,NA,"1",NA,NA,NA,NA,NA,NA,NA,NA,NA,NA,NA,NA,NA,NA,NA,NA,TRUE,TRUE
"Ramsey County Parks and Recreation","alexis.lipstein@co.ramsey.mn.us","62000600","2024-09-11","3","2025-02-11 12:00:14.037712","Unnamed hardworking surveyor(s)","100",NA,"1.97",NA,NA,NA,"1","2",NA,NA,NA,NA,"1",NA,NA,NA,NA,NA,NA,NA,"1",NA,NA,NA,"2",NA,NA,NA,NA,NA,NA,"1",NA,NA,NA,NA,NA,NA,NA,NA,NA,TRUE,TRUE
"Ramsey County Parks and Recreation","alexis.lipstein@co.ramsey.mn.us","62000600","2024-09-11","3","2025-02-11 12:00:14.037712","Unnamed hardworking surveyor(s)","101","1","1.31",NA,NA,NA,"1","2",NA,NA,NA,NA,NA,NA,NA,NA,NA,NA,NA,NA,"1",NA,NA,NA,"1",NA,NA,NA,NA,NA,NA,"1",NA,NA,NA,NA,NA,NA,NA,NA,NA,TRUE,TRUE
"Ramsey County Parks and Recreation","alexis.lipstein@co.ramsey.mn.us","62000600","2024-09-11","3","2025-02-11 12:00:14.037712","Unnamed hardworking surveyor(s)","102","1","2.3","1",NA,NA,NA,NA,NA,NA,NA,NA,NA,NA,NA,NA,NA,NA,NA,NA,"1",NA,NA,NA,"1","1",NA,NA,NA,NA,NA,NA,"1",NA,NA,NA,NA,NA,NA,NA,NA,TRUE,TRUE
"Ramsey County Parks and Recreation","alexis.lipstein@co.ramsey.mn.us","62000600","2024-09-11","3","2025-02-11 12:00:14.037712","Unnamed hardworking surveyor(s)","103","1","2.62","1",NA,NA,NA,NA,NA,NA,NA,NA,NA,NA,NA,NA,NA,NA,NA,NA,NA,NA,NA,NA,"1",NA,NA,NA,NA,NA,NA,NA,NA,NA,NA,NA,NA,NA,NA,NA,"1",TRUE,TRUE
"Ramsey County Parks and Recreation","alexis.lipstein@co.ramsey.mn.us","62000600","2024-09-11","3","2025-02-11 12:00:14.037712","Unnamed hardworking surveyor(s)","104","1","2.95","1",NA,NA,NA,NA,NA,NA,NA,NA,NA,NA,NA,NA,NA,NA,NA,NA,"1",NA,NA,NA,NA,NA,NA,NA,NA,NA,NA,NA,NA,NA,NA,NA,NA,NA,NA,NA,NA,TRUE,TRUE
"Ramsey County Parks and Recreation","alexis.lipstein@co.ramsey.mn.us","62000600","2024-09-11","3","2025-02-11 12:00:14.037712","Unnamed hardworking surveyor(s)","105","1","3.61",NA,"1",NA,"1",NA,NA,NA,NA,NA,NA,NA,NA,NA,NA,NA,NA,NA,"1",NA,NA,NA,NA,NA,NA,NA,NA,NA,NA,NA,NA,NA,NA,NA,NA,NA,NA,NA,NA,TRUE,TRUE
"Ramsey County Parks and Recreation","alexis.lipstein@co.ramsey.mn.us","62000600","2024-09-11","3","2025-02-11 12:00:14.037712","Unnamed hardworking surveyor(s)","106","1","2.95","1",NA,NA,"1",NA,NA,NA,NA,NA,NA,NA,NA,NA,NA,NA,NA,NA,"1",NA,NA,NA,"1",NA,NA,NA,NA,NA,NA,"1",NA,NA,NA,NA,NA,NA,NA,NA,"1",TRUE,TRUE
"Ramsey County Parks and Recreation","alexis.lipstein@co.ramsey.mn.us","62000600","2024-09-11","3","2025-02-11 12:00:14.037712","Unnamed hardworking surveyor(s)","107","1","1.64",NA,"2",NA,NA,NA,NA,NA,NA,NA,NA,NA,NA,NA,NA,NA,NA,NA,"1",NA,NA,NA,"1",NA,NA,NA,NA,NA,NA,"1",NA,NA,NA,NA,NA,NA,NA,NA,NA,TRUE,TRUE
"Ramsey County Parks and Recreation","alexis.lipstein@co.ramsey.mn.us","62000600","2024-09-11","3","2025-02-11 12:00:14.037712","Unnamed hardworking surveyor(s)","108","2","1.31",NA,"2",NA,"1",NA,NA,NA,NA,NA,NA,NA,NA,NA,NA,NA,NA,NA,NA,NA,NA,NA,"3",NA,NA,NA,NA,NA,NA,"3",NA,NA,NA,NA,NA,NA,NA,NA,NA,TRUE,TRUE
"Ramsey County Parks and Recreation","alexis.lipstein@co.ramsey.mn.us","62000600","2024-09-11","3","2025-02-11 12:00:14.037712","Unnamed hardworking surveyor(s)","109","1","1.64",NA,NA,NA,"2",NA,NA,NA,NA,NA,NA,NA,NA,NA,NA,NA,NA,NA,"1",NA,NA,NA,"3",NA,NA,NA,NA,NA,NA,"3",NA,NA,NA,NA,NA,NA,NA,NA,NA,TRUE,TRUE
"Ramsey County Parks and Recreation","alexis.lipstein@co.ramsey.mn.us","62000600","2024-09-11","3","2025-02-11 12:00:14.037712","Unnamed hardworking surveyor(s)","110","1","0.98","1","1",NA,NA,NA,NA,NA,NA,"1",NA,NA,NA,NA,NA,NA,NA,NA,"1",NA,NA,NA,"1",NA,NA,NA,NA,NA,NA,"1",NA,NA,NA,NA,NA,NA,NA,NA,NA,TRUE,TRUE
"Ramsey County Parks and Recreation","alexis.lipstein@co.ramsey.mn.us","62000600","2024-09-11","3","2025-02-11 12:00:14.037712","Unnamed hardworking surveyor(s)","111","1","2.62","1","1",NA,NA,NA,NA,NA,NA,NA,NA,NA,NA,NA,NA,NA,NA,NA,"1",NA,NA,NA,NA,NA,NA,NA,NA,NA,NA,NA,NA,NA,NA,NA,NA,NA,NA,NA,NA,TRUE,TRUE
"Ramsey County Parks and Recreation","alexis.lipstein@co.ramsey.mn.us","62000600","2024-09-11","3","2025-02-11 12:00:14.037712","Unnamed hardworking surveyor(s)","112","1","2.62",NA,NA,NA,NA,"1",NA,NA,NA,NA,NA,NA,NA,NA,NA,NA,NA,NA,"1",NA,NA,NA,"1",NA,NA,NA,NA,NA,NA,"1",NA,NA,NA,NA,NA,NA,NA,NA,NA,TRUE,TRUE
"Ramsey County Parks and Recreation","alexis.lipstein@co.ramsey.mn.us","62000600","2024-09-11","3","2025-02-11 12:00:14.037712","Unnamed hardworking surveyor(s)","113","2","1.64",NA,"1",NA,NA,"1",NA,NA,NA,NA,NA,NA,NA,NA,NA,NA,NA,NA,"1",NA,NA,NA,"1",NA,NA,NA,NA,NA,NA,"1",NA,NA,NA,NA,NA,NA,NA,NA,NA,TRUE,TRUE
"Ramsey County Parks and Recreation","alexis.lipstein@co.ramsey.mn.us","62000600","2024-09-11","3","2025-02-11 12:00:14.037712","Unnamed hardworking surveyor(s)","114","1","1.31",NA,NA,NA,NA,"1",NA,NA,NA,NA,NA,NA,NA,NA,NA,NA,NA,NA,"1",NA,NA,NA,"1","1",NA,NA,NA,NA,NA,"1","1",NA,NA,NA,NA,NA,NA,NA,NA,TRUE,TRUE
"Ramsey County Parks and Recreation","alexis.lipstein@co.ramsey.mn.us","62001000","2024-06-26","3","2025-02-11 12:06:07.147129","Unnamed hardworking surveyor(s)","1","1","1.31",NA,NA,NA,"1","3",NA,NA,NA,NA,NA,NA,NA,NA,NA,NA,NA,NA,"1",NA,NA,NA,"3","1",NA,NA,NA,NA,NA,"1",NA,45.010904814255,-93.0636121099747,NA,NA,NA,NA,NA,NA,FALSE,FALSE
"Ramsey County Parks and Recreation","alexis.lipstein@co.ramsey.mn.us","62001000","2024-06-26","3","2025-02-11 12:06:07.147129","Unnamed hardworking surveyor(s)","2","1","4.27",NA,NA,NA,"1","1",NA,NA,NA,NA,NA,NA,NA,NA,NA,NA,NA,NA,"1",NA,NA,NA,"1",NA,NA,NA,NA,NA,NA,"1",NA,45.0109051659109,-93.0629775953703,NA,NA,NA,NA,NA,NA,FALSE,FALSE
"Ramsey County Parks and Recreation","alexis.lipstein@co.ramsey.mn.us","62001000","2024-06-26","3","2025-02-11 12:06:07.147129","Unnamed hardworking surveyor(s)","3",NA,"5.25",NA,NA,NA,"1",NA,NA,NA,NA,NA,NA,NA,NA,NA,NA,NA,NA,NA,"2",NA,NA,NA,"1",NA,NA,NA,NA,NA,NA,"1",NA,45.0109055142543,-93.0623426911625,NA,NA,NA,NA,NA,"1",FALSE,FALSE
"Ramsey County Parks and Recreation","alexis.lipstein@co.ramsey.mn.us","62001000","2024-06-26","3","2025-02-11 12:06:07.147129","Unnamed hardworking surveyor(s)","4",NA,"3.28",NA,NA,NA,"1","2",NA,NA,NA,NA,NA,NA,NA,NA,NA,NA,NA,NA,"1",NA,NA,NA,"2",NA,NA,"1",NA,NA,NA,"1",NA,45.0109058620589,-93.0617022514374,NA,NA,NA,NA,NA,NA,FALSE,FALSE
"Ramsey County Parks and Recreation","alexis.lipstein@co.ramsey.mn.us","62001000","2024-06-26","3","2025-02-11 12:06:07.147129","Unnamed hardworking surveyor(s)","5","1","6.23",NA,NA,NA,"1","2",NA,NA,NA,"1",NA,NA,NA,NA,"1",NA,NA,NA,"1",NA,NA,NA,"2",NA,NA,NA,NA,NA,NA,"1",NA,45.010906203104,-93.0610677367985,NA,NA,NA,NA,NA,NA,FALSE,FALSE
"Ramsey County Parks and Recreation","alexis.lipstein@co.ramsey.mn.us","62001000","2024-06-26","3","2025-02-11 12:06:07.147129","Unnamed hardworking surveyor(s)","6","1","2.95",NA,NA,NA,"1","1",NA,NA,NA,NA,NA,NA,NA,NA,NA,NA,NA,NA,"1",NA,NA,NA,"1","1",NA,NA,NA,NA,NA,"1",NA,45.0109065372822,-93.0604395368383,NA,NA,NA,NA,NA,NA,FALSE,FALSE
"Ramsey County Parks and Recreation","alexis.lipstein@co.ramsey.mn.us","62001000","2024-06-26","3","2025-02-11 12:06:07.147129","Unnamed hardworking surveyor(s)","7","2","1.64",NA,NA,NA,"1","1",NA,NA,NA,NA,NA,NA,NA,NA,NA,NA,NA,NA,"2",NA,NA,NA,"3","1",NA,NA,NA,NA,NA,"1",NA,45.0109068713119,-93.0598050221771,NA,NA,NA,NA,NA,NA,FALSE,FALSE
"Ramsey County Parks and Recreation","alexis.lipstein@co.ramsey.mn.us","62001000","2024-06-26","3","2025-02-11 12:06:07.147129","Unnamed hardworking surveyor(s)","8","1","1.64",NA,NA,NA,"2","2",NA,NA,NA,NA,NA,NA,NA,NA,NA,NA,NA,NA,NA,NA,NA,NA,"2",NA,NA,NA,NA,NA,NA,"2",NA,45.0104759435173,-93.0642472051344,NA,NA,NA,NA,NA,NA,FALSE,FALSE
"Ramsey County Parks and Recreation","alexis.lipstein@co.ramsey.mn.us","62001000","2024-06-26","3","2025-02-11 12:06:07.147129","Unnamed hardworking surveyor(s)","9","1","3.94",NA,NA,NA,"1",NA,NA,NA,NA,NA,NA,NA,NA,NA,NA,NA,NA,NA,"1",NA,NA,NA,"1","1",NA,NA,NA,NA,NA,"1",NA,45.0104748598848,-93.0636116340484,NA,NA,NA,NA,NA,"1",FALSE,FALSE
"Ramsey County Parks and Recreation","alexis.lipstein@co.ramsey.mn.us","62001000","2024-06-26","3","2025-02-11 12:06:07.147129","Unnamed hardworking surveyor(s)","10",NA,"4.27",NA,NA,NA,NA,NA,NA,NA,NA,NA,NA,NA,NA,NA,NA,NA,NA,NA,NA,NA,NA,NA,NA,NA,NA,NA,NA,NA,NA,NA,NA,45.0104737739312,-93.0629771226159,NA,NA,NA,NA,NA,"1",FALSE,FALSE
"Ramsey County Parks and Recreation","alexis.lipstein@co.ramsey.mn.us","62001000","2024-06-26","3","2025-02-11 12:06:07.147129","Unnamed hardworking surveyor(s)","11","1","7.22",NA,NA,NA,NA,NA,NA,NA,NA,NA,NA,NA,NA,NA,NA,NA,NA,NA,"1",NA,NA,NA,"1",NA,NA,NA,NA,NA,NA,"1",NA,45.0104726830449,-93.0623418916674,NA,NA,NA,NA,NA,"2",FALSE,FALSE
"Ramsey County Parks and Recreation","alexis.lipstein@co.ramsey.mn.us","62001000","2024-06-26","3","2025-02-11 12:06:07.147129","Unnamed hardworking surveyor(s)","12","1","8.2",NA,NA,NA,NA,NA,NA,NA,NA,NA,NA,NA,NA,NA,NA,NA,NA,NA,NA,NA,NA,NA,"1",NA,NA,NA,NA,NA,NA,"1",NA,45.0104715813574,-93.061701785155,NA,NA,NA,NA,NA,"2",FALSE,FALSE
"Ramsey County Parks and Recreation","alexis.lipstein@co.ramsey.mn.us","62001000","2024-06-26","3","2025-02-11 12:06:07.147129","Unnamed hardworking surveyor(s)","13",NA,"7.22",NA,NA,NA,NA,NA,NA,NA,NA,NA,NA,NA,NA,NA,NA,NA,NA,NA,"1",NA,NA,NA,"1",NA,NA,NA,NA,NA,NA,NA,NA,45.010470484793,-93.0610672737835,NA,NA,NA,NA,NA,"2",FALSE,FALSE
"Ramsey County Parks and Recreation","alexis.lipstein@co.ramsey.mn.us","62001000","2024-06-26","3","2025-02-11 12:06:07.147129","Unnamed hardworking surveyor(s)","14","1","3.61",NA,NA,NA,"1",NA,NA,NA,NA,NA,NA,NA,NA,NA,NA,NA,NA,NA,NA,NA,NA,NA,"1","1",NA,NA,NA,NA,NA,"1",NA,45.010469395765,-93.0604390770894,NA,NA,NA,NA,NA,"1",FALSE,FALSE
"Ramsey County Parks and Recreation","alexis.lipstein@co.ramsey.mn.us","62001000","2024-06-26","3","2025-02-11 12:06:07.147129","Unnamed hardworking surveyor(s)","15","1","3.94",NA,NA,NA,"1","1",NA,NA,NA,NA,NA,NA,NA,NA,NA,NA,NA,NA,"1",NA,NA,NA,"1",NA,NA,NA,NA,NA,NA,"1",NA,45.0104682921852,-93.0598045657588,NA,NA,NA,NA,NA,NA,FALSE,FALSE
"Ramsey County Parks and Recreation","alexis.lipstein@co.ramsey.mn.us","62001000","2024-06-26","3","2025-02-11 12:06:07.147129","Unnamed hardworking surveyor(s)","16","2","3.94",NA,NA,NA,"1","1",NA,NA,NA,NA,NA,NA,NA,NA,NA,NA,NA,NA,"1",NA,NA,NA,"1",NA,NA,NA,NA,NA,NA,"1",NA,45.0104671859805,-93.0591700544499,NA,NA,NA,NA,NA,NA,FALSE,FALSE
"Ramsey County Parks and Recreation","alexis.lipstein@co.ramsey.mn.us","62001000","2024-06-26","3","2025-02-11 12:06:07.147129","Unnamed hardworking surveyor(s)","17","3","2.95",NA,NA,NA,"1",NA,NA,NA,NA,NA,NA,NA,NA,NA,NA,NA,NA,NA,"1",NA,NA,NA,"1",NA,NA,NA,NA,NA,NA,"1",NA,45.0104660753503,-93.0585355431608,NA,NA,NA,NA,NA,NA,FALSE,FALSE
"Ramsey County Parks and Recreation","alexis.lipstein@co.ramsey.mn.us","62001000","2024-06-26","3","2025-02-11 12:06:07.147129","Unnamed hardworking surveyor(s)","18",NA,"3.94",NA,NA,NA,NA,NA,NA,NA,NA,NA,NA,NA,NA,NA,NA,NA,NA,NA,"2",NA,NA,NA,NA,NA,NA,NA,NA,NA,NA,NA,NA,45.0100042676292,-93.0642473161335,NA,NA,NA,NA,NA,"1",FALSE,FALSE
"Ramsey County Parks and Recreation","alexis.lipstein@co.ramsey.mn.us","62001000","2024-06-26","3","2025-02-11 12:06:07.147129","Unnamed hardworking surveyor(s)","19","1","6.56",NA,NA,NA,NA,NA,NA,NA,NA,NA,NA,NA,NA,NA,NA,NA,NA,NA,NA,NA,NA,NA,NA,NA,NA,NA,NA,NA,NA,NA,NA,45.0100046237545,-93.0636111135456,NA,NA,NA,NA,NA,"3",FALSE,FALSE
"Ramsey County Parks and Recreation","alexis.lipstein@co.ramsey.mn.us","62001000","2024-06-26","3","2025-02-11 12:06:07.147129","Unnamed hardworking surveyor(s)","20","1","7.22",NA,NA,NA,"1",NA,NA,NA,NA,NA,NA,NA,NA,NA,NA,NA,NA,NA,NA,NA,NA,NA,NA,NA,NA,NA,NA,NA,NA,NA,NA,45.0100049753995,-93.0629766088804,NA,NA,NA,NA,NA,"1",FALSE,FALSE
"Ramsey County Parks and Recreation","alexis.lipstein@co.ramsey.mn.us","62001000","2024-06-26","3","2025-02-11 12:06:07.147129","Unnamed hardworking surveyor(s)","21",NA,"8.2",NA,NA,NA,NA,NA,NA,NA,NA,NA,NA,NA,NA,NA,NA,NA,NA,NA,"2",NA,NA,NA,NA,NA,NA,NA,NA,NA,NA,NA,NA,45.0100053241067,-93.0623410280836,NA,NA,NA,NA,NA,NA,FALSE,FALSE
"Ramsey County Parks and Recreation","alexis.lipstein@co.ramsey.mn.us","62001000","2024-06-26","3","2025-02-11 12:06:07.147129","Unnamed hardworking surveyor(s)","22","1","8.2",NA,NA,NA,"1",NA,"1",NA,NA,NA,NA,NA,NA,NA,NA,NA,NA,NA,NA,NA,NA,NA,NA,NA,NA,NA,NA,NA,NA,NA,NA,45.0100056715257,-93.0617012849246,NA,NA,NA,NA,NA,"3",FALSE,FALSE
"Ramsey County Parks and Recreation","alexis.lipstein@co.ramsey.mn.us","62001000","2024-06-26","3","2025-02-11 12:06:07.147129","Unnamed hardworking surveyor(s)","23","1","8.2",NA,NA,NA,NA,NA,NA,NA,NA,NA,NA,NA,NA,NA,NA,NA,NA,NA,"1",NA,NA,NA,NA,NA,NA,NA,NA,NA,NA,NA,NA,45.0100060125601,-93.0610667802248,NA,NA,NA,NA,NA,"1",FALSE,FALSE
"Ramsey County Parks and Recreation","alexis.lipstein@co.ramsey.mn.us","62001000","2024-06-26","3","2025-02-11 12:06:07.147129","Unnamed hardworking surveyor(s)","24","1","6.56",NA,NA,NA,NA,NA,NA,NA,NA,NA,NA,NA,NA,NA,NA,NA,NA,NA,"1",NA,NA,NA,NA,NA,NA,NA,NA,NA,NA,NA,NA,45.0100063467279,-93.0604385901048,NA,NA,NA,NA,NA,"3",FALSE,FALSE
"Ramsey County Parks and Recreation","alexis.lipstein@co.ramsey.mn.us","62001000","2024-06-26","3","2025-02-11 12:06:07.147129","Unnamed hardworking surveyor(s)","25",NA,"6.56",NA,NA,NA,NA,NA,NA,NA,NA,NA,NA,NA,NA,NA,NA,NA,NA,NA,NA,NA,NA,NA,NA,NA,NA,NA,NA,NA,NA,NA,NA,45.0100066807472,-93.0598040853827,NA,NA,NA,NA,NA,"3",FALSE,FALSE
"Ramsey County Parks and Recreation","alexis.lipstein@co.ramsey.mn.us","62001000","2024-06-26","3","2025-02-11 12:06:07.147129","Unnamed hardworking surveyor(s)","26","3","6.56",NA,NA,NA,"1",NA,NA,NA,NA,NA,NA,NA,NA,NA,NA,NA,NA,NA,NA,NA,NA,NA,NA,NA,NA,NA,NA,NA,NA,"1",NA,45.0100070112413,-93.0591695806497,NA,NA,NA,NA,NA,NA,FALSE,FALSE
"Ramsey County Parks and Recreation","alexis.lipstein@co.ramsey.mn.us","62001000","2024-06-26","3","2025-02-11 12:06:07.147129","Unnamed hardworking surveyor(s)","27","2","4.92",NA,NA,NA,"1",NA,NA,NA,NA,NA,NA,NA,NA,NA,NA,NA,NA,NA,"1",NA,NA,NA,"1",NA,NA,NA,NA,NA,NA,NA,NA,45.0100073382102,-93.0585350759057,NA,NA,NA,NA,NA,NA,FALSE,FALSE
"Ramsey County Parks and Recreation","alexis.lipstein@co.ramsey.mn.us","62001000","2024-06-26","3","2025-02-11 12:06:07.147129","Unnamed hardworking surveyor(s)","28","3","3.61",NA,NA,NA,"1","1",NA,NA,NA,NA,NA,NA,NA,NA,NA,NA,NA,NA,"1",NA,NA,NA,"2",NA,NA,NA,NA,NA,NA,"2",NA,45.010007661654,-93.057900571151,NA,NA,NA,NA,NA,NA,FALSE,FALSE
"Ramsey County Parks and Recreation","alexis.lipstein@co.ramsey.mn.us","62001000","2024-06-26","3","2025-02-11 12:06:07.147129","Unnamed hardworking surveyor(s)","29",NA,"1.64",NA,NA,NA,NA,NA,NA,NA,NA,NA,NA,NA,NA,NA,NA,NA,NA,NA,"1",NA,NA,NA,"1",NA,NA,NA,NA,NA,NA,NA,NA,45.0095611925808,-93.0642474197701,NA,NA,NA,NA,NA,NA,FALSE,FALSE
"Ramsey County Parks and Recreation","alexis.lipstein@co.ramsey.mn.us","62001000","2024-06-26","3","2025-02-11 12:06:07.147129","Unnamed hardworking surveyor(s)","30","1","3.94",NA,NA,NA,"1",NA,NA,NA,NA,NA,NA,NA,NA,NA,NA,NA,NA,NA,"1",NA,NA,NA,NA,NA,NA,"1",NA,NA,NA,"1",NA,45.0095611052436,-93.0636106226282,NA,NA,NA,NA,NA,"1",FALSE,FALSE
"Ramsey County Parks and Recreation","alexis.lipstein@co.ramsey.mn.us","62001000","2024-06-26","3","2025-02-11 12:06:07.147129","Unnamed hardworking surveyor(s)","31","1","5.25",NA,NA,NA,"1",NA,NA,NA,NA,NA,NA,NA,NA,NA,NA,NA,NA,NA,"1",NA,NA,NA,NA,NA,NA,NA,NA,NA,NA,"1",NA,45.0095610139894,-93.0629761223744,NA,NA,NA,NA,NA,"1",FALSE,FALSE
"Ramsey County Parks and Recreation","alexis.lipstein@co.ramsey.mn.us","62001000","2024-06-26","3","2025-02-11 12:06:07.147129","Unnamed hardworking surveyor(s)","32",NA,"7.55",NA,NA,NA,"1",NA,NA,NA,NA,NA,NA,NA,NA,NA,NA,NA,NA,NA,"1",NA,NA,NA,NA,NA,NA,NA,NA,NA,NA,NA,NA,45.0095609199824,-93.0623402071843,NA,NA,NA,NA,NA,"1",FALSE,FALSE
"Ramsey County Parks and Recreation","alexis.lipstein@co.ramsey.mn.us","62001000","2024-06-26","3","2025-02-11 12:06:07.147129","Unnamed hardworking surveyor(s)","33",NA,"8.86",NA,NA,NA,NA,NA,NA,NA,NA,NA,NA,NA,NA,NA,NA,NA,NA,NA,NA,NA,NA,NA,NA,NA,NA,NA,NA,NA,NA,NA,NA,45.0095608207165,-93.0617008073158,NA,NA,NA,NA,NA,"2",FALSE,FALSE
"Ramsey County Parks and Recreation","alexis.lipstein@co.ramsey.mn.us","62001000","2024-06-26","3","2025-02-11 12:06:07.147129","Unnamed hardworking surveyor(s)","34",NA,"8.2",NA,NA,NA,NA,NA,NA,NA,NA,NA,NA,NA,NA,NA,NA,NA,NA,NA,"1",NA,NA,NA,NA,NA,NA,NA,NA,NA,NA,NA,NA,45.0095607197521,-93.0610663070579,NA,NA,NA,NA,NA,NA,FALSE,FALSE
"Ramsey County Parks and Recreation","alexis.lipstein@co.ramsey.mn.us","62001000","2024-06-26","3","2025-02-11 12:06:07.147129","Unnamed hardworking surveyor(s)","35","1","7.22",NA,NA,NA,"1",NA,NA,NA,NA,NA,NA,NA,NA,NA,NA,NA,NA,NA,"1",NA,NA,NA,"1",NA,NA,NA,NA,NA,NA,"1",NA,45.0095606155219,-93.0604381213442,NA,NA,NA,NA,NA,NA,FALSE,FALSE
"Ramsey County Parks and Recreation","alexis.lipstein@co.ramsey.mn.us","62001000","2024-06-26","3","2025-02-11 12:06:07.147129","Unnamed hardworking surveyor(s)","36","1","6.56",NA,NA,NA,"1",NA,NA,NA,NA,NA,NA,NA,NA,NA,NA,NA,NA,NA,"1",NA,NA,NA,"1",NA,NA,NA,NA,NA,NA,"1",NA,45.0095605066421,-93.0598036210825,NA,NA,NA,NA,NA,"2",FALSE,FALSE
"Ramsey County Parks and Recreation","alexis.lipstein@co.ramsey.mn.us","62001000","2024-06-26","3","2025-02-11 12:06:07.147129","Unnamed hardworking surveyor(s)","37","1","4.27",NA,NA,NA,"1",NA,NA,NA,NA,NA,NA,NA,NA,NA,NA,NA,NA,NA,"1",NA,NA,NA,NA,NA,NA,NA,NA,NA,NA,NA,NA,45.0095603951375,-93.0591691208205,NA,NA,NA,NA,NA,NA,FALSE,FALSE
"Ramsey County Parks and Recreation","alexis.lipstein@co.ramsey.mn.us","62001000","2024-06-26","3","2025-02-11 12:06:07.147129","Unnamed hardworking surveyor(s)","38","1","2.62",NA,NA,NA,"1","1",NA,NA,NA,NA,NA,NA,NA,NA,NA,NA,NA,NA,"1",NA,NA,NA,"1",NA,NA,NA,NA,NA,NA,"1",NA,45.0095602792075,-93.0585346205564,NA,NA,NA,NA,NA,NA,FALSE,FALSE
"Ramsey County Parks and Recreation","alexis.lipstein@co.ramsey.mn.us","62001000","2024-06-26","3","2025-02-11 12:06:07.147129","Unnamed hardworking surveyor(s)","39","2","2.95","v",NA,NA,"1","3",NA,NA,NA,NA,NA,NA,NA,NA,NA,NA,NA,NA,"2",NA,NA,NA,"2",NA,NA,NA,NA,NA,NA,"1",NA,45.0095601606526,-93.0579001202923,NA,NA,NA,NA,NA,NA,FALSE,FALSE
"Ramsey County Parks and Recreation","alexis.lipstein@co.ramsey.mn.us","62001000","2024-06-26","3","2025-02-11 12:06:07.147129","Unnamed hardworking surveyor(s)","40",NA,"2.62",NA,NA,NA,"1",NA,NA,NA,NA,NA,NA,NA,NA,NA,NA,NA,NA,NA,"1",NA,NA,NA,NA,NA,NA,NA,NA,NA,NA,NA,NA,45.0091051073543,-93.0636101179096,NA,NA,NA,NA,NA,"1",FALSE,FALSE
"Ramsey County Parks and Recreation","alexis.lipstein@co.ramsey.mn.us","62001000","2024-06-26","3","2025-02-11 12:06:07.147129","Unnamed hardworking surveyor(s)","41","2","6.56",NA,NA,NA,NA,NA,NA,NA,NA,NA,NA,NA,NA,NA,NA,NA,NA,NA,"1",NA,NA,NA,NA,NA,NA,NA,NA,NA,NA,NA,NA,45.0091054589884,-93.0629756231756,NA,NA,NA,NA,NA,"3",FALSE,FALSE
"Ramsey County Parks and Recreation","alexis.lipstein@co.ramsey.mn.us","62001000","2024-06-26","3","2025-02-11 12:06:07.147129","Unnamed hardworking surveyor(s)","42",NA,"7.22",NA,NA,NA,NA,NA,NA,NA,NA,NA,NA,NA,NA,NA,NA,NA,NA,NA,"1",NA,NA,NA,NA,NA,NA,NA,NA,NA,NA,NA,NA,45.0091058080588,-93.0623393670726,NA,NA,NA,NA,NA,"3",FALSE,FALSE
"Ramsey County Parks and Recreation","alexis.lipstein@co.ramsey.mn.us","62001000","2024-06-26","3","2025-02-11 12:06:07.147129","Unnamed hardworking surveyor(s)","43",NA,"8.2",NA,NA,NA,NA,NA,NA,NA,NA,NA,NA,NA,NA,NA,NA,NA,NA,NA,NA,NA,NA,NA,NA,NA,NA,NA,NA,NA,NA,NA,NA,45.0091061550929,-93.0617003191811,NA,NA,NA,NA,NA,"3",FALSE,FALSE
"Ramsey County Parks and Recreation","alexis.lipstein@co.ramsey.mn.us","62001000","2024-06-26","3","2025-02-11 12:06:07.147129","Unnamed hardworking surveyor(s)","44","1","5.91",NA,NA,NA,"1",NA,NA,NA,NA,NA,NA,NA,NA,NA,NA,NA,NA,NA,NA,NA,NA,NA,"1",NA,NA,NA,NA,NA,NA,"1",NA,45.0091064961167,-93.0610658244125,NA,NA,NA,NA,NA,NA,FALSE,FALSE
"Ramsey County Parks and Recreation","alexis.lipstein@co.ramsey.mn.us","62001000","2024-06-26","3","2025-02-11 12:06:07.147129","Unnamed hardworking surveyor(s)","45","1","4.92",NA,NA,NA,"1",NA,NA,NA,NA,NA,NA,NA,NA,NA,NA,NA,NA,NA,"1",NA,NA,NA,NA,NA,NA,NA,NA,NA,NA,"1",NA,45.009106830274,-93.0604376441248,NA,NA,NA,NA,NA,NA,FALSE,FALSE
"Ramsey County Parks and Recreation","alexis.lipstein@co.ramsey.mn.us","62001000","2024-06-26","3","2025-02-11 12:06:07.147129","Unnamed hardworking surveyor(s)","46",NA,"3.94",NA,NA,NA,"1",NA,NA,NA,NA,NA,NA,NA,NA,NA,NA,NA,NA,NA,NA,NA,NA,NA,"1",NA,NA,NA,NA,NA,NA,"1",NA,45.0091071642829,-93.059803149334,NA,NA,NA,NA,NA,"3",FALSE,FALSE
"Ramsey County Parks and Recreation","alexis.lipstein@co.ramsey.mn.us","62001000","2024-06-26","3","2025-02-11 12:06:07.147129","Unnamed hardworking surveyor(s)","47","1","2.62",NA,NA,NA,"1","1",NA,NA,NA,NA,NA,NA,NA,NA,"1",NA,NA,NA,"1",NA,NA,NA,"1",NA,NA,NA,NA,NA,NA,"1",NA,45.0091074947667,-93.0591686545321,NA,NA,NA,NA,NA,NA,FALSE,FALSE
"Ramsey County Parks and Recreation","alexis.lipstein@co.ramsey.mn.us","62001000","2024-06-26","3","2025-02-11 12:06:07.147129","Unnamed hardworking surveyor(s)","48","3","1.64",NA,NA,NA,"2","2",NA,NA,NA,NA,NA,NA,NA,NA,NA,NA,NA,NA,"1",NA,NA,NA,"1",NA,NA,NA,NA,NA,NA,"1",NA,45.0091078217254,-93.0585341597194,NA,NA,NA,NA,NA,NA,FALSE,FALSE
"Ramsey County Parks and Recreation","alexis.lipstein@co.ramsey.mn.us","62001000","2024-06-26","3","2025-02-11 12:06:07.147129","Unnamed hardworking surveyor(s)","49","2","1.31","1",NA,NA,"1","1",NA,NA,NA,"1",NA,NA,NA,NA,NA,NA,NA,NA,"1",NA,NA,NA,"3","1",NA,NA,NA,NA,NA,"1",NA,45.0091081451591,-93.0578996648959,NA,NA,NA,NA,NA,NA,FALSE,FALSE
"Ramsey County Parks and Recreation","alexis.lipstein@co.ramsey.mn.us","62001000","2024-06-26","3","2025-02-11 12:06:07.147129","Unnamed hardworking surveyor(s)","50",NA,"1.31",NA,NA,NA,"1",NA,NA,NA,NA,NA,NA,NA,NA,NA,NA,NA,NA,NA,"1",NA,NA,NA,"1",NA,NA,NA,NA,NA,NA,NA,NA,45.0086550119794,-93.0636096197361,NA,NA,NA,NA,NA,NA,FALSE,FALSE
"Ramsey County Parks and Recreation","alexis.lipstein@co.ramsey.mn.us","62001000","2024-06-26","3","2025-02-11 12:06:07.147129","Unnamed hardworking surveyor(s)","51",NA,"2.62",NA,NA,NA,NA,NA,NA,NA,NA,NA,NA,NA,NA,NA,NA,NA,NA,NA,"1",NA,NA,NA,NA,NA,NA,NA,NA,NA,NA,NA,NA,45.008655363608,-93.0629751299712,NA,NA,NA,NA,NA,NA,FALSE,FALSE
"Ramsey County Parks and Recreation","alexis.lipstein@co.ramsey.mn.us","62001000","2024-06-26","3","2025-02-11 12:06:07.147129","Unnamed hardworking surveyor(s)","52",NA,"8.2",NA,NA,NA,NA,NA,NA,NA,NA,NA,NA,NA,NA,NA,NA,NA,NA,NA,"1",NA,NA,NA,NA,"1",NA,NA,NA,NA,NA,NA,NA,45.0086557128607,-93.0623385349577,NA,NA,NA,NA,NA,"1",FALSE,FALSE
"Ramsey County Parks and Recreation","alexis.lipstein@co.ramsey.mn.us","62001000","2024-06-26","3","2025-02-11 12:06:07.147129","Unnamed hardworking surveyor(s)","53",NA,"8.2",NA,NA,NA,NA,NA,NA,NA,NA,NA,NA,NA,NA,NA,NA,NA,NA,NA,NA,NA,NA,NA,NA,NA,NA,NA,NA,NA,NA,NA,NA,45.0086560597016,-93.0616998359644,NA,NA,NA,NA,NA,"1",FALSE,FALSE
"Ramsey County Parks and Recreation","alexis.lipstein@co.ramsey.mn.us","62001000","2024-06-26","3","2025-02-11 12:06:07.147129","Unnamed hardworking surveyor(s)","54",NA,"6.56",NA,NA,NA,"1",NA,NA,NA,NA,NA,NA,NA,NA,NA,NA,NA,NA,NA,"1",NA,NA,NA,"1",NA,NA,NA,NA,NA,NA,NA,NA,45.0086564007201,-93.061065346165,NA,NA,NA,NA,NA,"1",FALSE,FALSE
"Ramsey County Parks and Recreation","alexis.lipstein@co.ramsey.mn.us","62001000","2024-06-26","3","2025-02-11 12:06:07.147129","Unnamed hardworking surveyor(s)","55","1","5.91",NA,NA,NA,NA,NA,NA,NA,NA,NA,NA,NA,NA,NA,NA,NA,NA,NA,NA,NA,NA,NA,"1",NA,NA,NA,NA,NA,NA,NA,NA,45.0086567348723,-93.060437170797,NA,NA,NA,NA,NA,NA,FALSE,FALSE
"Ramsey County Parks and Recreation","alexis.lipstein@co.ramsey.mn.us","62001000","2024-06-26","3","2025-02-11 12:06:07.147129","Unnamed hardworking surveyor(s)","56","1","1.64",NA,NA,NA,"1","1",NA,NA,NA,NA,NA,NA,NA,NA,NA,NA,NA,NA,NA,NA,NA,NA,"1",NA,NA,NA,NA,NA,NA,NA,NA,45.0086570688759,-93.0598026809753,NA,NA,NA,NA,NA,"3",FALSE,FALSE
"Ramsey County Parks and Recreation","alexis.lipstein@co.ramsey.mn.us","62001000","2024-06-26","3","2025-02-11 12:06:07.147129","Unnamed hardworking surveyor(s)","57","1","1.64",NA,NA,NA,"1","1",NA,NA,NA,NA,NA,NA,NA,NA,NA,NA,NA,NA,"1",NA,NA,NA,NA,NA,NA,NA,NA,NA,NA,NA,NA,45.0086573993545,-93.0591681911426,NA,NA,NA,NA,NA,NA,FALSE,FALSE
"Ramsey County Parks and Recreation","alexis.lipstein@co.ramsey.mn.us","62001000","2024-06-26","3","2025-02-11 12:06:07.147129","Unnamed hardworking surveyor(s)","58","1","1.64",NA,NA,NA,"1",NA,NA,NA,NA,NA,NA,NA,NA,NA,NA,NA,NA,NA,"1",NA,NA,NA,"1",NA,NA,NA,NA,NA,NA,"1",NA,45.008205268192,-93.0629746367784,NA,NA,NA,NA,NA,NA,FALSE,FALSE
"Ramsey County Parks and Recreation","alexis.lipstein@co.ramsey.mn.us","62001000","2024-06-26","3","2025-02-11 12:06:07.147129","Unnamed hardworking surveyor(s)","59",NA,"6.56",NA,NA,NA,NA,NA,NA,NA,NA,NA,NA,NA,NA,NA,NA,NA,NA,NA,"1",NA,NA,NA,NA,NA,NA,NA,NA,NA,NA,NA,NA,45.0082056176262,-93.0623377041286,NA,NA,NA,NA,NA,"1",FALSE,FALSE
"Ramsey County Parks and Recreation","alexis.lipstein@co.ramsey.mn.us","62001000","2024-06-26","3","2025-02-11 12:06:07.147129","Unnamed hardworking surveyor(s)","60","1","7.22",NA,NA,NA,NA,NA,NA,NA,NA,NA,NA,NA,NA,NA,NA,NA,NA,NA,NA,NA,NA,NA,NA,NA,NA,NA,NA,NA,NA,NA,NA,45.0082059642747,-93.0616993527591,NA,NA,NA,NA,NA,"2",FALSE,FALSE
"Ramsey County Parks and Recreation","alexis.lipstein@co.ramsey.mn.us","62001000","2024-06-26","3","2025-02-11 12:06:07.147129","Unnamed hardworking surveyor(s)","61","1","7.22",NA,NA,NA,NA,NA,NA,NA,NA,NA,NA,NA,NA,NA,NA,NA,NA,NA,NA,NA,NA,NA,NA,NA,NA,NA,NA,NA,NA,NA,NA,45.0082063052879,-93.0610648679287,NA,NA,NA,NA,NA,"3",FALSE,FALSE
"Ramsey County Parks and Recreation","alexis.lipstein@co.ramsey.mn.us","62001000","2024-06-26","3","2025-02-11 12:06:07.147129","Unnamed hardworking surveyor(s)","62","1","4.92",NA,NA,NA,"1",NA,NA,NA,NA,NA,NA,NA,NA,NA,NA,NA,NA,NA,"1",NA,NA,NA,NA,NA,NA,NA,NA,NA,NA,"1",NA,45.0082066394349,-93.0604366974803,NA,NA,NA,NA,NA,"2",FALSE,FALSE
"Ramsey County Parks and Recreation","alexis.lipstein@co.ramsey.mn.us","62001000","2024-06-26","3","2025-02-11 12:06:07.147129","Unnamed hardworking surveyor(s)","63","1","1.31",NA,NA,NA,"1",NA,NA,NA,NA,NA,NA,NA,NA,NA,NA,NA,NA,NA,"1",NA,NA,NA,"1",NA,NA,NA,NA,NA,NA,"1",NA,45.0082069734333,-93.0598022126277,NA,NA,NA,NA,NA,"3",FALSE,FALSE
"Ramsey County Parks and Recreation","alexis.lipstein@co.ramsey.mn.us","62001000","2024-06-26","3","2025-02-11 12:06:07.147129","Unnamed hardworking surveyor(s)","64",NA,"1.31",NA,NA,NA,"1",NA,NA,NA,NA,NA,NA,NA,NA,NA,NA,NA,NA,NA,"2",NA,NA,NA,"1",NA,NA,NA,NA,NA,NA,NA,NA,45.0077612265244,-93.0629741502304,NA,NA,NA,NA,NA,"1",FALSE,FALSE
"Ramsey County Parks and Recreation","alexis.lipstein@co.ramsey.mn.us","62001000","2024-06-26","3","2025-02-11 12:06:07.147129","Unnamed hardworking surveyor(s)","65",NA,"5.91",NA,NA,NA,NA,NA,NA,NA,NA,NA,NA,NA,NA,NA,NA,NA,NA,NA,"1",NA,NA,NA,NA,NA,NA,NA,NA,NA,NA,NA,NA,45.007761080133,-93.0623368831513,NA,NA,NA,NA,NA,NA,FALSE,FALSE
"Ramsey County Parks and Recreation","alexis.lipstein@co.ramsey.mn.us","62001000","2024-06-26","3","2025-02-11 12:06:07.147129","Unnamed hardworking surveyor(s)","66","1","8.2",NA,NA,NA,NA,NA,NA,NA,NA,NA,NA,NA,NA,NA,NA,NA,NA,NA,"2",NA,NA,NA,NA,NA,NA,NA,"1",NA,NA,NA,NA,45.0077609296858,-93.0616988749982,NA,NA,NA,NA,NA,NA,FALSE,FALSE
"Ramsey County Parks and Recreation","alexis.lipstein@co.ramsey.mn.us","62001000","2024-06-26","3","2025-02-11 12:06:07.147129","Unnamed hardworking surveyor(s)","67",NA,"6.56",NA,NA,NA,NA,NA,NA,NA,NA,NA,NA,NA,NA,NA,NA,NA,NA,NA,"1",NA,NA,NA,NA,NA,NA,NA,NA,NA,NA,NA,NA,45.0077607773891,-93.0610643945567,NA,NA,NA,NA,NA,NA,FALSE,FALSE
"Ramsey County Parks and Recreation","alexis.lipstein@co.ramsey.mn.us","62001000","2024-06-26","3","2025-02-11 12:06:07.147129","Unnamed hardworking surveyor(s)","68",NA,"1.31",NA,NA,NA,"1","2",NA,NA,NA,NA,NA,NA,NA,NA,NA,NA,NA,NA,NA,NA,NA,NA,NA,NA,NA,"1",NA,NA,NA,NA,NA,45.007760621827,-93.0604362284628,NA,NA,NA,NA,NA,"2",FALSE,FALSE
"Ramsey County Parks and Recreation","alexis.lipstein@co.ramsey.mn.us","62001000","2024-06-26","3","2025-02-11 12:06:07.147129","Unnamed hardworking surveyor(s)","69",NA,"1.31",NA,NA,NA,NA,"3",NA,NA,NA,NA,NA,NA,NA,NA,NA,NA,NA,NA,NA,NA,NA,NA,"3",NA,NA,NA,NA,NA,NA,NA,NA,45.0077601324178,-93.0585327871356,NA,NA,NA,NA,NA,NA,FALSE,FALSE
"Ramsey County Parks and Recreation","alexis.lipstein@co.ramsey.mn.us","62001000","2024-06-26","3","2025-02-11 12:06:07.147129","Unnamed hardworking surveyor(s)","70",NA,"1.31",NA,NA,NA,"1",NA,NA,NA,NA,NA,NA,NA,NA,NA,NA,NA,NA,NA,NA,NA,NA,NA,NA,NA,NA,NA,NA,NA,NA,NA,NA,45.0073054270511,-93.062336041252,NA,NA,NA,NA,NA,"3",FALSE,FALSE
"Ramsey County Parks and Recreation","alexis.lipstein@co.ramsey.mn.us","62001000","2024-06-26","3","2025-02-11 12:06:07.147129","Unnamed hardworking surveyor(s)","71",NA,"5.91",NA,NA,NA,NA,NA,NA,NA,NA,NA,NA,NA,NA,NA,NA,NA,NA,NA,"2",NA,NA,NA,NA,NA,NA,NA,NA,NA,NA,NA,NA,45.0073057733141,-93.0616983863826,NA,NA,NA,NA,NA,NA,FALSE,FALSE
"Ramsey County Parks and Recreation","alexis.lipstein@co.ramsey.mn.us","62001000","2024-06-26","3","2025-02-11 12:06:07.147129","Unnamed hardworking surveyor(s)","72",NA,"2.62",NA,NA,NA,NA,NA,NA,NA,NA,NA,NA,NA,NA,NA,NA,NA,NA,NA,"1",NA,NA,NA,NA,NA,NA,NA,NA,NA,NA,NA,NA,45.0073061143166,-93.0610639114899,NA,NA,NA,NA,NA,NA,FALSE,FALSE
"Ramsey County Parks and Recreation","alexis.lipstein@co.ramsey.mn.us","62001000","2024-06-26","3","2025-02-11 12:06:07.147129","Unnamed hardworking surveyor(s)","73",NA,"1.31",NA,NA,NA,"1",NA,NA,NA,NA,"1",NA,NA,NA,NA,NA,NA,NA,NA,"1",NA,NA,NA,"1",NA,NA,NA,NA,NA,NA,"1",NA,45.0073064484531,-93.0604357508803,NA,NA,NA,NA,NA,"3",FALSE,FALSE
"Ramsey County Parks and Recreation","alexis.lipstein@co.ramsey.mn.us","62001000","2024-06-26","3","2025-02-11 12:06:07.147129","Unnamed hardworking surveyor(s)","74",NA,"1.31",NA,NA,NA,NA,"3",NA,NA,NA,NA,NA,NA,NA,NA,NA,NA,NA,NA,NA,NA,NA,NA,"3",NA,NA,NA,NA,NA,NA,NA,NA,45.0073071129043,-93.0591668010395,NA,NA,NA,NA,NA,NA,FALSE,FALSE
"Ramsey County Parks and Recreation","alexis.lipstein@co.ramsey.mn.us","62001000","2024-06-26","3","2025-02-11 12:06:07.147129","Unnamed hardworking surveyor(s)","75",NA,"1.64",NA,NA,NA,NA,NA,NA,NA,NA,NA,NA,NA,NA,NA,NA,NA,NA,NA,"1",NA,NA,NA,NA,NA,NA,NA,NA,NA,NA,NA,NA,45.0068470283506,-93.0623351951233,NA,NA,NA,NA,NA,NA,FALSE,FALSE
"Ramsey County Parks and Recreation","alexis.lipstein@co.ramsey.mn.us","62001000","2024-06-26","3","2025-02-11 12:06:07.147129","Unnamed hardworking surveyor(s)","76","1","6.56",NA,NA,NA,NA,NA,NA,NA,NA,NA,NA,NA,NA,NA,NA,NA,NA,NA,"1",NA,NA,NA,NA,NA,NA,NA,NA,NA,NA,NA,NA,45.0068480765667,-93.0616978950517,NA,NA,NA,NA,NA,NA,FALSE,FALSE
"Ramsey County Parks and Recreation","alexis.lipstein@co.ramsey.mn.us","62001000","2024-06-26","3","2025-02-11 12:06:07.147129","Unnamed hardworking surveyor(s)","77","1","4.92",NA,NA,NA,NA,NA,NA,NA,NA,NA,NA,NA,NA,NA,NA,NA,NA,NA,"1",NA,NA,NA,NA,"1",NA,NA,NA,NA,NA,NA,NA,45.0068491170123,-93.0610634259547,NA,NA,NA,NA,NA,NA,FALSE,FALSE
"Ramsey County Parks and Recreation","alexis.lipstein@co.ramsey.mn.us","62001000","2024-06-26","3","2025-02-11 12:06:07.147129","Unnamed hardworking surveyor(s)","78","2","2.62",NA,NA,NA,"1",NA,NA,NA,NA,NA,NA,NA,NA,NA,"1",NA,NA,NA,NA,NA,NA,NA,"1",NA,NA,NA,NA,NA,NA,"1",NA,45.0068501433905,-93.0604352710677,NA,NA,NA,NA,NA,"1",FALSE,FALSE
"Ramsey County Parks and Recreation","alexis.lipstein@co.ramsey.mn.us","62001000","2024-06-26","3","2025-02-11 12:06:07.147129","Unnamed hardworking surveyor(s)","79",NA,"1.31",NA,NA,NA,"1","2",NA,NA,NA,NA,NA,NA,NA,NA,NA,NA,NA,NA,"1",NA,NA,NA,"1","1",NA,NA,NA,NA,NA,"1",NA,45.0068511768217,-93.0598008019177,NA,NA,NA,NA,NA,NA,FALSE,FALSE
"Ramsey County Parks and Recreation","alexis.lipstein@co.ramsey.mn.us","62001000","2024-06-26","3","2025-02-11 12:06:07.147129","Unnamed hardworking surveyor(s)","80","2","1.31",NA,NA,NA,"1","2",NA,NA,NA,NA,NA,NA,NA,NA,NA,NA,NA,NA,"1",NA,NA,NA,"1",NA,NA,NA,NA,NA,NA,"1",NA,45.0068522058279,-93.0591663327404,NA,NA,NA,NA,NA,NA,FALSE,FALSE
"Ramsey County Parks and Recreation","alexis.lipstein@co.ramsey.mn.us","62001000","2024-06-26","3","2025-02-11 12:06:07.147129","Unnamed hardworking surveyor(s)","81",NA,"2.62",NA,NA,NA,NA,NA,NA,NA,NA,NA,NA,NA,NA,NA,NA,NA,NA,NA,"1",NA,NA,NA,NA,"1",NA,NA,NA,NA,NA,NA,NA,45.0064052363328,-93.0623343797118,NA,NA,NA,NA,NA,"1",FALSE,FALSE
"Ramsey County Parks and Recreation","alexis.lipstein@co.ramsey.mn.us","62001000","2024-06-26","3","2025-02-11 12:06:07.147129","Unnamed hardworking surveyor(s)","82",NA,"5.91",NA,NA,NA,NA,NA,NA,NA,NA,NA,NA,NA,NA,NA,NA,NA,NA,NA,"1",NA,NA,NA,NA,NA,NA,NA,NA,NA,NA,NA,NA,45.006405582211,-93.0616974200516,NA,NA,NA,NA,NA,NA,FALSE,FALSE
"Ramsey County Parks and Recreation","alexis.lipstein@co.ramsey.mn.us","62001000","2024-06-26","3","2025-02-11 12:06:07.147129","Unnamed hardworking surveyor(s)","83","1","5.25",NA,NA,NA,"1",NA,NA,NA,NA,NA,NA,NA,NA,NA,NA,NA,NA,NA,"1",NA,NA,NA,NA,NA,NA,NA,NA,NA,NA,NA,NA,45.0064059232029,-93.0610629550961,NA,NA,NA,NA,NA,NA,FALSE,FALSE
"Ramsey County Parks and Recreation","alexis.lipstein@co.ramsey.mn.us","62001000","2024-06-26","3","2025-02-11 12:06:07.147129","Unnamed hardworking surveyor(s)","84","1","1.64",NA,NA,NA,NA,NA,NA,NA,NA,NA,NA,NA,NA,NA,NA,NA,NA,NA,"1",NA,NA,NA,NA,NA,NA,NA,NA,NA,NA,NA,NA,45.0064062573289,-93.0604348043249,NA,NA,NA,NA,NA,NA,FALSE,FALSE
"Ramsey County Parks and Recreation","alexis.lipstein@co.ramsey.mn.us","62001000","2024-06-26","3","2025-02-11 12:06:07.147129","Unnamed hardworking surveyor(s)","85","1","2.62",NA,NA,NA,"1",NA,NA,NA,NA,NA,NA,NA,NA,NA,NA,NA,NA,NA,"1",NA,NA,NA,NA,NA,NA,NA,NA,NA,NA,NA,NA,45.0064065913065,-93.0598003393472,NA,NA,NA,NA,NA,NA,FALSE,FALSE
"Ramsey County Parks and Recreation","alexis.lipstein@co.ramsey.mn.us","62001000","2024-06-26","3","2025-02-11 12:06:07.147129","Unnamed hardworking surveyor(s)","86",NA,"2.62",NA,NA,NA,NA,NA,NA,NA,NA,NA,NA,NA,NA,NA,NA,NA,NA,NA,"1",NA,NA,NA,NA,NA,NA,NA,NA,NA,NA,NA,NA,45.0059551409208,-93.062333547698,NA,NA,NA,NA,NA,NA,FALSE,FALSE
"Ramsey County Parks and Recreation","alexis.lipstein@co.ramsey.mn.us","62001000","2024-06-26","3","2025-02-11 12:06:07.147129","Unnamed hardworking surveyor(s)","87",NA,"5.25",NA,NA,NA,"1",NA,NA,NA,NA,NA,NA,NA,NA,NA,NA,NA,NA,NA,"1",NA,NA,NA,NA,NA,NA,NA,NA,NA,NA,NA,NA,45.0059554866059,-93.0616969369031,NA,NA,NA,NA,NA,NA,FALSE,FALSE
"Ramsey County Parks and Recreation","alexis.lipstein@co.ramsey.mn.us","62001000","2024-06-26","3","2025-02-11 12:06:07.147129","Unnamed hardworking surveyor(s)","88","1","4.59",NA,NA,NA,"1",NA,NA,NA,NA,NA,NA,NA,NA,NA,NA,NA,NA,NA,"1",NA,NA,NA,NA,NA,NA,NA,NA,NA,NA,NA,NA,45.0059558275925,-93.0610624769161,NA,NA,NA,NA,NA,"2",FALSE,FALSE
"Ramsey County Parks and Recreation","alexis.lipstein@co.ramsey.mn.us","62001000","2024-06-26","3","2025-02-11 12:06:07.147129","Unnamed hardworking surveyor(s)","89",NA,"1.64",NA,NA,NA,"1","1",NA,NA,NA,NA,NA,NA,NA,NA,NA,NA,NA,NA,"1",NA,NA,NA,"1",NA,NA,NA,NA,NA,NA,"1",NA,45.0059561617134,-93.0604343310638,NA,NA,NA,NA,NA,NA,FALSE,FALSE
"Ramsey County Parks and Recreation","alexis.lipstein@co.ramsey.mn.us","62001000","2024-06-26","3","2025-02-11 12:06:07.147129","Unnamed hardworking surveyor(s)","90","1","1.31",NA,NA,NA,"1",NA,NA,NA,NA,NA,NA,NA,NA,NA,"1",NA,NA,NA,"1",NA,NA,NA,NA,NA,NA,NA,"1",NA,NA,NA,NA,45.0059564956857,-93.0597998710546,NA,NA,NA,NA,NA,"3",FALSE,FALSE
"Ramsey County Parks and Recreation","alexis.lipstein@co.ramsey.mn.us","62001000","2024-06-26","3","2025-02-11 12:06:07.147129","Unnamed hardworking surveyor(s)","91",NA,"1.31",NA,NA,NA,NA,NA,NA,NA,NA,NA,NA,NA,NA,NA,NA,NA,NA,NA,NA,NA,NA,NA,NA,NA,NA,NA,NA,NA,NA,NA,NA,45.0055046949477,-93.0629716778651,NA,NA,NA,NA,NA,NA,FALSE,FALSE
"Ramsey County Parks and Recreation","alexis.lipstein@co.ramsey.mn.us","62001000","2024-06-26","3","2025-02-11 12:06:07.147129","Unnamed hardworking surveyor(s)","92","1","3.94",NA,NA,NA,NA,NA,NA,NA,NA,NA,NA,NA,NA,NA,NA,NA,NA,NA,NA,NA,NA,NA,NA,NA,NA,NA,NA,NA,NA,NA,NA,45.0055050454726,-93.06233271697,NA,NA,NA,NA,NA,NA,FALSE,FALSE
"Ramsey County Parks and Recreation","alexis.lipstein@co.ramsey.mn.us","62001000","2024-06-26","3","2025-02-11 12:06:07.147129","Unnamed hardworking surveyor(s)","93",NA,"4.92",NA,NA,NA,NA,NA,NA,NA,NA,NA,NA,NA,NA,NA,NA,NA,NA,NA,NA,NA,NA,NA,NA,NA,NA,NA,NA,NA,NA,NA,NA,45.0055053909653,-93.061696453766,NA,NA,NA,NA,NA,"1",FALSE,FALSE
"Ramsey County Parks and Recreation","alexis.lipstein@co.ramsey.mn.us","62001000","2024-06-26","3","2025-02-11 12:06:07.147129","Unnamed hardworking surveyor(s)","94","3","2.62",NA,NA,NA,NA,NA,NA,NA,NA,NA,NA,NA,NA,NA,NA,NA,NA,NA,"1",NA,NA,NA,NA,NA,NA,NA,NA,NA,NA,NA,NA,45.0055057319466,-93.0610619987473,NA,NA,NA,NA,NA,"1",FALSE,FALSE
"Ramsey County Parks and Recreation","alexis.lipstein@co.ramsey.mn.us","62001000","2024-06-26","3","2025-02-11 12:06:07.147129","Unnamed hardworking surveyor(s)","95","1","1.31",NA,NA,NA,"1","1",NA,NA,NA,NA,NA,NA,NA,NA,NA,NA,NA,NA,"1",NA,NA,NA,NA,"1",NA,NA,NA,NA,NA,NA,NA,45.0055060660622,-93.0604338578139,NA,NA,NA,NA,NA,"1",FALSE,FALSE
"Ramsey County Parks and Recreation","alexis.lipstein@co.ramsey.mn.us","62001000","2024-06-26","3","2025-02-11 12:06:07.147129","Unnamed hardworking surveyor(s)","96",NA,"3.94",NA,NA,NA,NA,NA,NA,NA,NA,NA,NA,NA,NA,NA,NA,NA,NA,NA,"1",NA,NA,NA,NA,NA,NA,NA,NA,NA,NA,NA,NA,45.0050545992823,-93.0629711847535,NA,NA,NA,NA,NA,NA,FALSE,FALSE
"Ramsey County Parks and Recreation","alexis.lipstein@co.ramsey.mn.us","62001000","2024-06-26","3","2025-02-11 12:06:07.147129","Unnamed hardworking surveyor(s)","97",NA,"4.92",NA,NA,NA,NA,NA,NA,NA,NA,NA,NA,NA,NA,NA,NA,NA,NA,NA,NA,NA,NA,NA,NA,NA,NA,NA,NA,NA,NA,NA,NA,45.0050549499894,-93.06233188499,NA,NA,NA,NA,NA,NA,FALSE,FALSE
"Ramsey County Parks and Recreation","alexis.lipstein@co.ramsey.mn.us","62001000","2024-06-26","3","2025-02-11 12:06:07.147129","Unnamed hardworking surveyor(s)","98",NA,"2.62",NA,NA,NA,"1",NA,NA,NA,NA,NA,NA,NA,NA,NA,NA,NA,NA,NA,"1",NA,NA,NA,NA,NA,NA,NA,NA,NA,NA,NA,NA,45.005055295289,-93.0616959706402,NA,NA,NA,NA,NA,"1",FALSE,FALSE
"Ramsey County Parks and Recreation","alexis.lipstein@co.ramsey.mn.us","62001000","2024-06-26","3","2025-02-11 12:06:07.147129","Unnamed hardworking surveyor(s)","99",NA,"1.31",NA,NA,NA,"1",NA,NA,NA,NA,NA,NA,NA,NA,NA,NA,NA,NA,NA,"1",NA,NA,NA,"1",NA,NA,NA,NA,NA,NA,"1",NA,45.005055636265,-93.0610615205898,NA,NA,NA,NA,NA,"1",FALSE,FALSE
"Ramsey County Parks and Recreation","alexis.lipstein@co.ramsey.mn.us","62001000","2024-06-26","3","2025-02-11 12:06:07.147129","Unnamed hardworking surveyor(s)","100","1","2.62",NA,NA,NA,NA,NA,NA,NA,NA,NA,NA,NA,NA,NA,NA,NA,NA,NA,"2",NA,NA,NA,NA,NA,NA,NA,NA,NA,NA,NA,NA,45.0046045035813,-93.0629706916535,NA,NA,NA,NA,NA,NA,FALSE,FALSE
"Ramsey County Parks and Recreation","alexis.lipstein@co.ramsey.mn.us","62001000","2024-06-26","3","2025-02-11 12:06:07.147129","Unnamed hardworking surveyor(s)","101",NA,"3.94",NA,NA,NA,"1",NA,NA,NA,NA,NA,NA,NA,NA,NA,NA,NA,NA,NA,"1",NA,NA,NA,NA,NA,NA,NA,NA,NA,NA,NA,NA,45.0046048544698,-93.0623310542957,NA,NA,NA,NA,NA,NA,FALSE,FALSE
"Ramsey County Parks and Recreation","alexis.lipstein@co.ramsey.mn.us","62001000","2024-06-26","3","2025-02-11 12:06:07.147129","Unnamed hardworking surveyor(s)","102","1","1.31",NA,NA,NA,"1","1",NA,NA,NA,NA,NA,NA,NA,NA,NA,NA,NA,NA,"1",NA,NA,NA,"1",NA,NA,NA,NA,NA,NA,"1",NA,45.0046051995771,-93.0616954875258,NA,NA,NA,NA,NA,NA,FALSE,FALSE
"Ramsey County Parks and Recreation","alexis.lipstein@co.ramsey.mn.us","62001000","2024-06-26","3","2025-02-11 12:06:07.147129","Unnamed hardworking surveyor(s)","103","1","2.62",NA,NA,NA,"1",NA,NA,NA,NA,NA,NA,NA,NA,NA,NA,NA,NA,NA,"1",NA,NA,NA,NA,NA,NA,NA,NA,NA,NA,NA,NA,45.0041600556461,-93.0629702047522,NA,NA,NA,NA,NA,NA,FALSE,FALSE
"Ramsey County Parks and Recreation","alexis.lipstein@co.ramsey.mn.us","62001000","2024-06-26","3","2025-02-11 12:06:07.147129","Unnamed hardworking surveyor(s)","104","1","3.28",NA,NA,NA,"1",NA,NA,NA,NA,NA,NA,NA,NA,NA,NA,NA,NA,NA,"2",NA,NA,NA,NA,NA,NA,NA,NA,NA,NA,NA,NA,45.0041599836242,-93.0623302330904,NA,NA,NA,NA,NA,NA,FALSE,FALSE
"Ramsey County Parks and Recreation","alexis.lipstein@co.ramsey.mn.us","62001000","2024-06-26","3","2025-02-11 12:06:07.147129","Unnamed hardworking surveyor(s)","105",NA,"1.31",NA,NA,NA,"1","2",NA,NA,NA,NA,NA,NA,NA,NA,NA,NA,NA,NA,"1",NA,NA,NA,"3",NA,NA,NA,NA,NA,NA,"1",NA,45.0041599081518,-93.0616950095794,NA,NA,NA,NA,NA,NA,FALSE,FALSE
"Ramsey County Parks and Recreation","alexis.lipstein@co.ramsey.mn.us","62001000","2024-06-26","3","2025-02-11 12:06:07.147129","Unnamed hardworking surveyor(s)","106","1","2.62","1",NA,NA,NA,NA,NA,NA,NA,NA,NA,NA,NA,NA,NA,NA,NA,NA,"3",NA,NA,NA,NA,NA,NA,NA,NA,NA,NA,NA,NA,45.0037043120723,-93.0629697054882,NA,NA,NA,NA,NA,NA,FALSE,FALSE
"Ramsey County Parks and Recreation","alexis.lipstein@co.ramsey.mn.us","62001000","2024-06-26","3","2025-02-11 12:06:07.147129","Unnamed hardworking surveyor(s)","107",NA,"3.28",NA,NA,NA,"1",NA,NA,NA,NA,NA,NA,NA,NA,NA,NA,NA,NA,NA,"1",NA,NA,NA,NA,NA,NA,NA,NA,NA,NA,NA,NA,45.0037046633246,-93.0623293916887,NA,NA,NA,NA,NA,NA,FALSE,FALSE
"Ramsey County Parks and Recreation","alexis.lipstein@co.ramsey.mn.us","62001000","2024-06-26","3","2025-02-11 12:06:07.147129","Unnamed hardworking surveyor(s)","108","1","1.31",NA,NA,NA,"1","3",NA,NA,NA,NA,NA,NA,NA,NA,NA,NA,NA,NA,"1",NA,NA,NA,"1",NA,NA,NA,NA,NA,NA,"1",NA,45.0037050080464,-93.0616945213311,NA,NA,NA,NA,NA,NA,FALSE,FALSE
"Ramsey County Parks and Recreation","alexis.lipstein@co.ramsey.mn.us","62001000","2024-06-26","3","2025-02-11 12:06:07.147129","Unnamed hardworking surveyor(s)","109","1","2.62",NA,NA,NA,NA,NA,NA,NA,NA,NA,NA,NA,NA,NA,NA,NA,NA,NA,"1",NA,NA,NA,NA,NA,NA,NA,NA,NA,NA,NA,NA,45.003275064703,-93.0629692352615,NA,NA,NA,NA,NA,NA,FALSE,FALSE
"Ramsey County Parks and Recreation","alexis.lipstein@co.ramsey.mn.us","62001000","2024-06-26","3","2025-02-11 12:06:07.147129","Unnamed hardworking surveyor(s)","110","1","1.64",NA,NA,NA,"1","1",NA,NA,NA,NA,NA,NA,NA,NA,NA,NA,NA,NA,"1",NA,NA,NA,NA,NA,NA,NA,NA,NA,NA,NA,NA,45.0032798432692,-93.0623286074844,NA,NA,NA,NA,NA,NA,FALSE,FALSE
"Ramsey County Parks and Recreation","alexis.lipstein@co.ramsey.mn.us","62001000","2024-06-26","3","2025-02-11 12:06:07.147129","Unnamed hardworking surveyor(s)","111","1","1.31",NA,NA,NA,"1","3",NA,NA,NA,NA,NA,NA,NA,NA,NA,NA,NA,NA,"1",NA,NA,NA,"3",NA,NA,NA,NA,NA,NA,"1",NA,45.0032845735432,-93.0616940700854,NA,NA,NA,NA,NA,NA,FALSE,FALSE
"Ramsey County Parks and Recreation","alexis.lipstein@co.ramsey.mn.us","62001000","2024-06-26","3","2025-02-11 12:06:07.147129","Unnamed hardworking surveyor(s)","112",NA,"1.31",NA,NA,NA,"1","2",NA,NA,NA,NA,NA,NA,NA,NA,NA,NA,NA,NA,NA,NA,NA,NA,"1",NA,NA,NA,NA,NA,NA,"1",NA,45.0028202117654,-93.0636031627394,NA,NA,NA,NA,NA,NA,FALSE,FALSE
"Ramsey County Parks and Recreation","alexis.lipstein@co.ramsey.mn.us","62001000","2024-06-26","3","2025-02-11 12:06:07.147129","Unnamed hardworking surveyor(s)","113","1","1.64",NA,NA,NA,"1","2",NA,NA,NA,NA,NA,NA,NA,NA,NA,NA,NA,NA,NA,NA,NA,NA,"1",NA,NA,NA,NA,NA,NA,"1",NA,45.0028249472565,-93.0629687421836,NA,NA,NA,NA,NA,NA,FALSE,FALSE
"Ramsey County Parks and Recreation","alexis.lipstein@co.ramsey.mn.us","62001000","2024-06-26","3","2025-02-11 12:06:07.147129","Unnamed hardworking surveyor(s)","114","1","1.31",NA,NA,NA,"1","2",NA,NA,NA,NA,NA,NA,NA,NA,NA,NA,NA,NA,"1",NA,NA,NA,"3",NA,NA,NA,NA,NA,NA,"1",NA,45.0028297267787,-93.062328007765,NA,NA,NA,NA,NA,NA,FALSE,FALSE
"Ramsey County Parks and Recreation","alexis.lipstein@co.ramsey.mn.us","62001000","2024-06-26","3","2025-02-11 12:06:07.147129","Unnamed hardworking surveyor(s)","115","1","1.31",NA,NA,NA,"1","2",NA,NA,NA,NA,NA,NA,NA,NA,NA,NA,NA,NA,"1",NA,NA,NA,"1",NA,NA,NA,NA,NA,NA,"1",NA,45.0023700942884,-93.0636026647055,NA,NA,NA,NA,NA,NA,FALSE,FALSE
"Ramsey County Parks and Recreation","alexis.lipstein@co.ramsey.mn.us","62001000","2024-06-26","3","2025-02-11 12:06:07.147129","Unnamed hardworking surveyor(s)","117","1","1.31",NA,NA,NA,NA,"1",NA,NA,NA,NA,NA,NA,NA,NA,NA,NA,NA,NA,NA,NA,NA,"1",NA,NA,NA,NA,NA,NA,NA,NA,NA,45.0019151433442,-93.0642492133829,NA,NA,NA,NA,NA,NA,FALSE,FALSE
"Ramsey County Parks and Recreation","alexis.lipstein@co.ramsey.mn.us","62001000","2024-07-22","3","2025-02-11 12:15:49.961946","Unnamed hardworking surveyor(s)","1","1","1.97",NA,NA,NA,"1","3",NA,NA,NA,NA,NA,NA,NA,NA,NA,NA,NA,NA,NA,NA,NA,NA,"1",NA,NA,NA,NA,NA,NA,"1",NA,45.010904814255,-93.0636121099747,NA,NA,NA,NA,NA,NA,FALSE,FALSE
"Ramsey County Parks and Recreation","alexis.lipstein@co.ramsey.mn.us","62001000","2024-07-22","3","2025-02-11 12:15:49.961946","Unnamed hardworking surveyor(s)","2","2","3.94",NA,NA,NA,NA,NA,"1",NA,NA,NA,NA,NA,NA,NA,NA,NA,NA,NA,"2",NA,NA,NA,NA,NA,NA,NA,NA,NA,NA,NA,NA,45.0109051659109,-93.0629775953703,NA,NA,NA,NA,NA,NA,FALSE,FALSE
"Ramsey County Parks and Recreation","alexis.lipstein@co.ramsey.mn.us","62001000","2024-07-22","3","2025-02-11 12:15:49.961946","Unnamed hardworking surveyor(s)","3",NA,"4.27",NA,NA,NA,NA,NA,NA,NA,NA,NA,NA,NA,NA,NA,NA,NA,NA,NA,"1",NA,NA,NA,NA,NA,NA,NA,NA,NA,NA,NA,NA,45.0109055142543,-93.0623426911625,NA,NA,NA,NA,NA,"1",FALSE,FALSE
"Ramsey County Parks and Recreation","alexis.lipstein@co.ramsey.mn.us","62001000","2024-07-22","3","2025-02-11 12:15:49.961946","Unnamed hardworking surveyor(s)","4","2","3.61",NA,NA,NA,"1","2",NA,NA,NA,NA,NA,NA,NA,NA,NA,NA,NA,NA,"1",NA,NA,NA,"1",NA,NA,NA,NA,NA,NA,NA,NA,45.0109058620589,-93.0617022514374,NA,NA,NA,NA,NA,"1",FALSE,FALSE
"Ramsey County Parks and Recreation","alexis.lipstein@co.ramsey.mn.us","62001000","2024-07-22","3","2025-02-11 12:15:49.961946","Unnamed hardworking surveyor(s)","5",NA,"1.64",NA,NA,NA,"1","2",NA,NA,NA,NA,NA,NA,NA,NA,NA,NA,NA,NA,"1",NA,NA,NA,"2",NA,NA,NA,NA,NA,NA,"1",NA,45.010906203104,-93.0610677367985,NA,NA,NA,NA,NA,NA,FALSE,FALSE
"Ramsey County Parks and Recreation","alexis.lipstein@co.ramsey.mn.us","62001000","2024-07-22","3","2025-02-11 12:15:49.961946","Unnamed hardworking surveyor(s)","6",NA,"2.3",NA,NA,NA,"1","2",NA,NA,NA,NA,NA,NA,NA,NA,NA,NA,NA,NA,NA,NA,NA,NA,"1",NA,NA,NA,NA,NA,NA,"1","1",45.0109065372822,-93.0604395368383,NA,NA,NA,NA,NA,NA,FALSE,FALSE
"Ramsey County Parks and Recreation","alexis.lipstein@co.ramsey.mn.us","62001000","2024-07-22","3","2025-02-11 12:15:49.961946","Unnamed hardworking surveyor(s)","7","1","0.98",NA,NA,"v","1",NA,NA,NA,NA,NA,NA,NA,NA,NA,"1",NA,NA,NA,"1",NA,NA,NA,"3",NA,NA,NA,NA,NA,NA,"1",NA,45.0109068713119,-93.0598050221771,NA,NA,NA,NA,NA,NA,FALSE,FALSE
"Ramsey County Parks and Recreation","alexis.lipstein@co.ramsey.mn.us","62001000","2024-07-22","3","2025-02-11 12:15:49.961946","Unnamed hardworking surveyor(s)","8",NA,"2.3",NA,NA,NA,NA,"2",NA,NA,NA,NA,NA,NA,NA,NA,NA,NA,NA,NA,NA,NA,NA,NA,"1","1",NA,NA,NA,NA,NA,"1",NA,45.0104759435173,-93.0642472051344,NA,NA,NA,NA,NA,NA,FALSE,FALSE
"Ramsey County Parks and Recreation","alexis.lipstein@co.ramsey.mn.us","62001000","2024-07-22","3","2025-02-11 12:15:49.961946","Unnamed hardworking surveyor(s)","9","1","3.61",NA,NA,NA,NA,NA,NA,NA,NA,NA,NA,NA,NA,NA,NA,NA,NA,NA,"1",NA,NA,NA,NA,NA,NA,NA,NA,NA,NA,"1",NA,45.0104748598848,-93.0636116340484,NA,NA,NA,NA,NA,NA,FALSE,FALSE
"Ramsey County Parks and Recreation","alexis.lipstein@co.ramsey.mn.us","62001000","2024-07-22","3","2025-02-11 12:15:49.961946","Unnamed hardworking surveyor(s)","10",NA,"4.59",NA,NA,NA,NA,NA,NA,NA,NA,NA,NA,NA,NA,NA,NA,NA,NA,NA,"1",NA,NA,NA,NA,NA,NA,NA,NA,NA,NA,NA,NA,45.0104737739312,-93.0629771226159,NA,NA,NA,NA,NA,"3",FALSE,FALSE
"Ramsey County Parks and Recreation","alexis.lipstein@co.ramsey.mn.us","62001000","2024-07-22","3","2025-02-11 12:15:49.961946","Unnamed hardworking surveyor(s)","11","1","5.58",NA,NA,NA,NA,NA,NA,NA,NA,NA,NA,NA,NA,NA,NA,NA,NA,NA,"1",NA,NA,NA,NA,NA,NA,NA,NA,NA,NA,NA,NA,45.0104726830449,-93.0623418916674,NA,NA,NA,NA,NA,NA,FALSE,FALSE
"Ramsey County Parks and Recreation","alexis.lipstein@co.ramsey.mn.us","62001000","2024-07-22","3","2025-02-11 12:15:49.961946","Unnamed hardworking surveyor(s)","12",NA,"5.91",NA,NA,NA,NA,NA,NA,NA,NA,NA,NA,NA,NA,NA,NA,NA,NA,NA,"1",NA,NA,NA,NA,NA,NA,NA,NA,NA,NA,NA,NA,45.0104715813574,-93.061701785155,NA,NA,NA,NA,NA,NA,FALSE,FALSE
"Ramsey County Parks and Recreation","alexis.lipstein@co.ramsey.mn.us","62001000","2024-07-22","3","2025-02-11 12:15:49.961946","Unnamed hardworking surveyor(s)","13",NA,"5.58",NA,NA,NA,NA,NA,NA,NA,NA,NA,NA,NA,NA,NA,NA,NA,NA,NA,"1",NA,NA,NA,NA,NA,NA,NA,NA,NA,NA,NA,NA,45.010470484793,-93.0610672737835,NA,NA,NA,NA,NA,"2",FALSE,FALSE
"Ramsey County Parks and Recreation","alexis.lipstein@co.ramsey.mn.us","62001000","2024-07-22","3","2025-02-11 12:15:49.961946","Unnamed hardworking surveyor(s)","14","1","4.27",NA,NA,NA,NA,NA,NA,NA,NA,NA,NA,NA,NA,NA,NA,NA,NA,NA,NA,NA,NA,NA,NA,NA,NA,NA,NA,NA,NA,NA,NA,45.010469395765,-93.0604390770894,NA,NA,NA,NA,NA,"1",FALSE,FALSE
"Ramsey County Parks and Recreation","alexis.lipstein@co.ramsey.mn.us","62001000","2024-07-22","3","2025-02-11 12:15:49.961946","Unnamed hardworking surveyor(s)","15","2","3.94",NA,NA,NA,"1","1",NA,NA,NA,NA,NA,NA,NA,NA,NA,NA,NA,NA,NA,NA,NA,NA,"1",NA,NA,NA,NA,NA,NA,"1",NA,45.0104682921852,-93.0598045657588,NA,NA,NA,NA,NA,"1",FALSE,FALSE
"Ramsey County Parks and Recreation","alexis.lipstein@co.ramsey.mn.us","62001000","2024-07-22","3","2025-02-11 12:15:49.961946","Unnamed hardworking surveyor(s)","16","1","4.59",NA,NA,NA,"1",NA,NA,NA,NA,NA,NA,NA,NA,NA,NA,NA,NA,NA,"1",NA,NA,NA,"1",NA,NA,NA,NA,NA,NA,NA,"1",45.0104671859805,-93.0591700544499,NA,NA,NA,NA,NA,NA,FALSE,FALSE
"Ramsey County Parks and Recreation","alexis.lipstein@co.ramsey.mn.us","62001000","2024-07-22","3","2025-02-11 12:15:49.961946","Unnamed hardworking surveyor(s)","17","2","2.95",NA,NA,NA,"1","2",NA,NA,NA,NA,NA,NA,NA,NA,NA,NA,NA,NA,"1",NA,NA,NA,"1",NA,NA,NA,NA,NA,NA,NA,NA,45.0104660753503,-93.0585355431608,NA,NA,NA,NA,NA,NA,FALSE,FALSE
"Ramsey County Parks and Recreation","alexis.lipstein@co.ramsey.mn.us","62001000","2024-07-22","3","2025-02-11 12:15:49.961946","Unnamed hardworking surveyor(s)","18",NA,"2.3",NA,NA,NA,NA,NA,NA,NA,NA,NA,NA,NA,NA,NA,NA,NA,NA,NA,"1",NA,NA,NA,NA,NA,NA,NA,NA,NA,NA,NA,NA,45.0100042676292,-93.0642473161335,NA,NA,NA,NA,NA,NA,FALSE,FALSE
"Ramsey County Parks and Recreation","alexis.lipstein@co.ramsey.mn.us","62001000","2024-07-22","3","2025-02-11 12:15:49.961946","Unnamed hardworking surveyor(s)","19","1","3.94",NA,NA,NA,NA,NA,NA,NA,NA,NA,NA,NA,NA,NA,NA,NA,NA,NA,"1",NA,NA,NA,NA,NA,NA,NA,NA,NA,NA,NA,NA,45.0100046237545,-93.0636111135456,NA,NA,NA,NA,NA,"1",FALSE,FALSE
"Ramsey County Parks and Recreation","alexis.lipstein@co.ramsey.mn.us","62001000","2024-07-22","3","2025-02-11 12:15:49.961946","Unnamed hardworking surveyor(s)","20","1","4.59",NA,NA,NA,"1",NA,NA,NA,NA,NA,NA,NA,NA,NA,NA,NA,NA,NA,"1",NA,NA,NA,NA,NA,NA,NA,NA,NA,NA,NA,NA,45.0100049753995,-93.0629766088804,NA,NA,NA,NA,NA,"1",FALSE,FALSE
"Ramsey County Parks and Recreation","alexis.lipstein@co.ramsey.mn.us","62001000","2024-07-22","3","2025-02-11 12:15:49.961946","Unnamed hardworking surveyor(s)","21",NA,"4.92",NA,NA,NA,NA,NA,NA,NA,NA,NA,NA,NA,NA,NA,NA,NA,NA,NA,"1",NA,NA,NA,NA,NA,NA,NA,NA,NA,NA,NA,NA,45.0100053241067,-93.0623410280836,NA,NA,NA,NA,NA,NA,FALSE,FALSE
"Ramsey County Parks and Recreation","alexis.lipstein@co.ramsey.mn.us","62001000","2024-07-22","3","2025-02-11 12:15:49.961946","Unnamed hardworking surveyor(s)","22",NA,"6.23",NA,NA,NA,NA,NA,NA,NA,NA,NA,NA,NA,NA,NA,NA,NA,NA,NA,NA,NA,NA,NA,NA,NA,NA,NA,NA,NA,NA,NA,NA,45.0100056715257,-93.0617012849246,NA,NA,NA,NA,NA,"1",FALSE,FALSE
"Ramsey County Parks and Recreation","alexis.lipstein@co.ramsey.mn.us","62001000","2024-07-22","3","2025-02-11 12:15:49.961946","Unnamed hardworking surveyor(s)","23","1","6.56",NA,NA,NA,NA,NA,NA,NA,NA,NA,NA,NA,NA,NA,NA,NA,NA,NA,"1",NA,NA,NA,NA,NA,NA,NA,NA,NA,NA,"1",NA,45.0100060125601,-93.0610667802248,NA,NA,NA,NA,NA,NA,FALSE,FALSE
"Ramsey County Parks and Recreation","alexis.lipstein@co.ramsey.mn.us","62001000","2024-07-22","3","2025-02-11 12:15:49.961946","Unnamed hardworking surveyor(s)","24",NA,"4.92",NA,NA,NA,NA,NA,NA,NA,NA,NA,NA,NA,NA,NA,NA,NA,NA,NA,"1",NA,NA,NA,NA,NA,NA,NA,NA,NA,NA,NA,NA,45.0100063467279,-93.0604385901048,NA,NA,NA,NA,NA,NA,FALSE,FALSE
"Ramsey County Parks and Recreation","alexis.lipstein@co.ramsey.mn.us","62001000","2024-07-22","3","2025-02-11 12:15:49.961946","Unnamed hardworking surveyor(s)","25","1","6.89",NA,NA,NA,NA,NA,NA,NA,NA,NA,NA,NA,NA,NA,NA,NA,NA,NA,"1",NA,NA,NA,NA,NA,NA,NA,NA,NA,NA,NA,NA,45.0100066807472,-93.0598040853827,NA,NA,NA,NA,NA,"2",FALSE,FALSE
"Ramsey County Parks and Recreation","alexis.lipstein@co.ramsey.mn.us","62001000","2024-07-22","3","2025-02-11 12:15:49.961946","Unnamed hardworking surveyor(s)","26","1","3.61",NA,NA,NA,NA,NA,NA,NA,NA,NA,NA,NA,NA,NA,NA,NA,NA,NA,"1",NA,NA,NA,NA,NA,NA,NA,NA,NA,NA,NA,NA,45.0100070112413,-93.0591695806497,NA,NA,NA,NA,NA,NA,FALSE,FALSE
"Ramsey County Parks and Recreation","alexis.lipstein@co.ramsey.mn.us","62001000","2024-07-22","3","2025-02-11 12:15:49.961946","Unnamed hardworking surveyor(s)","27","1","3.94",NA,NA,NA,"1",NA,NA,NA,NA,NA,NA,NA,NA,NA,NA,NA,NA,NA,"1",NA,NA,NA,"1",NA,NA,NA,NA,NA,NA,"1",NA,45.0100073382102,-93.0585350759057,NA,NA,NA,NA,NA,NA,FALSE,FALSE
"Ramsey County Parks and Recreation","alexis.lipstein@co.ramsey.mn.us","62001000","2024-07-22","3","2025-02-11 12:15:49.961946","Unnamed hardworking surveyor(s)","28","1","1.97",NA,NA,NA,"1","1",NA,NA,NA,"1",NA,NA,NA,NA,NA,NA,NA,NA,"1",NA,NA,NA,"2",NA,NA,NA,NA,NA,NA,"1",NA,45.010007661654,-93.057900571151,NA,NA,NA,NA,NA,NA,FALSE,FALSE
"Ramsey County Parks and Recreation","alexis.lipstein@co.ramsey.mn.us","62001000","2024-07-22","3","2025-02-11 12:15:49.961946","Unnamed hardworking surveyor(s)","29","1","1.97",NA,NA,NA,"1",NA,NA,NA,NA,NA,NA,NA,NA,NA,NA,NA,NA,NA,"1",NA,NA,NA,NA,NA,NA,NA,NA,NA,NA,NA,NA,45.0095611925808,-93.0642474197701,NA,NA,NA,NA,NA,NA,FALSE,FALSE
"Ramsey County Parks and Recreation","alexis.lipstein@co.ramsey.mn.us","62001000","2024-07-22","3","2025-02-11 12:15:49.961946","Unnamed hardworking surveyor(s)","30","1","4.27",NA,NA,NA,NA,NA,NA,NA,NA,NA,NA,NA,NA,NA,NA,NA,NA,NA,"1",NA,NA,NA,NA,NA,NA,NA,NA,NA,NA,NA,NA,45.0095611052436,-93.0636106226282,NA,NA,NA,NA,NA,"1",FALSE,FALSE
"Ramsey County Parks and Recreation","alexis.lipstein@co.ramsey.mn.us","62001000","2024-07-22","3","2025-02-11 12:15:49.961946","Unnamed hardworking surveyor(s)","31","1","4.59",NA,NA,NA,NA,NA,NA,NA,NA,NA,NA,NA,NA,NA,NA,NA,NA,NA,"1",NA,NA,NA,NA,NA,NA,NA,NA,NA,NA,NA,NA,45.0095610139894,-93.0629761223744,NA,NA,NA,NA,NA,"3",FALSE,FALSE
"Ramsey County Parks and Recreation","alexis.lipstein@co.ramsey.mn.us","62001000","2024-07-22","3","2025-02-11 12:15:49.961946","Unnamed hardworking surveyor(s)","32",NA,"5.25",NA,NA,NA,NA,NA,NA,NA,NA,NA,NA,NA,NA,NA,NA,NA,NA,NA,"1",NA,NA,NA,NA,NA,NA,NA,NA,NA,NA,NA,NA,45.0095609199824,-93.0623402071843,NA,NA,NA,NA,NA,"1",FALSE,FALSE
"Ramsey County Parks and Recreation","alexis.lipstein@co.ramsey.mn.us","62001000","2024-07-22","3","2025-02-11 12:15:49.961946","Unnamed hardworking surveyor(s)","33",NA,"5.58",NA,NA,NA,NA,NA,NA,NA,NA,NA,NA,NA,NA,NA,NA,NA,NA,NA,NA,NA,NA,NA,NA,NA,NA,NA,NA,NA,NA,NA,NA,45.0095608207165,-93.0617008073158,NA,NA,NA,NA,NA,"1",FALSE,FALSE
"Ramsey County Parks and Recreation","alexis.lipstein@co.ramsey.mn.us","62001000","2024-07-22","3","2025-02-11 12:15:49.961946","Unnamed hardworking surveyor(s)","34",NA,"6.89",NA,NA,NA,NA,NA,NA,NA,NA,NA,NA,NA,NA,NA,NA,NA,NA,NA,NA,NA,NA,NA,NA,NA,NA,NA,NA,NA,NA,NA,NA,45.0095607197521,-93.0610663070579,NA,NA,NA,NA,NA,"1",FALSE,FALSE
"Ramsey County Parks and Recreation","alexis.lipstein@co.ramsey.mn.us","62001000","2024-07-22","3","2025-02-11 12:15:49.961946","Unnamed hardworking surveyor(s)","35",NA,"7.87",NA,NA,NA,NA,NA,NA,NA,NA,NA,NA,NA,NA,NA,NA,NA,NA,NA,"1",NA,NA,NA,NA,NA,NA,NA,NA,NA,NA,NA,NA,45.0095606155219,-93.0604381213442,NA,NA,NA,NA,NA,NA,FALSE,FALSE
"Ramsey County Parks and Recreation","alexis.lipstein@co.ramsey.mn.us","62001000","2024-07-22","3","2025-02-11 12:15:49.961946","Unnamed hardworking surveyor(s)","36","1","5.91",NA,NA,NA,"1",NA,NA,NA,NA,NA,NA,NA,NA,NA,NA,NA,NA,NA,"1",NA,NA,NA,NA,NA,NA,NA,NA,NA,NA,NA,NA,45.0095605066421,-93.0598036210825,NA,NA,NA,NA,NA,"1",FALSE,FALSE
"Ramsey County Parks and Recreation","alexis.lipstein@co.ramsey.mn.us","62001000","2024-07-22","3","2025-02-11 12:15:49.961946","Unnamed hardworking surveyor(s)","37","1","4.92",NA,NA,NA,NA,NA,NA,NA,NA,"1",NA,NA,NA,NA,NA,NA,NA,NA,NA,NA,NA,NA,NA,NA,NA,NA,NA,NA,NA,NA,NA,45.0095603951375,-93.0591691208205,NA,NA,NA,NA,NA,NA,FALSE,FALSE
"Ramsey County Parks and Recreation","alexis.lipstein@co.ramsey.mn.us","62001000","2024-07-22","3","2025-02-11 12:15:49.961946","Unnamed hardworking surveyor(s)","38","1","3.28",NA,NA,NA,"1","2",NA,NA,NA,NA,NA,NA,NA,NA,NA,NA,NA,NA,NA,NA,NA,NA,"1",NA,NA,NA,NA,NA,NA,"1",NA,45.0095602792075,-93.0585346205564,NA,NA,NA,NA,NA,NA,FALSE,FALSE
"Ramsey County Parks and Recreation","alexis.lipstein@co.ramsey.mn.us","62001000","2024-07-22","3","2025-02-11 12:15:49.961946","Unnamed hardworking surveyor(s)","39","1","1.64",NA,NA,NA,"1",NA,NA,NA,NA,"1",NA,NA,NA,NA,NA,NA,NA,NA,NA,NA,NA,NA,"3",NA,NA,NA,NA,NA,NA,"1",NA,45.0095601606526,-93.0579001202923,NA,NA,NA,NA,NA,NA,FALSE,FALSE
"Ramsey County Parks and Recreation","alexis.lipstein@co.ramsey.mn.us","62001000","2024-07-22","3","2025-02-11 12:15:49.961946","Unnamed hardworking surveyor(s)","40",NA,"2.62",NA,NA,NA,NA,NA,NA,NA,NA,NA,NA,NA,NA,NA,NA,NA,NA,NA,"1",NA,NA,NA,NA,NA,NA,NA,NA,NA,NA,NA,NA,45.0091051073543,-93.0636101179096,NA,NA,NA,NA,NA,"1",FALSE,FALSE
"Ramsey County Parks and Recreation","alexis.lipstein@co.ramsey.mn.us","62001000","2024-07-22","3","2025-02-11 12:15:49.961946","Unnamed hardworking surveyor(s)","41",NA,"5.91",NA,NA,NA,NA,NA,NA,NA,NA,NA,NA,NA,NA,NA,NA,NA,NA,NA,"1",NA,NA,NA,NA,NA,NA,NA,NA,NA,NA,NA,NA,45.0091054589884,-93.0629756231756,NA,NA,NA,NA,NA,"1",FALSE,FALSE
"Ramsey County Parks and Recreation","alexis.lipstein@co.ramsey.mn.us","62001000","2024-07-22","3","2025-02-11 12:15:49.961946","Unnamed hardworking surveyor(s)","42",NA,"6.56",NA,NA,NA,NA,NA,NA,NA,NA,NA,NA,NA,NA,NA,NA,NA,NA,NA,"1",NA,NA,NA,NA,NA,NA,NA,NA,NA,NA,NA,NA,45.0091058080588,-93.0623393670726,NA,NA,NA,NA,NA,"2",FALSE,FALSE
"Ramsey County Parks and Recreation","alexis.lipstein@co.ramsey.mn.us","62001000","2024-07-22","3","2025-02-11 12:15:49.961946","Unnamed hardworking surveyor(s)","43",NA,"5.91",NA,NA,NA,NA,NA,NA,NA,NA,NA,NA,NA,NA,NA,NA,NA,NA,NA,NA,NA,NA,NA,NA,NA,NA,NA,NA,NA,NA,NA,NA,45.0091061550929,-93.0617003191811,NA,NA,NA,NA,NA,"3",FALSE,FALSE
"Ramsey County Parks and Recreation","alexis.lipstein@co.ramsey.mn.us","62001000","2024-07-22","3","2025-02-11 12:15:49.961946","Unnamed hardworking surveyor(s)","44",NA,"4.27",NA,NA,NA,NA,NA,NA,NA,NA,NA,NA,NA,NA,NA,NA,NA,NA,NA,NA,NA,NA,NA,NA,NA,NA,NA,NA,NA,NA,NA,NA,45.0091064961167,-93.0610658244125,NA,NA,NA,NA,NA,"1",FALSE,FALSE
"Ramsey County Parks and Recreation","alexis.lipstein@co.ramsey.mn.us","62001000","2024-07-22","3","2025-02-11 12:15:49.961946","Unnamed hardworking surveyor(s)","45",NA,"2.62",NA,NA,NA,NA,NA,NA,NA,NA,NA,NA,NA,NA,NA,NA,NA,NA,NA,"1",NA,NA,NA,NA,NA,NA,NA,NA,NA,NA,NA,NA,45.009106830274,-93.0604376441248,NA,NA,NA,NA,NA,"1",FALSE,FALSE
"Ramsey County Parks and Recreation","alexis.lipstein@co.ramsey.mn.us","62001000","2024-07-22","3","2025-02-11 12:15:49.961946","Unnamed hardworking surveyor(s)","46",NA,"2.62",NA,NA,NA,NA,NA,NA,NA,NA,NA,NA,NA,NA,NA,NA,NA,NA,NA,NA,NA,NA,NA,NA,NA,NA,NA,NA,NA,NA,NA,NA,45.0091071642829,-93.059803149334,NA,NA,NA,NA,NA,"3",FALSE,FALSE
"Ramsey County Parks and Recreation","alexis.lipstein@co.ramsey.mn.us","62001000","2024-07-22","3","2025-02-11 12:15:49.961946","Unnamed hardworking surveyor(s)","47","1","1.64",NA,NA,NA,"1","3",NA,NA,NA,NA,NA,NA,NA,NA,NA,NA,NA,NA,"1",NA,NA,NA,"1",NA,NA,NA,NA,NA,NA,"1",NA,45.0091074947667,-93.0591686545321,NA,NA,NA,NA,NA,NA,FALSE,FALSE
"Ramsey County Parks and Recreation","alexis.lipstein@co.ramsey.mn.us","62001000","2024-07-22","3","2025-02-11 12:15:49.961946","Unnamed hardworking surveyor(s)","48","1","1.64",NA,NA,NA,"1","2",NA,NA,NA,NA,NA,NA,NA,NA,NA,NA,NA,NA,"1",NA,NA,NA,"2",NA,NA,NA,NA,NA,NA,"1",NA,45.0091078217254,-93.0585341597194,NA,NA,NA,NA,NA,NA,FALSE,FALSE
"Ramsey County Parks and Recreation","alexis.lipstein@co.ramsey.mn.us","62001000","2024-07-22","3","2025-02-11 12:15:49.961946","Unnamed hardworking surveyor(s)","49","2","1.64",NA,NA,NA,"1",NA,NA,NA,NA,NA,NA,NA,NA,NA,NA,NA,NA,NA,NA,NA,NA,NA,"3",NA,NA,NA,NA,NA,NA,"1",NA,45.0091081451591,-93.0578996648959,NA,NA,NA,NA,NA,NA,FALSE,FALSE
"Ramsey County Parks and Recreation","alexis.lipstein@co.ramsey.mn.us","62001000","2024-07-22","3","2025-02-11 12:15:49.961946","Unnamed hardworking surveyor(s)","50",NA,"0.98",NA,NA,NA,NA,NA,NA,NA,NA,NA,NA,NA,NA,NA,NA,NA,NA,NA,"1",NA,NA,NA,NA,NA,NA,NA,NA,NA,NA,NA,NA,45.0086550119794,-93.0636096197361,NA,NA,NA,NA,NA,NA,FALSE,FALSE
"Ramsey County Parks and Recreation","alexis.lipstein@co.ramsey.mn.us","62001000","2024-07-22","3","2025-02-11 12:15:49.961946","Unnamed hardworking surveyor(s)","51",NA,"4.27",NA,NA,NA,NA,NA,NA,NA,NA,NA,NA,NA,NA,NA,NA,NA,NA,NA,NA,NA,NA,NA,NA,NA,NA,NA,NA,NA,NA,NA,NA,45.008655363608,-93.0629751299712,NA,NA,NA,NA,NA,"1",FALSE,FALSE
"Ramsey County Parks and Recreation","alexis.lipstein@co.ramsey.mn.us","62001000","2024-07-22","3","2025-02-11 12:15:49.961946","Unnamed hardworking surveyor(s)","52",NA,"8.53",NA,NA,NA,NA,NA,NA,NA,NA,NA,NA,NA,NA,NA,NA,NA,NA,NA,"1",NA,NA,NA,NA,NA,NA,NA,NA,NA,NA,NA,NA,45.0086557128607,-93.0623385349577,NA,NA,NA,NA,NA,"1",FALSE,FALSE
"Ramsey County Parks and Recreation","alexis.lipstein@co.ramsey.mn.us","62001000","2024-07-22","3","2025-02-11 12:15:49.961946","Unnamed hardworking surveyor(s)","53",NA,"7.55",NA,NA,NA,NA,NA,NA,NA,NA,NA,NA,NA,NA,NA,NA,NA,NA,NA,NA,NA,NA,NA,NA,NA,NA,NA,NA,NA,NA,NA,NA,45.0086560597016,-93.0616998359644,NA,NA,NA,NA,NA,"1",FALSE,FALSE
"Ramsey County Parks and Recreation","alexis.lipstein@co.ramsey.mn.us","62001000","2024-07-22","3","2025-02-11 12:15:49.961946","Unnamed hardworking surveyor(s)","54",NA,"6.56",NA,NA,NA,NA,NA,NA,NA,NA,NA,NA,NA,NA,NA,NA,NA,NA,NA,NA,NA,NA,NA,NA,NA,NA,NA,NA,NA,NA,NA,NA,45.0086564007201,-93.061065346165,NA,NA,NA,NA,NA,"2",FALSE,FALSE
"Ramsey County Parks and Recreation","alexis.lipstein@co.ramsey.mn.us","62001000","2024-07-22","3","2025-02-11 12:15:49.961946","Unnamed hardworking surveyor(s)","55",NA,"4.27",NA,NA,NA,NA,NA,NA,NA,NA,NA,NA,NA,NA,NA,NA,NA,NA,NA,"1",NA,NA,NA,NA,NA,NA,NA,NA,NA,NA,NA,NA,45.0086567348723,-93.060437170797,NA,NA,NA,NA,NA,"1",FALSE,FALSE
"Ramsey County Parks and Recreation","alexis.lipstein@co.ramsey.mn.us","62001000","2024-07-22","3","2025-02-11 12:15:49.961946","Unnamed hardworking surveyor(s)","56",NA,"1.64",NA,NA,NA,NA,"2",NA,NA,NA,NA,NA,NA,NA,NA,NA,NA,NA,NA,NA,NA,NA,NA,NA,NA,NA,NA,NA,NA,NA,NA,NA,45.0086570688759,-93.0598026809753,NA,NA,NA,NA,NA,"1",FALSE,FALSE
"Ramsey County Parks and Recreation","alexis.lipstein@co.ramsey.mn.us","62001000","2024-07-22","3","2025-02-11 12:15:49.961946","Unnamed hardworking surveyor(s)","57","1","1.64",NA,NA,NA,"1","2","v",NA,NA,"1",NA,NA,NA,NA,NA,NA,NA,NA,"1",NA,NA,NA,"2",NA,NA,NA,NA,NA,NA,NA,NA,45.0086573993545,-93.0591681911426,NA,NA,NA,NA,NA,NA,FALSE,FALSE
"Ramsey County Parks and Recreation","alexis.lipstein@co.ramsey.mn.us","62001000","2024-07-22","3","2025-02-11 12:15:49.961946","Unnamed hardworking surveyor(s)","58",NA,"4.27",NA,NA,NA,NA,NA,NA,NA,NA,NA,NA,NA,NA,NA,NA,NA,NA,NA,"3",NA,NA,NA,NA,NA,NA,NA,NA,NA,NA,NA,NA,45.008205268192,-93.0629746367784,NA,NA,NA,NA,NA,NA,FALSE,FALSE
"Ramsey County Parks and Recreation","alexis.lipstein@co.ramsey.mn.us","62001000","2024-07-22","3","2025-02-11 12:15:49.961946","Unnamed hardworking surveyor(s)","59",NA,"7.55",NA,NA,NA,NA,NA,NA,NA,NA,NA,NA,NA,NA,NA,NA,NA,NA,NA,NA,NA,NA,NA,NA,NA,NA,NA,NA,NA,NA,NA,NA,45.0082056176262,-93.0623377041286,NA,NA,NA,NA,NA,"3",FALSE,FALSE
"Ramsey County Parks and Recreation","alexis.lipstein@co.ramsey.mn.us","62001000","2024-07-22","3","2025-02-11 12:15:49.961946","Unnamed hardworking surveyor(s)","60",NA,"7.55",NA,NA,NA,NA,NA,NA,NA,NA,NA,NA,NA,NA,NA,NA,NA,NA,NA,NA,NA,NA,NA,NA,NA,NA,NA,NA,NA,NA,NA,NA,45.0082059642747,-93.0616993527591,NA,NA,NA,NA,NA,"3",FALSE,FALSE
"Ramsey County Parks and Recreation","alexis.lipstein@co.ramsey.mn.us","62001000","2024-07-22","3","2025-02-11 12:15:49.961946","Unnamed hardworking surveyor(s)","61",NA,"5.25",NA,NA,NA,NA,NA,NA,NA,NA,NA,NA,NA,NA,NA,NA,NA,NA,NA,NA,NA,NA,NA,NA,NA,NA,NA,NA,NA,NA,NA,NA,45.0082063052879,-93.0610648679287,NA,NA,NA,NA,NA,"3",FALSE,FALSE
"Ramsey County Parks and Recreation","alexis.lipstein@co.ramsey.mn.us","62001000","2024-07-22","3","2025-02-11 12:15:49.961946","Unnamed hardworking surveyor(s)","62",NA,"3.94",NA,NA,NA,NA,NA,NA,NA,NA,NA,NA,NA,NA,NA,NA,NA,NA,NA,NA,NA,NA,NA,NA,NA,NA,NA,NA,NA,NA,NA,NA,45.0082066394349,-93.0604366974803,NA,NA,NA,NA,NA,"3",FALSE,FALSE
"Ramsey County Parks and Recreation","alexis.lipstein@co.ramsey.mn.us","62001000","2024-07-22","3","2025-02-11 12:15:49.961946","Unnamed hardworking surveyor(s)","63","1","1.64",NA,NA,NA,"1",NA,NA,NA,NA,NA,NA,NA,NA,NA,NA,NA,NA,NA,"1",NA,NA,NA,NA,NA,NA,NA,NA,NA,NA,NA,NA,45.0082069734333,-93.0598022126277,NA,NA,NA,NA,NA,"1",FALSE,FALSE
"Ramsey County Parks and Recreation","alexis.lipstein@co.ramsey.mn.us","62001000","2024-07-22","3","2025-02-11 12:15:49.961946","Unnamed hardworking surveyor(s)","64",NA,"1.31",NA,NA,NA,NA,NA,NA,NA,NA,NA,NA,NA,NA,NA,NA,NA,NA,NA,"1",NA,NA,NA,NA,NA,NA,NA,NA,NA,NA,NA,NA,45.0077612265244,-93.0629741502304,NA,NA,NA,NA,NA,NA,FALSE,FALSE
"Ramsey County Parks and Recreation","alexis.lipstein@co.ramsey.mn.us","62001000","2024-07-22","3","2025-02-11 12:15:49.961946","Unnamed hardworking surveyor(s)","65",NA,"4.59",NA,NA,NA,NA,NA,NA,NA,NA,NA,NA,NA,NA,NA,NA,NA,NA,NA,"1",NA,NA,NA,NA,NA,NA,NA,NA,NA,NA,NA,NA,45.007761080133,-93.0623368831513,NA,NA,NA,NA,NA,NA,FALSE,FALSE
"Ramsey County Parks and Recreation","alexis.lipstein@co.ramsey.mn.us","62001000","2024-07-22","3","2025-02-11 12:15:49.961946","Unnamed hardworking surveyor(s)","66",NA,"5.91",NA,NA,NA,NA,NA,NA,NA,NA,NA,NA,NA,NA,NA,NA,NA,NA,NA,"2",NA,NA,NA,NA,NA,NA,NA,NA,NA,NA,NA,NA,45.0077609296858,-93.0616988749982,NA,NA,NA,NA,NA,NA,FALSE,FALSE
"Ramsey County Parks and Recreation","alexis.lipstein@co.ramsey.mn.us","62001000","2024-07-22","3","2025-02-11 12:15:49.961946","Unnamed hardworking surveyor(s)","67",NA,"4.27",NA,NA,NA,"1",NA,NA,NA,NA,NA,NA,NA,NA,NA,NA,NA,NA,NA,"1",NA,NA,NA,NA,NA,NA,NA,NA,NA,NA,NA,NA,45.0077607773891,-93.0610643945567,NA,NA,NA,NA,NA,NA,FALSE,FALSE
"Ramsey County Parks and Recreation","alexis.lipstein@co.ramsey.mn.us","62001000","2024-07-22","3","2025-02-11 12:15:49.961946","Unnamed hardworking surveyor(s)","68",NA,"1.97",NA,NA,NA,"1",NA,NA,NA,NA,NA,NA,NA,NA,NA,NA,NA,NA,NA,NA,NA,NA,NA,NA,NA,NA,NA,NA,NA,NA,NA,NA,45.007760621827,-93.0604362284628,NA,NA,NA,NA,NA,"3",FALSE,FALSE
"Ramsey County Parks and Recreation","alexis.lipstein@co.ramsey.mn.us","62001000","2024-07-22","3","2025-02-11 12:15:49.961946","Unnamed hardworking surveyor(s)","69",NA,"*",NA,NA,NA,NA,NA,NA,NA,NA,NA,NA,NA,NA,NA,NA,NA,NA,NA,NA,NA,NA,NA,NA,NA,NA,NA,NA,NA,NA,NA,NA,45.0077601324178,-93.0585327871356,NA,NA,NA,NA,NA,NA,FALSE,FALSE
"Ramsey County Parks and Recreation","alexis.lipstein@co.ramsey.mn.us","62001000","2024-07-22","3","2025-02-11 12:15:49.961946","Unnamed hardworking surveyor(s)","70",NA,"2.62",NA,NA,NA,"1",NA,NA,NA,NA,NA,NA,NA,NA,NA,NA,NA,NA,NA,"1",NA,NA,NA,NA,NA,NA,NA,NA,NA,NA,NA,NA,45.0073054270511,-93.062336041252,NA,NA,NA,NA,NA,NA,FALSE,FALSE
"Ramsey County Parks and Recreation","alexis.lipstein@co.ramsey.mn.us","62001000","2024-07-22","3","2025-02-11 12:15:49.961946","Unnamed hardworking surveyor(s)","71",NA,"5.25",NA,NA,NA,"1",NA,NA,NA,NA,NA,NA,NA,NA,NA,NA,NA,NA,NA,"2",NA,NA,NA,NA,NA,NA,NA,NA,NA,NA,NA,NA,45.0073057733141,-93.0616983863826,NA,NA,NA,NA,NA,NA,FALSE,FALSE
"Ramsey County Parks and Recreation","alexis.lipstein@co.ramsey.mn.us","62001000","2024-07-22","3","2025-02-11 12:15:49.961946","Unnamed hardworking surveyor(s)","72",NA,"2.62",NA,NA,NA,"1",NA,NA,NA,NA,NA,NA,NA,NA,NA,NA,NA,NA,NA,"2",NA,NA,NA,NA,NA,NA,NA,NA,NA,NA,NA,NA,45.0073061143166,-93.0610639114899,NA,NA,NA,NA,NA,"2",FALSE,FALSE
"Ramsey County Parks and Recreation","alexis.lipstein@co.ramsey.mn.us","62001000","2024-07-22","3","2025-02-11 12:15:49.961946","Unnamed hardworking surveyor(s)","73",NA,"1.31",NA,NA,NA,NA,"1",NA,NA,NA,NA,NA,NA,NA,NA,NA,NA,NA,NA,NA,NA,NA,NA,NA,NA,NA,NA,NA,NA,NA,NA,NA,45.0073064484531,-93.0604357508803,NA,NA,NA,NA,NA,"2",FALSE,FALSE
"Ramsey County Parks and Recreation","alexis.lipstein@co.ramsey.mn.us","62001000","2024-07-22","3","2025-02-11 12:15:49.961946","Unnamed hardworking surveyor(s)","74",NA,"*",NA,NA,NA,NA,NA,NA,NA,NA,NA,NA,NA,NA,NA,NA,NA,NA,NA,NA,NA,NA,NA,NA,NA,NA,NA,NA,NA,NA,NA,NA,45.0073071129043,-93.0591668010395,NA,NA,NA,NA,NA,NA,FALSE,FALSE
"Ramsey County Parks and Recreation","alexis.lipstein@co.ramsey.mn.us","62001000","2024-07-22","3","2025-02-11 12:15:49.961946","Unnamed hardworking surveyor(s)","75",NA,"3.28",NA,NA,NA,NA,"1",NA,NA,NA,NA,NA,NA,NA,NA,NA,NA,NA,NA,"1",NA,NA,NA,NA,NA,NA,NA,NA,NA,NA,NA,NA,45.0068470283506,-93.0623351951233,NA,NA,NA,NA,NA,NA,FALSE,FALSE
"Ramsey County Parks and Recreation","alexis.lipstein@co.ramsey.mn.us","62001000","2024-07-22","3","2025-02-11 12:15:49.961946","Unnamed hardworking surveyor(s)","76",NA,"5.91",NA,NA,NA,NA,NA,NA,NA,NA,NA,NA,NA,NA,NA,NA,NA,NA,NA,"2",NA,NA,NA,NA,NA,NA,NA,NA,NA,NA,NA,NA,45.0068480765667,-93.0616978950517,NA,NA,NA,NA,NA,NA,FALSE,FALSE
"Ramsey County Parks and Recreation","alexis.lipstein@co.ramsey.mn.us","62001000","2024-07-22","3","2025-02-11 12:15:49.961946","Unnamed hardworking surveyor(s)","77",NA,"5.58",NA,NA,NA,NA,NA,NA,NA,NA,NA,NA,NA,NA,NA,NA,NA,NA,NA,"1",NA,NA,NA,NA,NA,NA,NA,NA,NA,NA,NA,NA,45.0068491170123,-93.0610634259547,NA,NA,NA,NA,NA,NA,FALSE,FALSE
"Ramsey County Parks and Recreation","alexis.lipstein@co.ramsey.mn.us","62001000","2024-07-22","3","2025-02-11 12:15:49.961946","Unnamed hardworking surveyor(s)","78",NA,"2.62",NA,NA,NA,NA,NA,NA,NA,NA,NA,NA,NA,NA,NA,NA,NA,NA,NA,NA,NA,NA,NA,NA,NA,NA,NA,NA,NA,NA,NA,NA,45.0068501433905,-93.0604352710677,NA,NA,NA,NA,NA,"2",FALSE,FALSE
"Ramsey County Parks and Recreation","alexis.lipstein@co.ramsey.mn.us","62001000","2024-07-22","3","2025-02-11 12:15:49.961946","Unnamed hardworking surveyor(s)","79","2","1.64",NA,NA,NA,"1",NA,NA,NA,NA,NA,NA,NA,NA,NA,NA,NA,NA,NA,"1",NA,NA,NA,NA,NA,NA,NA,NA,NA,NA,"1",NA,45.0068511768217,-93.0598008019177,NA,NA,NA,NA,NA,NA,FALSE,FALSE
"Ramsey County Parks and Recreation","alexis.lipstein@co.ramsey.mn.us","62001000","2024-07-22","3","2025-02-11 12:15:49.961946","Unnamed hardworking surveyor(s)","80","2","1.64",NA,NA,NA,"1","2",NA,NA,NA,NA,NA,NA,NA,NA,NA,NA,NA,NA,"1",NA,NA,NA,"2",NA,NA,NA,NA,NA,NA,"2",NA,45.0068522058279,-93.0591663327404,NA,NA,NA,NA,NA,NA,FALSE,FALSE
"Ramsey County Parks and Recreation","alexis.lipstein@co.ramsey.mn.us","62001000","2024-07-22","3","2025-02-11 12:15:49.961946","Unnamed hardworking surveyor(s)","81",NA,"4.27",NA,NA,NA,NA,NA,NA,NA,NA,NA,NA,NA,NA,NA,NA,NA,NA,NA,"1",NA,NA,NA,NA,"1",NA,NA,NA,NA,NA,NA,NA,45.0064052363328,-93.0623343797118,NA,NA,NA,NA,NA,NA,FALSE,FALSE
"Ramsey County Parks and Recreation","alexis.lipstein@co.ramsey.mn.us","62001000","2024-07-22","3","2025-02-11 12:15:49.961946","Unnamed hardworking surveyor(s)","82",NA,"5.91",NA,NA,NA,NA,NA,NA,NA,NA,NA,NA,NA,NA,NA,NA,NA,NA,NA,"1",NA,NA,NA,NA,NA,NA,NA,NA,NA,NA,NA,NA,45.006405582211,-93.0616974200516,NA,NA,NA,NA,NA,"1",FALSE,FALSE
"Ramsey County Parks and Recreation","alexis.lipstein@co.ramsey.mn.us","62001000","2024-07-22","3","2025-02-11 12:15:49.961946","Unnamed hardworking surveyor(s)","83","1","4.27",NA,NA,NA,NA,NA,NA,NA,NA,NA,NA,NA,NA,NA,NA,NA,NA,NA,"1",NA,NA,NA,NA,NA,NA,NA,NA,NA,NA,NA,NA,45.0064059232029,-93.0610629550961,NA,NA,NA,NA,NA,"1",FALSE,FALSE
"Ramsey County Parks and Recreation","alexis.lipstein@co.ramsey.mn.us","62001000","2024-07-22","3","2025-02-11 12:15:49.961946","Unnamed hardworking surveyor(s)","84","2","2.62",NA,NA,NA,"1","2",NA,NA,NA,NA,NA,NA,NA,NA,NA,NA,NA,NA,"1",NA,NA,NA,"1",NA,NA,NA,NA,NA,NA,NA,NA,45.0064062573289,-93.0604348043249,NA,NA,NA,NA,NA,NA,FALSE,FALSE
"Ramsey County Parks and Recreation","alexis.lipstein@co.ramsey.mn.us","62001000","2024-07-22","3","2025-02-11 12:15:49.961946","Unnamed hardworking surveyor(s)","85","2","1.64",NA,NA,NA,"1","1",NA,NA,NA,NA,NA,NA,NA,NA,"v",NA,NA,NA,"1",NA,NA,NA,"1","v",NA,NA,NA,NA,NA,NA,NA,45.0064065913065,-93.0598003393472,NA,NA,NA,NA,NA,NA,FALSE,FALSE
"Ramsey County Parks and Recreation","alexis.lipstein@co.ramsey.mn.us","62001000","2024-07-22","3","2025-02-11 12:15:49.961946","Unnamed hardworking surveyor(s)","86",NA,"4.92",NA,NA,NA,NA,NA,NA,NA,NA,NA,NA,NA,NA,NA,NA,NA,NA,NA,"1",NA,NA,NA,NA,NA,NA,NA,NA,NA,NA,NA,NA,45.0059551409208,-93.062333547698,NA,NA,NA,NA,NA,NA,FALSE,FALSE
"Ramsey County Parks and Recreation","alexis.lipstein@co.ramsey.mn.us","62001000","2024-07-22","3","2025-02-11 12:15:49.961946","Unnamed hardworking surveyor(s)","87",NA,"5.91",NA,NA,NA,NA,NA,NA,NA,NA,NA,NA,NA,NA,NA,NA,NA,NA,NA,NA,NA,NA,NA,NA,NA,NA,NA,NA,NA,NA,NA,NA,45.0059554866059,-93.0616969369031,NA,NA,NA,NA,NA,"1",FALSE,FALSE
"Ramsey County Parks and Recreation","alexis.lipstein@co.ramsey.mn.us","62001000","2024-07-22","3","2025-02-11 12:15:49.961946","Unnamed hardworking surveyor(s)","88","2","5.91",NA,NA,NA,NA,NA,NA,NA,NA,NA,NA,NA,NA,NA,NA,NA,NA,NA,"1",NA,NA,NA,NA,NA,NA,NA,NA,NA,NA,NA,NA,45.0059558275925,-93.0610624769161,NA,NA,NA,NA,NA,"1",FALSE,FALSE
"Ramsey County Parks and Recreation","alexis.lipstein@co.ramsey.mn.us","62001000","2024-07-22","3","2025-02-11 12:15:49.961946","Unnamed hardworking surveyor(s)","89","1","1.64",NA,NA,NA,"1","2",NA,NA,NA,NA,"v",NA,NA,NA,NA,NA,NA,NA,"1",NA,NA,NA,"1","1",NA,NA,NA,NA,NA,"1",NA,45.0059561617134,-93.0604343310638,NA,NA,NA,NA,NA,NA,FALSE,FALSE
"Ramsey County Parks and Recreation","alexis.lipstein@co.ramsey.mn.us","62001000","2024-07-22","3","2025-02-11 12:15:49.961946","Unnamed hardworking surveyor(s)","90","1","1.64",NA,NA,NA,"1","1",NA,NA,NA,NA,NA,NA,NA,NA,NA,NA,NA,NA,"1",NA,NA,NA,"1","2",NA,NA,NA,NA,NA,NA,NA,45.0059564956857,-93.0597998710546,NA,NA,NA,NA,NA,NA,FALSE,FALSE
"Ramsey County Parks and Recreation","alexis.lipstein@co.ramsey.mn.us","62001000","2024-07-22","3","2025-02-11 12:15:49.961946","Unnamed hardworking surveyor(s)","91",NA,"4.27",NA,NA,NA,NA,NA,NA,NA,NA,NA,NA,NA,NA,NA,NA,NA,NA,NA,"1",NA,NA,NA,NA,NA,NA,NA,NA,NA,NA,NA,NA,45.0055046949477,-93.0629716778651,NA,NA,NA,NA,NA,NA,FALSE,FALSE
"Ramsey County Parks and Recreation","alexis.lipstein@co.ramsey.mn.us","62001000","2024-07-22","3","2025-02-11 12:15:49.961946","Unnamed hardworking surveyor(s)","92",NA,"7.55",NA,NA,NA,NA,NA,NA,NA,NA,NA,NA,NA,NA,NA,NA,NA,NA,NA,NA,NA,NA,NA,NA,NA,NA,NA,NA,NA,NA,NA,NA,45.0055050454726,-93.06233271697,NA,NA,NA,NA,NA,NA,FALSE,FALSE
"Ramsey County Parks and Recreation","alexis.lipstein@co.ramsey.mn.us","62001000","2024-07-22","3","2025-02-11 12:15:49.961946","Unnamed hardworking surveyor(s)","93",NA,"5.91",NA,NA,NA,NA,NA,NA,NA,NA,NA,NA,NA,NA,NA,NA,NA,NA,NA,"1",NA,NA,NA,NA,NA,NA,NA,NA,NA,NA,NA,NA,45.0055053909653,-93.061696453766,NA,NA,NA,NA,NA,"1",FALSE,FALSE
"Ramsey County Parks and Recreation","alexis.lipstein@co.ramsey.mn.us","62001000","2024-07-22","3","2025-02-11 12:15:49.961946","Unnamed hardworking surveyor(s)","94","1","3.28",NA,NA,NA,NA,"2",NA,NA,NA,NA,NA,NA,NA,NA,NA,NA,NA,NA,"1",NA,NA,NA,"1","1",NA,NA,NA,NA,NA,NA,NA,45.0055057319466,-93.0610619987473,NA,NA,NA,NA,NA,NA,FALSE,FALSE
"Ramsey County Parks and Recreation","alexis.lipstein@co.ramsey.mn.us","62001000","2024-07-22","3","2025-02-11 12:15:49.961946","Unnamed hardworking surveyor(s)","95",NA,"1.64",NA,NA,NA,"1","3",NA,NA,NA,NA,NA,NA,NA,NA,NA,NA,NA,NA,"1",NA,NA,NA,"2",NA,NA,NA,NA,NA,NA,"1",NA,45.0055060660622,-93.0604338578139,NA,NA,NA,NA,NA,NA,FALSE,FALSE
"Ramsey County Parks and Recreation","alexis.lipstein@co.ramsey.mn.us","62001000","2024-07-22","3","2025-02-11 12:15:49.961946","Unnamed hardworking surveyor(s)","96",NA,"6.56",NA,NA,NA,NA,NA,NA,NA,NA,NA,NA,NA,NA,NA,NA,NA,NA,NA,"1",NA,NA,NA,NA,NA,NA,NA,NA,NA,NA,NA,NA,45.0050545992823,-93.0629711847535,NA,NA,NA,NA,NA,NA,FALSE,FALSE
"Ramsey County Parks and Recreation","alexis.lipstein@co.ramsey.mn.us","62001000","2024-07-22","3","2025-02-11 12:15:49.961946","Unnamed hardworking surveyor(s)","97",NA,"5.91",NA,NA,NA,NA,NA,NA,NA,NA,NA,NA,NA,NA,NA,NA,NA,NA,NA,NA,NA,NA,NA,NA,NA,NA,NA,NA,NA,NA,NA,NA,45.0050549499894,-93.06233188499,NA,NA,NA,NA,NA,NA,FALSE,FALSE
"Ramsey County Parks and Recreation","alexis.lipstein@co.ramsey.mn.us","62001000","2024-07-22","3","2025-02-11 12:15:49.961946","Unnamed hardworking surveyor(s)","98",NA,"5.91",NA,NA,NA,NA,NA,NA,NA,NA,NA,NA,NA,NA,NA,NA,NA,NA,NA,"1",NA,NA,NA,NA,NA,NA,NA,NA,NA,NA,NA,NA,45.005055295289,-93.0616959706402,NA,NA,NA,NA,NA,"1",FALSE,FALSE
"Ramsey County Parks and Recreation","alexis.lipstein@co.ramsey.mn.us","62001000","2024-07-22","3","2025-02-11 12:15:49.961946","Unnamed hardworking surveyor(s)","99",NA,"1.97",NA,NA,NA,NA,"1",NA,NA,NA,NA,NA,NA,NA,NA,"1",NA,NA,NA,"1",NA,NA,NA,"1","1",NA,NA,NA,NA,NA,NA,"1",45.005055636265,-93.0610615205898,NA,NA,NA,NA,NA,"1",FALSE,FALSE
"Ramsey County Parks and Recreation","alexis.lipstein@co.ramsey.mn.us","62001000","2024-07-22","3","2025-02-11 12:15:49.961946","Unnamed hardworking surveyor(s)","100",NA,"4.27",NA,NA,NA,NA,NA,NA,NA,NA,NA,NA,NA,NA,NA,NA,NA,NA,NA,"1",NA,NA,NA,NA,NA,NA,NA,NA,NA,NA,NA,NA,45.0046045035813,-93.0629706916535,NA,NA,NA,NA,NA,NA,FALSE,FALSE
"Ramsey County Parks and Recreation","alexis.lipstein@co.ramsey.mn.us","62001000","2024-07-22","3","2025-02-11 12:15:49.961946","Unnamed hardworking surveyor(s)","101",NA,"4.92",NA,NA,NA,"1",NA,NA,NA,NA,NA,NA,NA,NA,NA,NA,NA,NA,NA,"1",NA,NA,NA,NA,NA,NA,NA,NA,NA,NA,NA,NA,45.0046048544698,-93.0623310542957,NA,NA,NA,NA,NA,NA,FALSE,FALSE
"Ramsey County Parks and Recreation","alexis.lipstein@co.ramsey.mn.us","62001000","2024-07-22","3","2025-02-11 12:15:49.961946","Unnamed hardworking surveyor(s)","102","2","1.64",NA,NA,NA,"1",NA,NA,NA,NA,NA,NA,NA,NA,NA,NA,NA,NA,"2","1",NA,NA,NA,"3",NA,NA,NA,NA,NA,NA,"1",NA,45.0046051995771,-93.0616954875258,NA,NA,NA,NA,NA,NA,FALSE,FALSE
"Ramsey County Parks and Recreation","alexis.lipstein@co.ramsey.mn.us","62001000","2024-07-22","3","2025-02-11 12:15:49.961946","Unnamed hardworking surveyor(s)","103",NA,"4.92",NA,NA,NA,NA,NA,NA,NA,NA,NA,NA,NA,NA,NA,NA,NA,NA,NA,"1",NA,NA,NA,NA,NA,NA,NA,NA,NA,NA,NA,NA,45.0041600556461,-93.0629702047522,NA,NA,NA,NA,NA,NA,FALSE,FALSE
"Ramsey County Parks and Recreation","alexis.lipstein@co.ramsey.mn.us","62001000","2024-07-22","3","2025-02-11 12:15:49.961946","Unnamed hardworking surveyor(s)","104","1","3.94",NA,NA,NA,NA,NA,NA,NA,NA,NA,NA,NA,NA,NA,NA,NA,NA,NA,"1",NA,NA,NA,NA,NA,NA,NA,NA,NA,NA,"1",NA,45.0041599836242,-93.0623302330904,NA,NA,NA,NA,NA,NA,FALSE,FALSE
"Ramsey County Parks and Recreation","alexis.lipstein@co.ramsey.mn.us","62001000","2024-07-22","3","2025-02-11 12:15:49.961946","Unnamed hardworking surveyor(s)","105","1","1.31",NA,NA,NA,"1","2",NA,NA,NA,NA,NA,NA,NA,NA,NA,NA,NA,NA,"1",NA,NA,NA,"2",NA,NA,NA,NA,NA,NA,"1",NA,45.0041599081518,-93.0616950095794,NA,NA,NA,NA,NA,NA,FALSE,FALSE
"Ramsey County Parks and Recreation","alexis.lipstein@co.ramsey.mn.us","62001000","2024-07-22","3","2025-02-11 12:15:49.961946","Unnamed hardworking surveyor(s)","106",NA,"5.25",NA,NA,NA,NA,NA,NA,NA,NA,NA,NA,NA,NA,NA,NA,NA,NA,NA,"1",NA,NA,NA,NA,NA,NA,NA,NA,NA,NA,NA,NA,45.0037043120723,-93.0629697054882,NA,NA,NA,NA,NA,NA,FALSE,FALSE
"Ramsey County Parks and Recreation","alexis.lipstein@co.ramsey.mn.us","62001000","2024-07-22","3","2025-02-11 12:15:49.961946","Unnamed hardworking surveyor(s)","107","1","4.27",NA,NA,NA,"1",NA,NA,NA,NA,NA,NA,NA,NA,NA,NA,NA,NA,NA,"1",NA,NA,NA,NA,NA,NA,NA,NA,NA,NA,NA,NA,45.0037046633246,-93.0623293916887,NA,NA,NA,NA,NA,NA,FALSE,FALSE
"Ramsey County Parks and Recreation","alexis.lipstein@co.ramsey.mn.us","62001000","2024-07-22","3","2025-02-11 12:15:49.961946","Unnamed hardworking surveyor(s)","108","1","0.98",NA,NA,NA,"1","3",NA,NA,NA,NA,NA,NA,NA,NA,NA,NA,NA,NA,NA,NA,NA,NA,"1",NA,NA,NA,NA,NA,NA,NA,NA,45.0037050080464,-93.0616945213311,NA,NA,NA,NA,NA,NA,FALSE,FALSE
"Ramsey County Parks and Recreation","alexis.lipstein@co.ramsey.mn.us","62001000","2024-07-22","3","2025-02-11 12:15:49.961946","Unnamed hardworking surveyor(s)","109",NA,"3.28",NA,NA,NA,NA,NA,NA,NA,NA,NA,NA,NA,NA,NA,NA,NA,NA,NA,"1",NA,NA,NA,NA,NA,NA,NA,NA,NA,NA,NA,NA,45.003275064703,-93.0629692352615,NA,NA,NA,NA,NA,NA,FALSE,FALSE
"Ramsey County Parks and Recreation","alexis.lipstein@co.ramsey.mn.us","62001000","2024-07-22","3","2025-02-11 12:15:49.961946","Unnamed hardworking surveyor(s)","110","1","4.27",NA,NA,NA,"1",NA,"v",NA,NA,NA,NA,NA,NA,NA,NA,NA,NA,NA,"1",NA,NA,NA,NA,NA,NA,NA,NA,NA,NA,NA,NA,45.0032798432692,-93.0623286074844,NA,NA,NA,NA,NA,NA,FALSE,FALSE
"Ramsey County Parks and Recreation","alexis.lipstein@co.ramsey.mn.us","62001000","2024-07-22","3","2025-02-11 12:15:49.961946","Unnamed hardworking surveyor(s)","111","1","1.64",NA,NA,NA,"1","2",NA,NA,NA,NA,NA,NA,NA,NA,NA,NA,NA,NA,"1",NA,NA,NA,"1",NA,NA,NA,NA,NA,NA,"1",NA,45.0032845735432,-93.0616940700854,NA,NA,NA,NA,NA,NA,FALSE,FALSE
"Ramsey County Parks and Recreation","alexis.lipstein@co.ramsey.mn.us","62001000","2024-07-22","3","2025-02-11 12:15:49.961946","Unnamed hardworking surveyor(s)","112",NA,"1.64",NA,NA,NA,"1","2",NA,NA,NA,NA,NA,NA,NA,NA,NA,NA,NA,NA,"1",NA,NA,NA,"1",NA,NA,NA,NA,NA,NA,"1",NA,45.0028202117654,-93.0636031627394,NA,NA,NA,NA,NA,NA,FALSE,FALSE
"Ramsey County Parks and Recreation","alexis.lipstein@co.ramsey.mn.us","62001000","2024-07-22","3","2025-02-11 12:15:49.961946","Unnamed hardworking surveyor(s)","113","1","2.95",NA,NA,NA,"1","2",NA,NA,NA,NA,NA,NA,NA,NA,NA,NA,NA,NA,"1",NA,NA,NA,"1",NA,NA,NA,NA,NA,NA,"1",NA,45.0028249472565,-93.0629687421836,NA,NA,NA,NA,NA,NA,FALSE,FALSE
"Ramsey County Parks and Recreation","alexis.lipstein@co.ramsey.mn.us","62001000","2024-07-22","3","2025-02-11 12:15:49.961946","Unnamed hardworking surveyor(s)","114","1","1.31",NA,NA,NA,"1","3",NA,NA,NA,NA,NA,NA,NA,NA,NA,NA,NA,NA,"1",NA,NA,NA,"1",NA,NA,NA,NA,NA,NA,"1",NA,45.0028297267787,-93.062328007765,NA,NA,NA,NA,NA,NA,FALSE,FALSE
"Ramsey County Parks and Recreation","alexis.lipstein@co.ramsey.mn.us","62001000","2024-07-22","3","2025-02-11 12:15:49.961946","Unnamed hardworking surveyor(s)","115","1","2.3",NA,NA,NA,"1","3",NA,NA,NA,NA,NA,NA,NA,NA,NA,NA,NA,NA,"1",NA,NA,NA,"1",NA,NA,NA,NA,NA,NA,"1",NA,45.0023700942884,-93.0636026647055,NA,NA,NA,NA,NA,NA,FALSE,FALSE
"Ramsey County Parks and Recreation","alexis.lipstein@co.ramsey.mn.us","62001000","2024-07-22","3","2025-02-11 12:15:49.961946","Unnamed hardworking surveyor(s)","116","1","1.31",NA,"1",NA,"1","1",NA,NA,NA,NA,NA,NA,NA,NA,NA,NA,NA,NA,"1",NA,NA,NA,"2",NA,NA,NA,NA,NA,NA,"1",NA,45.0023748297743,-93.0629682491174,NA,NA,NA,NA,NA,NA,FALSE,FALSE
"Ramsey County Parks and Recreation","alexis.lipstein@co.ramsey.mn.us","62001000","2024-07-22","3","2025-02-11 12:15:49.961946","Unnamed hardworking surveyor(s)","117","1","3.28",NA,NA,NA,"1",NA,NA,NA,NA,NA,NA,NA,NA,NA,NA,NA,NA,NA,NA,NA,NA,NA,"1",NA,NA,"2",NA,NA,NA,"1",NA,45.0019151433442,-93.0642492133829,NA,NA,NA,NA,NA,NA,FALSE,FALSE
"Ramsey County Parks and Recreation","alexis.lipstein@co.ramsey.mn.us","62001000","2024-08-19","3","2025-02-11 12:27:46.125117","Unnamed hardworking surveyor(s)","1","1","1.31",NA,NA,NA,"1","2",NA,NA,NA,NA,NA,NA,NA,NA,"1",NA,NA,NA,"1",NA,NA,NA,"3",NA,NA,NA,NA,NA,NA,"1",NA,45.010904814255,-93.0636121099747,NA,NA,NA,NA,NA,NA,FALSE,FALSE
"Ramsey County Parks and Recreation","alexis.lipstein@co.ramsey.mn.us","62001000","2024-08-19","3","2025-02-11 12:27:46.125117","Unnamed hardworking surveyor(s)","2",NA,"3.28",NA,NA,NA,"1","1",NA,NA,NA,NA,"1",NA,NA,NA,"1",NA,NA,NA,NA,NA,NA,NA,"1","1",NA,NA,NA,NA,NA,"1",NA,45.0109051659109,-93.0629775953703,NA,NA,NA,NA,NA,NA,FALSE,FALSE
"Ramsey County Parks and Recreation","alexis.lipstein@co.ramsey.mn.us","62001000","2024-08-19","3","2025-02-11 12:27:46.125117","Unnamed hardworking surveyor(s)","3",NA,"4.59",NA,NA,NA,NA,NA,NA,NA,NA,NA,NA,NA,NA,NA,NA,NA,NA,NA,"1",NA,NA,NA,NA,NA,NA,NA,NA,NA,NA,NA,NA,45.0109055142543,-93.0623426911625,NA,NA,NA,NA,NA,NA,FALSE,FALSE
"Ramsey County Parks and Recreation","alexis.lipstein@co.ramsey.mn.us","62001000","2024-08-19","3","2025-02-11 12:27:46.125117","Unnamed hardworking surveyor(s)","4","1","1.64",NA,NA,NA,"1","1",NA,NA,NA,NA,"1",NA,NA,NA,NA,NA,NA,NA,"1",NA,NA,NA,"1",NA,NA,NA,NA,NA,NA,"1",NA,45.0109058620589,-93.0617022514374,NA,NA,NA,NA,NA,NA,FALSE,FALSE
"Ramsey County Parks and Recreation","alexis.lipstein@co.ramsey.mn.us","62001000","2024-08-19","3","2025-02-11 12:27:46.125117","Unnamed hardworking surveyor(s)","5","1","2.62",NA,NA,NA,"1","1",NA,NA,NA,NA,NA,NA,NA,NA,NA,NA,NA,NA,NA,NA,NA,NA,"3","1",NA,NA,NA,NA,NA,"2",NA,45.010906203104,-93.0610677367985,NA,NA,NA,NA,NA,NA,FALSE,FALSE
"Ramsey County Parks and Recreation","alexis.lipstein@co.ramsey.mn.us","62001000","2024-08-19","3","2025-02-11 12:27:46.125117","Unnamed hardworking surveyor(s)","6","1","0.98",NA,NA,NA,"1","1",NA,NA,NA,NA,NA,NA,NA,NA,NA,NA,NA,NA,"1",NA,NA,NA,"3",NA,NA,NA,NA,NA,NA,"1",NA,45.0109065372822,-93.0604395368383,NA,NA,NA,NA,NA,NA,FALSE,FALSE
"Ramsey County Parks and Recreation","alexis.lipstein@co.ramsey.mn.us","62001000","2024-08-19","3","2025-02-11 12:27:46.125117","Unnamed hardworking surveyor(s)","7","1","0.98",NA,NA,NA,"1","2",NA,NA,NA,NA,NA,NA,NA,NA,NA,NA,NA,NA,"1",NA,NA,NA,"1","1",NA,NA,NA,NA,NA,"1",NA,45.0109068713119,-93.0598050221771,NA,NA,NA,NA,NA,NA,FALSE,FALSE
"Ramsey County Parks and Recreation","alexis.lipstein@co.ramsey.mn.us","62001000","2024-08-19","3","2025-02-11 12:27:46.125117","Unnamed hardworking surveyor(s)","8","1","2.3",NA,NA,NA,"1","2",NA,NA,NA,NA,NA,NA,NA,NA,NA,NA,NA,NA,"1",NA,NA,NA,NA,NA,NA,NA,NA,NA,NA,"1",NA,45.0104759435173,-93.0642472051344,NA,NA,NA,NA,NA,NA,FALSE,FALSE
"Ramsey County Parks and Recreation","alexis.lipstein@co.ramsey.mn.us","62001000","2024-08-19","3","2025-02-11 12:27:46.125117","Unnamed hardworking surveyor(s)","9","1","3.61",NA,NA,NA,NA,NA,NA,NA,NA,NA,NA,NA,NA,NA,NA,NA,NA,NA,"1",NA,NA,NA,NA,"1",NA,NA,NA,NA,NA,NA,NA,45.0104748598848,-93.0636116340484,NA,NA,NA,NA,NA,"3",FALSE,FALSE
"Ramsey County Parks and Recreation","alexis.lipstein@co.ramsey.mn.us","62001000","2024-08-19","3","2025-02-11 12:27:46.125117","Unnamed hardworking surveyor(s)","10","1","4.27",NA,NA,NA,NA,NA,NA,NA,NA,NA,NA,NA,NA,NA,NA,NA,NA,NA,"1",NA,NA,NA,NA,NA,NA,NA,NA,NA,NA,NA,NA,45.0104737739312,-93.0629771226159,NA,NA,NA,NA,NA,NA,FALSE,FALSE
"Ramsey County Parks and Recreation","alexis.lipstein@co.ramsey.mn.us","62001000","2024-08-19","3","2025-02-11 12:27:46.125117","Unnamed hardworking surveyor(s)","11","1","5.25",NA,NA,NA,NA,NA,NA,NA,NA,NA,NA,NA,NA,NA,NA,NA,NA,NA,"2",NA,NA,NA,NA,NA,NA,NA,NA,NA,NA,NA,NA,45.0104726830449,-93.0623418916674,NA,NA,NA,NA,NA,NA,FALSE,FALSE
"Ramsey County Parks and Recreation","alexis.lipstein@co.ramsey.mn.us","62001000","2024-08-19","3","2025-02-11 12:27:46.125117","Unnamed hardworking surveyor(s)","12",NA,"5.25",NA,NA,NA,NA,NA,NA,NA,NA,NA,NA,NA,NA,NA,NA,NA,NA,NA,"2",NA,NA,NA,NA,NA,NA,NA,NA,NA,NA,NA,NA,45.0104715813574,-93.061701785155,NA,NA,NA,NA,NA,NA,FALSE,FALSE
"Ramsey County Parks and Recreation","alexis.lipstein@co.ramsey.mn.us","62001000","2024-08-19","3","2025-02-11 12:27:46.125117","Unnamed hardworking surveyor(s)","13","1","4.92",NA,NA,NA,NA,NA,NA,NA,NA,NA,NA,NA,NA,NA,NA,NA,NA,NA,"1",NA,NA,NA,NA,NA,NA,NA,NA,NA,NA,NA,NA,45.010470484793,-93.0610672737835,NA,NA,NA,NA,NA,"1",FALSE,FALSE
"Ramsey County Parks and Recreation","alexis.lipstein@co.ramsey.mn.us","62001000","2024-08-19","3","2025-02-11 12:27:46.125117","Unnamed hardworking surveyor(s)","14",NA,"3.94",NA,NA,NA,NA,NA,NA,NA,NA,NA,NA,NA,NA,NA,NA,NA,NA,NA,NA,NA,NA,NA,NA,NA,NA,NA,NA,NA,NA,NA,NA,45.010469395765,-93.0604390770894,NA,NA,NA,NA,NA,"1",FALSE,FALSE
"Ramsey County Parks and Recreation","alexis.lipstein@co.ramsey.mn.us","62001000","2024-08-19","3","2025-02-11 12:27:46.125117","Unnamed hardworking surveyor(s)","15",NA,"1.64",NA,NA,NA,"1","2",NA,NA,NA,NA,NA,NA,NA,NA,NA,NA,NA,NA,"1",NA,NA,NA,"1",NA,NA,NA,NA,NA,NA,"1",NA,45.0104682921852,-93.0598045657588,NA,NA,NA,NA,NA,NA,FALSE,FALSE
"Ramsey County Parks and Recreation","alexis.lipstein@co.ramsey.mn.us","62001000","2024-08-19","3","2025-02-11 12:27:46.125117","Unnamed hardworking surveyor(s)","16","1","1.64",NA,NA,NA,"1","1",NA,NA,NA,NA,NA,NA,NA,NA,NA,NA,NA,NA,"1",NA,NA,NA,"1",NA,NA,NA,NA,NA,NA,"1",NA,45.0104671859805,-93.0591700544499,NA,NA,NA,NA,NA,NA,FALSE,FALSE
"Ramsey County Parks and Recreation","alexis.lipstein@co.ramsey.mn.us","62001000","2024-08-19","3","2025-02-11 12:27:46.125117","Unnamed hardworking surveyor(s)","17","1","1.64",NA,NA,NA,"1","1",NA,NA,NA,NA,NA,NA,NA,NA,NA,NA,NA,NA,"1",NA,NA,NA,"2",NA,NA,NA,NA,NA,NA,"1",NA,45.0104660753503,-93.0585355431608,NA,NA,NA,NA,NA,NA,FALSE,FALSE
"Ramsey County Parks and Recreation","alexis.lipstein@co.ramsey.mn.us","62001000","2024-08-19","3","2025-02-11 12:27:46.125117","Unnamed hardworking surveyor(s)","18",NA,"2.95",NA,NA,NA,NA,NA,NA,NA,NA,NA,NA,NA,NA,NA,NA,NA,NA,NA,"2",NA,NA,NA,"1",NA,NA,NA,NA,NA,NA,NA,NA,45.0100042676292,-93.0642473161335,NA,NA,NA,NA,NA,NA,FALSE,FALSE
"Ramsey County Parks and Recreation","alexis.lipstein@co.ramsey.mn.us","62001000","2024-08-19","3","2025-02-11 12:27:46.125117","Unnamed hardworking surveyor(s)","19","1","3.94",NA,NA,NA,NA,NA,NA,NA,NA,NA,NA,NA,NA,NA,NA,NA,NA,NA,NA,NA,NA,NA,NA,NA,NA,NA,NA,NA,NA,NA,NA,45.0100046237545,-93.0636111135456,NA,NA,NA,NA,NA,"2",FALSE,FALSE
"Ramsey County Parks and Recreation","alexis.lipstein@co.ramsey.mn.us","62001000","2024-08-19","3","2025-02-11 12:27:46.125117","Unnamed hardworking surveyor(s)","20","1","4.59",NA,NA,NA,"1",NA,NA,NA,NA,NA,NA,NA,NA,NA,NA,NA,NA,NA,NA,NA,NA,NA,NA,NA,NA,NA,NA,NA,NA,NA,NA,45.0100049753995,-93.0629766088804,NA,NA,NA,NA,NA,"3",FALSE,FALSE
"Ramsey County Parks and Recreation","alexis.lipstein@co.ramsey.mn.us","62001000","2024-08-19","3","2025-02-11 12:27:46.125117","Unnamed hardworking surveyor(s)","21",NA,"4.27",NA,NA,NA,NA,NA,NA,NA,NA,NA,NA,NA,NA,NA,NA,NA,NA,NA,"2",NA,NA,NA,NA,NA,NA,NA,NA,NA,NA,NA,NA,45.0100053241067,-93.0623410280836,NA,NA,NA,NA,NA,NA,FALSE,FALSE
"Ramsey County Parks and Recreation","alexis.lipstein@co.ramsey.mn.us","62001000","2024-08-19","3","2025-02-11 12:27:46.125117","Unnamed hardworking surveyor(s)","22","1","6.56",NA,NA,NA,NA,NA,NA,NA,NA,NA,NA,NA,NA,NA,NA,NA,NA,NA,NA,NA,NA,NA,NA,"1",NA,NA,NA,NA,NA,NA,NA,45.0100056715257,-93.0617012849246,NA,NA,NA,NA,NA,"1",FALSE,FALSE
"Ramsey County Parks and Recreation","alexis.lipstein@co.ramsey.mn.us","62001000","2024-08-19","3","2025-02-11 12:27:46.125117","Unnamed hardworking surveyor(s)","23",NA,"6.89",NA,NA,NA,NA,NA,NA,NA,NA,NA,NA,NA,NA,NA,NA,NA,NA,NA,"1",NA,NA,NA,NA,NA,NA,NA,NA,NA,NA,NA,NA,45.0100060125601,-93.0610667802248,NA,NA,NA,NA,NA,NA,FALSE,FALSE
"Ramsey County Parks and Recreation","alexis.lipstein@co.ramsey.mn.us","62001000","2024-08-19","3","2025-02-11 12:27:46.125117","Unnamed hardworking surveyor(s)","24",NA,"4.59",NA,NA,NA,NA,NA,"1",NA,NA,NA,NA,NA,NA,NA,NA,NA,NA,NA,"1",NA,NA,NA,NA,NA,NA,NA,NA,NA,NA,NA,NA,45.0100063467279,-93.0604385901048,NA,NA,NA,NA,NA,NA,FALSE,FALSE
"Ramsey County Parks and Recreation","alexis.lipstein@co.ramsey.mn.us","62001000","2024-08-19","3","2025-02-11 12:27:46.125117","Unnamed hardworking surveyor(s)","25","1","4.92",NA,NA,NA,NA,NA,NA,NA,NA,NA,NA,NA,NA,NA,NA,NA,NA,NA,NA,NA,NA,NA,NA,NA,NA,NA,NA,NA,NA,NA,NA,45.0100066807472,-93.0598040853827,NA,NA,NA,NA,NA,"3",FALSE,FALSE
"Ramsey County Parks and Recreation","alexis.lipstein@co.ramsey.mn.us","62001000","2024-08-19","3","2025-02-11 12:27:46.125117","Unnamed hardworking surveyor(s)","26",NA,"2.95",NA,NA,NA,NA,NA,NA,NA,NA,NA,NA,NA,NA,NA,NA,NA,NA,NA,NA,NA,NA,NA,NA,NA,NA,NA,NA,NA,NA,NA,NA,45.0100070112413,-93.0591695806497,NA,NA,NA,NA,NA,NA,FALSE,FALSE
"Ramsey County Parks and Recreation","alexis.lipstein@co.ramsey.mn.us","62001000","2024-08-19","3","2025-02-11 12:27:46.125117","Unnamed hardworking surveyor(s)","27","2","1.64",NA,NA,NA,"1",NA,NA,NA,NA,"1",NA,NA,NA,NA,NA,NA,NA,NA,"1",NA,NA,NA,"1",NA,NA,NA,NA,NA,NA,"1",NA,45.0100073382102,-93.0585350759057,NA,NA,NA,NA,NA,NA,FALSE,FALSE
"Ramsey County Parks and Recreation","alexis.lipstein@co.ramsey.mn.us","62001000","2024-08-19","3","2025-02-11 12:27:46.125117","Unnamed hardworking surveyor(s)","28","2","2.62",NA,NA,NA,NA,"1",NA,NA,NA,NA,NA,NA,NA,NA,NA,NA,NA,NA,"1",NA,NA,NA,"3",NA,NA,NA,NA,NA,NA,"1",NA,45.010007661654,-93.057900571151,NA,NA,NA,NA,NA,NA,FALSE,FALSE
"Ramsey County Parks and Recreation","alexis.lipstein@co.ramsey.mn.us","62001000","2024-08-19","3","2025-02-11 12:27:46.125117","Unnamed hardworking surveyor(s)","29",NA,"1.64",NA,NA,NA,NA,NA,NA,NA,NA,NA,NA,NA,NA,NA,NA,NA,NA,NA,"1",NA,NA,NA,NA,NA,NA,NA,NA,NA,NA,NA,NA,45.0095611925808,-93.0642474197701,NA,NA,NA,NA,NA,"3",FALSE,FALSE
"Ramsey County Parks and Recreation","alexis.lipstein@co.ramsey.mn.us","62001000","2024-08-19","3","2025-02-11 12:27:46.125117","Unnamed hardworking surveyor(s)","30",NA,"4.27",NA,NA,NA,NA,NA,NA,NA,NA,NA,NA,NA,NA,NA,NA,NA,NA,NA,"1",NA,NA,NA,NA,NA,NA,NA,NA,NA,NA,NA,NA,45.0095611052436,-93.0636106226282,NA,NA,NA,NA,NA,"1",FALSE,FALSE
"Ramsey County Parks and Recreation","alexis.lipstein@co.ramsey.mn.us","62001000","2024-08-19","3","2025-02-11 12:27:46.125117","Unnamed hardworking surveyor(s)","31","1","4.92",NA,NA,NA,NA,NA,NA,NA,NA,NA,NA,NA,NA,NA,NA,NA,NA,NA,"1",NA,NA,NA,NA,NA,NA,NA,NA,NA,NA,NA,NA,45.0095610139894,-93.0629761223744,NA,NA,NA,NA,NA,"3",FALSE,FALSE
"Ramsey County Parks and Recreation","alexis.lipstein@co.ramsey.mn.us","62001000","2024-08-19","3","2025-02-11 12:27:46.125117","Unnamed hardworking surveyor(s)","32",NA,"6.56",NA,NA,NA,NA,NA,NA,NA,NA,NA,NA,NA,NA,NA,NA,NA,NA,NA,"1",NA,NA,NA,NA,NA,NA,NA,NA,NA,NA,NA,NA,45.0095609199824,-93.0623402071843,NA,NA,NA,NA,NA,NA,FALSE,FALSE
"Ramsey County Parks and Recreation","alexis.lipstein@co.ramsey.mn.us","62001000","2024-08-19","3","2025-02-11 12:27:46.125117","Unnamed hardworking surveyor(s)","33",NA,"5.91",NA,NA,NA,NA,NA,NA,NA,NA,NA,NA,NA,NA,NA,NA,NA,NA,NA,"1",NA,NA,NA,NA,NA,NA,NA,NA,NA,NA,NA,NA,45.0095608207165,-93.0617008073158,NA,NA,NA,NA,NA,"2",FALSE,FALSE
"Ramsey County Parks and Recreation","alexis.lipstein@co.ramsey.mn.us","62001000","2024-08-19","3","2025-02-11 12:27:46.125117","Unnamed hardworking surveyor(s)","34",NA,"5.91",NA,NA,NA,NA,NA,NA,NA,NA,NA,NA,NA,NA,NA,NA,NA,NA,NA,"1",NA,NA,NA,NA,NA,NA,NA,NA,NA,NA,NA,NA,45.0095607197521,-93.0610663070579,NA,NA,NA,NA,NA,NA,FALSE,FALSE
"Ramsey County Parks and Recreation","alexis.lipstein@co.ramsey.mn.us","62001000","2024-08-19","3","2025-02-11 12:27:46.125117","Unnamed hardworking surveyor(s)","35",NA,"3.28",NA,NA,NA,NA,NA,NA,NA,NA,NA,NA,NA,NA,NA,NA,NA,NA,NA,"1",NA,NA,NA,NA,NA,NA,NA,NA,NA,NA,NA,NA,45.0095606155219,-93.0604381213442,NA,NA,NA,NA,NA,NA,FALSE,FALSE
"Ramsey County Parks and Recreation","alexis.lipstein@co.ramsey.mn.us","62001000","2024-08-19","3","2025-02-11 12:27:46.125117","Unnamed hardworking surveyor(s)","36","2","2.62",NA,NA,NA,NA,NA,NA,NA,NA,NA,NA,NA,NA,NA,NA,NA,NA,NA,"1",NA,NA,NA,NA,NA,NA,NA,NA,NA,NA,NA,NA,45.0095605066421,-93.0598036210825,NA,NA,NA,NA,NA,NA,FALSE,FALSE
"Ramsey County Parks and Recreation","alexis.lipstein@co.ramsey.mn.us","62001000","2024-08-19","3","2025-02-11 12:27:46.125117","Unnamed hardworking surveyor(s)","37","3","1.64",NA,NA,NA,"1",NA,NA,NA,NA,NA,NA,NA,NA,NA,NA,NA,NA,NA,"1",NA,NA,NA,NA,"1",NA,NA,NA,NA,NA,NA,NA,45.0095603951375,-93.0591691208205,NA,NA,NA,NA,NA,NA,FALSE,FALSE
"Ramsey County Parks and Recreation","alexis.lipstein@co.ramsey.mn.us","62001000","2024-08-19","3","2025-02-11 12:27:46.125117","Unnamed hardworking surveyor(s)","38","2","1.64",NA,NA,NA,"1","2",NA,NA,NA,NA,NA,NA,NA,NA,NA,NA,NA,NA,"1",NA,NA,NA,"1",NA,NA,NA,NA,NA,NA,"1",NA,45.0095602792075,-93.0585346205564,NA,NA,NA,NA,NA,NA,FALSE,FALSE
"Ramsey County Parks and Recreation","alexis.lipstein@co.ramsey.mn.us","62001000","2024-08-19","3","2025-02-11 12:27:46.125117","Unnamed hardworking surveyor(s)","39","2","0.98",NA,NA,"v","1",NA,NA,NA,NA,"1",NA,NA,NA,NA,NA,NA,NA,NA,"1",NA,NA,NA,"3",NA,NA,NA,NA,NA,NA,"1",NA,45.0095601606526,-93.0579001202923,NA,NA,NA,NA,NA,NA,FALSE,FALSE
"Ramsey County Parks and Recreation","alexis.lipstein@co.ramsey.mn.us","62001000","2024-08-19","3","2025-02-11 12:27:46.125117","Unnamed hardworking surveyor(s)","40",NA,"1.64",NA,NA,"v",NA,NA,NA,NA,NA,NA,NA,NA,NA,NA,NA,NA,NA,NA,"2",NA,NA,NA,NA,NA,NA,NA,NA,NA,NA,NA,NA,45.0091051073543,-93.0636101179096,NA,NA,NA,NA,NA,NA,FALSE,FALSE
"Ramsey County Parks and Recreation","alexis.lipstein@co.ramsey.mn.us","62001000","2024-08-19","3","2025-02-11 12:27:46.125117","Unnamed hardworking surveyor(s)","41",NA,"4.92",NA,NA,NA,NA,NA,NA,NA,NA,NA,NA,NA,NA,NA,NA,NA,NA,NA,"1",NA,NA,NA,NA,NA,NA,NA,NA,NA,NA,NA,NA,45.0091054589884,-93.0629756231756,NA,NA,NA,NA,NA,NA,FALSE,FALSE
"Ramsey County Parks and Recreation","alexis.lipstein@co.ramsey.mn.us","62001000","2024-08-19","3","2025-02-11 12:27:46.125117","Unnamed hardworking surveyor(s)","42",NA,"6.56",NA,NA,NA,NA,NA,NA,NA,NA,NA,NA,NA,NA,NA,NA,NA,NA,NA,NA,NA,NA,NA,NA,NA,NA,NA,NA,NA,NA,NA,NA,45.0091058080588,-93.0623393670726,NA,NA,NA,NA,NA,"1",FALSE,FALSE
"Ramsey County Parks and Recreation","alexis.lipstein@co.ramsey.mn.us","62001000","2024-08-19","3","2025-02-11 12:27:46.125117","Unnamed hardworking surveyor(s)","43",NA,"6.56",NA,NA,NA,NA,NA,NA,NA,NA,NA,NA,NA,NA,NA,NA,NA,NA,NA,"1",NA,NA,NA,NA,NA,NA,NA,NA,NA,NA,NA,NA,45.0091061550929,-93.0617003191811,NA,NA,NA,NA,NA,"2",FALSE,FALSE
"Ramsey County Parks and Recreation","alexis.lipstein@co.ramsey.mn.us","62001000","2024-08-19","3","2025-02-11 12:27:46.125117","Unnamed hardworking surveyor(s)","44",NA,"5.91",NA,NA,NA,NA,NA,NA,NA,NA,NA,NA,NA,NA,NA,NA,NA,NA,NA,"1",NA,NA,NA,NA,NA,NA,NA,NA,NA,NA,NA,NA,45.0091064961167,-93.0610658244125,NA,NA,NA,NA,NA,"2",FALSE,FALSE
"Ramsey County Parks and Recreation","alexis.lipstein@co.ramsey.mn.us","62001000","2024-08-19","3","2025-02-11 12:27:46.125117","Unnamed hardworking surveyor(s)","45",NA,"5.91",NA,NA,NA,NA,NA,"1",NA,NA,NA,NA,NA,NA,NA,NA,NA,NA,NA,"1",NA,NA,NA,NA,NA,NA,NA,NA,NA,NA,NA,NA,45.009106830274,-93.0604376441248,NA,NA,NA,NA,NA,NA,FALSE,FALSE
"Ramsey County Parks and Recreation","alexis.lipstein@co.ramsey.mn.us","62001000","2024-08-19","3","2025-02-11 12:27:46.125117","Unnamed hardworking surveyor(s)","46","1","4.59",NA,NA,NA,NA,NA,NA,NA,NA,NA,NA,NA,NA,NA,NA,NA,NA,NA,NA,NA,NA,NA,NA,NA,NA,NA,NA,NA,NA,NA,NA,45.0091071642829,-93.059803149334,NA,NA,NA,NA,NA,"3",FALSE,FALSE
"Ramsey County Parks and Recreation","alexis.lipstein@co.ramsey.mn.us","62001000","2024-08-19","3","2025-02-11 12:27:46.125117","Unnamed hardworking surveyor(s)","47","2","1.64",NA,NA,NA,"1","2",NA,NA,NA,NA,NA,NA,NA,NA,NA,NA,NA,NA,"1",NA,NA,NA,"1",NA,NA,NA,NA,NA,NA,"1",NA,45.0091074947667,-93.0591686545321,NA,NA,NA,NA,NA,NA,FALSE,FALSE
"Ramsey County Parks and Recreation","alexis.lipstein@co.ramsey.mn.us","62001000","2024-08-19","3","2025-02-11 12:27:46.125117","Unnamed hardworking surveyor(s)","48","2","1.64",NA,NA,NA,"1",NA,NA,NA,NA,NA,NA,NA,NA,NA,NA,NA,NA,NA,"1",NA,NA,NA,"3","1",NA,NA,NA,NA,NA,NA,NA,45.0091078217254,-93.0585341597194,NA,NA,NA,NA,NA,NA,FALSE,FALSE
"Ramsey County Parks and Recreation","alexis.lipstein@co.ramsey.mn.us","62001000","2024-08-19","3","2025-02-11 12:27:46.125117","Unnamed hardworking surveyor(s)","49","3","1.64",NA,NA,NA,"1",NA,NA,NA,NA,NA,NA,NA,NA,NA,NA,NA,NA,NA,"2",NA,NA,NA,"3",NA,NA,NA,NA,NA,NA,"1",NA,45.0091081451591,-93.0578996648959,NA,NA,NA,NA,NA,NA,FALSE,FALSE
"Ramsey County Parks and Recreation","alexis.lipstein@co.ramsey.mn.us","62001000","2024-08-19","3","2025-02-11 12:27:46.125117","Unnamed hardworking surveyor(s)","50",NA,"2.3",NA,NA,NA,NA,NA,NA,NA,NA,NA,NA,NA,NA,NA,NA,NA,NA,NA,"1",NA,NA,NA,NA,NA,NA,NA,NA,NA,NA,NA,NA,45.0086550119794,-93.0636096197361,NA,NA,NA,NA,NA,NA,FALSE,FALSE
"Ramsey County Parks and Recreation","alexis.lipstein@co.ramsey.mn.us","62001000","2024-08-19","3","2025-02-11 12:27:46.125117","Unnamed hardworking surveyor(s)","51",NA,"5.91",NA,NA,NA,NA,NA,NA,NA,NA,NA,NA,NA,NA,NA,NA,NA,NA,NA,NA,NA,NA,NA,NA,NA,NA,NA,NA,NA,NA,NA,NA,45.008655363608,-93.0629751299712,NA,NA,NA,NA,NA,"2",FALSE,FALSE
"Ramsey County Parks and Recreation","alexis.lipstein@co.ramsey.mn.us","62001000","2024-08-19","3","2025-02-11 12:27:46.125117","Unnamed hardworking surveyor(s)","52",NA,"6.56",NA,NA,NA,NA,NA,NA,NA,NA,NA,NA,NA,NA,NA,NA,NA,NA,NA,"1",NA,NA,NA,NA,NA,NA,NA,NA,NA,NA,NA,NA,45.0086557128607,-93.0623385349577,NA,NA,NA,NA,NA,NA,FALSE,FALSE
"Ramsey County Parks and Recreation","alexis.lipstein@co.ramsey.mn.us","62001000","2024-08-19","3","2025-02-11 12:27:46.125117","Unnamed hardworking surveyor(s)","53",NA,"5.91",NA,NA,NA,NA,NA,NA,NA,NA,NA,NA,NA,NA,NA,NA,NA,NA,NA,"1",NA,NA,NA,NA,NA,NA,NA,NA,NA,NA,NA,NA,45.0086560597016,-93.0616998359644,NA,NA,NA,NA,NA,"2",FALSE,FALSE
"Ramsey County Parks and Recreation","alexis.lipstein@co.ramsey.mn.us","62001000","2024-08-19","3","2025-02-11 12:27:46.125117","Unnamed hardworking surveyor(s)","54","1","4.92",NA,NA,NA,"1",NA,NA,NA,NA,NA,NA,NA,NA,NA,NA,NA,NA,NA,"1",NA,NA,NA,NA,NA,NA,NA,NA,NA,NA,NA,NA,45.0086564007201,-93.061065346165,NA,NA,NA,NA,NA,"2",FALSE,FALSE
"Ramsey County Parks and Recreation","alexis.lipstein@co.ramsey.mn.us","62001000","2024-08-19","3","2025-02-11 12:27:46.125117","Unnamed hardworking surveyor(s)","55","1","4.92",NA,NA,NA,NA,NA,NA,NA,NA,NA,NA,NA,NA,NA,NA,NA,NA,NA,NA,NA,NA,NA,NA,NA,NA,NA,NA,NA,NA,NA,NA,45.0086567348723,-93.060437170797,NA,NA,NA,NA,NA,"1",FALSE,FALSE
"Ramsey County Parks and Recreation","alexis.lipstein@co.ramsey.mn.us","62001000","2024-08-19","3","2025-02-11 12:27:46.125117","Unnamed hardworking surveyor(s)","56","1","3.94",NA,NA,NA,"1","2",NA,NA,NA,NA,NA,NA,NA,NA,NA,NA,NA,NA,NA,NA,NA,NA,"1",NA,NA,NA,NA,NA,NA,"1",NA,45.0086570688759,-93.0598026809753,NA,NA,NA,NA,NA,"2",FALSE,FALSE
"Ramsey County Parks and Recreation","alexis.lipstein@co.ramsey.mn.us","62001000","2024-08-19","3","2025-02-11 12:27:46.125117","Unnamed hardworking surveyor(s)","57",NA,"1.64",NA,NA,NA,"1","2",NA,NA,NA,NA,NA,NA,NA,NA,NA,NA,NA,NA,"1",NA,NA,NA,"1",NA,NA,NA,NA,NA,NA,"1",NA,45.0086573993545,-93.0591681911426,NA,NA,NA,NA,NA,"2",FALSE,FALSE
"Ramsey County Parks and Recreation","alexis.lipstein@co.ramsey.mn.us","62001000","2024-08-19","3","2025-02-11 12:27:46.125117","Unnamed hardworking surveyor(s)","58",NA,"2.62",NA,NA,NA,NA,NA,NA,NA,NA,NA,NA,NA,NA,NA,NA,NA,NA,NA,"3",NA,NA,NA,NA,NA,NA,NA,NA,NA,NA,NA,NA,45.008205268192,-93.0629746367784,NA,NA,NA,NA,NA,NA,FALSE,FALSE
"Ramsey County Parks and Recreation","alexis.lipstein@co.ramsey.mn.us","62001000","2024-08-19","3","2025-02-11 12:27:46.125117","Unnamed hardworking surveyor(s)","59",NA,"6.56",NA,NA,NA,NA,NA,NA,NA,NA,NA,NA,NA,NA,NA,NA,NA,NA,NA,"1",NA,NA,NA,NA,NA,NA,NA,NA,NA,NA,NA,NA,45.0082056176262,-93.0623377041286,NA,NA,NA,NA,NA,NA,FALSE,FALSE
"Ramsey County Parks and Recreation","alexis.lipstein@co.ramsey.mn.us","62001000","2024-08-19","3","2025-02-11 12:27:46.125117","Unnamed hardworking surveyor(s)","60","1","5.91",NA,NA,NA,NA,NA,NA,NA,NA,NA,NA,NA,NA,NA,NA,NA,NA,NA,"2",NA,NA,NA,NA,NA,NA,NA,NA,NA,NA,NA,NA,45.0082059642747,-93.0616993527591,NA,NA,NA,NA,NA,"2",FALSE,FALSE
"Ramsey County Parks and Recreation","alexis.lipstein@co.ramsey.mn.us","62001000","2024-08-19","3","2025-02-11 12:27:46.125117","Unnamed hardworking surveyor(s)","61",NA,"5.91",NA,NA,NA,NA,NA,NA,NA,NA,NA,NA,NA,NA,NA,NA,NA,NA,NA,"1",NA,NA,NA,NA,NA,NA,NA,NA,NA,NA,NA,NA,45.0082063052879,-93.0610648679287,NA,NA,NA,NA,NA,"1",FALSE,FALSE
"Ramsey County Parks and Recreation","alexis.lipstein@co.ramsey.mn.us","62001000","2024-08-19","3","2025-02-11 12:27:46.125117","Unnamed hardworking surveyor(s)","62",NA,"4.27",NA,NA,NA,NA,NA,NA,NA,NA,NA,NA,NA,NA,NA,NA,NA,NA,NA,"1",NA,NA,NA,NA,NA,NA,NA,NA,NA,NA,NA,NA,45.0082066394349,-93.0604366974803,NA,NA,NA,NA,NA,"2",FALSE,FALSE
"Ramsey County Parks and Recreation","alexis.lipstein@co.ramsey.mn.us","62001000","2024-08-19","3","2025-02-11 12:27:46.125117","Unnamed hardworking surveyor(s)","63","1","1.64",NA,NA,NA,"1","2",NA,NA,NA,"1","1",NA,NA,NA,"1",NA,NA,NA,"1",NA,NA,NA,"1",NA,NA,NA,NA,NA,NA,"1",NA,45.0082069734333,-93.0598022126277,NA,NA,NA,NA,NA,NA,FALSE,FALSE
"Ramsey County Parks and Recreation","alexis.lipstein@co.ramsey.mn.us","62001000","2024-08-19","3","2025-02-11 12:27:46.125117","Unnamed hardworking surveyor(s)","64",NA,"1.64",NA,NA,NA,NA,NA,NA,NA,NA,NA,NA,NA,NA,NA,NA,NA,NA,NA,"1",NA,NA,NA,NA,NA,NA,NA,NA,NA,NA,NA,NA,45.0077612265244,-93.0629741502304,NA,NA,NA,NA,NA,NA,FALSE,FALSE
"Ramsey County Parks and Recreation","alexis.lipstein@co.ramsey.mn.us","62001000","2024-08-19","3","2025-02-11 12:27:46.125117","Unnamed hardworking surveyor(s)","65",NA,"7.55",NA,NA,NA,NA,NA,NA,NA,NA,NA,NA,NA,NA,NA,NA,NA,NA,NA,"1",NA,NA,NA,NA,NA,NA,NA,NA,NA,NA,NA,NA,45.007761080133,-93.0623368831513,NA,NA,NA,NA,NA,NA,FALSE,FALSE
"Ramsey County Parks and Recreation","alexis.lipstein@co.ramsey.mn.us","62001000","2024-08-19","3","2025-02-11 12:27:46.125117","Unnamed hardworking surveyor(s)","66",NA,"9.19",NA,NA,NA,NA,NA,NA,NA,NA,NA,NA,NA,NA,NA,NA,NA,NA,NA,"1",NA,NA,NA,NA,NA,NA,NA,NA,NA,NA,NA,NA,45.0077609296858,-93.0616988749982,NA,NA,NA,NA,NA,NA,FALSE,FALSE
"Ramsey County Parks and Recreation","alexis.lipstein@co.ramsey.mn.us","62001000","2024-08-19","3","2025-02-11 12:27:46.125117","Unnamed hardworking surveyor(s)","67",NA,"5.91",NA,NA,NA,NA,NA,NA,NA,NA,NA,NA,NA,NA,NA,NA,NA,NA,NA,"3",NA,NA,NA,NA,NA,NA,NA,NA,NA,NA,NA,NA,45.0077607773891,-93.0610643945567,NA,NA,NA,NA,NA,NA,FALSE,FALSE
"Ramsey County Parks and Recreation","alexis.lipstein@co.ramsey.mn.us","62001000","2024-08-19","3","2025-02-11 12:27:46.125117","Unnamed hardworking surveyor(s)","68",NA,"1.64",NA,NA,NA,NA,NA,NA,NA,NA,NA,NA,NA,NA,NA,NA,NA,NA,NA,NA,NA,NA,NA,NA,NA,NA,NA,NA,NA,NA,NA,NA,45.007760621827,-93.0604362284628,NA,NA,NA,NA,NA,"3",FALSE,FALSE
"Ramsey County Parks and Recreation","alexis.lipstein@co.ramsey.mn.us","62001000","2024-08-19","3","2025-02-11 12:27:46.125117","Unnamed hardworking surveyor(s)","69",NA,"0.98",NA,NA,NA,NA,NA,NA,NA,NA,NA,NA,NA,NA,NA,NA,NA,NA,NA,NA,NA,NA,NA,NA,NA,NA,NA,NA,NA,NA,NA,NA,45.0077601324178,-93.0585327871356,NA,NA,NA,NA,NA,NA,FALSE,FALSE
"Ramsey County Parks and Recreation","alexis.lipstein@co.ramsey.mn.us","62001000","2024-08-19","3","2025-02-11 12:27:46.125117","Unnamed hardworking surveyor(s)","70","1","3.61",NA,NA,NA,NA,NA,NA,NA,NA,NA,NA,NA,NA,NA,NA,NA,NA,NA,NA,NA,NA,NA,NA,NA,NA,NA,NA,NA,NA,NA,NA,45.0073054270511,-93.062336041252,NA,NA,NA,NA,NA,"1",FALSE,FALSE
"Ramsey County Parks and Recreation","alexis.lipstein@co.ramsey.mn.us","62001000","2024-08-19","3","2025-02-11 12:27:46.125117","Unnamed hardworking surveyor(s)","71",NA,"9.19",NA,NA,NA,NA,NA,NA,NA,NA,NA,NA,NA,NA,NA,NA,NA,NA,NA,"2",NA,NA,NA,NA,NA,NA,NA,NA,NA,NA,NA,NA,45.0073057733141,-93.0616983863826,NA,NA,NA,NA,NA,NA,FALSE,FALSE
"Ramsey County Parks and Recreation","alexis.lipstein@co.ramsey.mn.us","62001000","2024-08-19","3","2025-02-11 12:27:46.125117","Unnamed hardworking surveyor(s)","72",NA,"9.19",NA,NA,NA,NA,NA,NA,NA,NA,NA,NA,NA,NA,NA,NA,NA,NA,NA,"2",NA,NA,NA,NA,NA,NA,NA,NA,NA,NA,NA,NA,45.0073061143166,-93.0610639114899,NA,NA,NA,NA,NA,NA,FALSE,FALSE
"Ramsey County Parks and Recreation","alexis.lipstein@co.ramsey.mn.us","62001000","2024-08-19","3","2025-02-11 12:27:46.125117","Unnamed hardworking surveyor(s)","73","1","6.56",NA,NA,NA,NA,NA,NA,NA,NA,NA,NA,NA,NA,NA,NA,NA,NA,NA,NA,NA,NA,NA,NA,NA,NA,NA,NA,NA,NA,NA,NA,45.0073064484531,-93.0604357508803,NA,NA,NA,NA,NA,"1",FALSE,FALSE
"Ramsey County Parks and Recreation","alexis.lipstein@co.ramsey.mn.us","62001000","2024-08-19","3","2025-02-11 12:27:46.125117","Unnamed hardworking surveyor(s)","74","1","0.98",NA,NA,NA,"1",NA,NA,NA,NA,NA,NA,NA,NA,NA,NA,NA,NA,NA,"1",NA,NA,NA,"2",NA,NA,NA,NA,NA,NA,"3",NA,45.0073071129043,-93.0591668010395,NA,NA,NA,NA,NA,NA,FALSE,FALSE
"Ramsey County Parks and Recreation","alexis.lipstein@co.ramsey.mn.us","62001000","2024-08-19","3","2025-02-11 12:27:46.125117","Unnamed hardworking surveyor(s)","75","1","4.27",NA,NA,NA,NA,NA,NA,NA,NA,NA,NA,NA,NA,NA,NA,NA,NA,NA,"3",NA,NA,NA,NA,NA,NA,NA,NA,NA,NA,NA,NA,45.0068470283506,-93.0623351951233,NA,NA,NA,NA,NA,"1",FALSE,FALSE
"Ramsey County Parks and Recreation","alexis.lipstein@co.ramsey.mn.us","62001000","2024-08-19","3","2025-02-11 12:27:46.125117","Unnamed hardworking surveyor(s)","76",NA,"5.91",NA,NA,NA,NA,NA,NA,NA,NA,NA,NA,NA,NA,NA,NA,NA,NA,NA,"2",NA,NA,NA,NA,NA,NA,NA,NA,NA,NA,NA,NA,45.0068480765667,-93.0616978950517,NA,NA,NA,NA,NA,NA,FALSE,FALSE
"Ramsey County Parks and Recreation","alexis.lipstein@co.ramsey.mn.us","62001000","2024-08-19","3","2025-02-11 12:27:46.125117","Unnamed hardworking surveyor(s)","77",NA,"7.55",NA,NA,NA,NA,NA,NA,NA,NA,NA,NA,NA,NA,NA,NA,NA,NA,NA,"1",NA,NA,NA,NA,NA,NA,NA,NA,NA,NA,NA,NA,45.0068491170123,-93.0610634259547,NA,NA,NA,NA,NA,"3",FALSE,FALSE
"Ramsey County Parks and Recreation","alexis.lipstein@co.ramsey.mn.us","62001000","2024-08-19","3","2025-02-11 12:27:46.125117","Unnamed hardworking surveyor(s)","78","1","6.56",NA,NA,NA,NA,NA,NA,NA,NA,NA,NA,NA,NA,NA,NA,NA,NA,NA,NA,NA,NA,NA,NA,NA,NA,NA,NA,NA,NA,NA,NA,45.0068501433905,-93.0604352710677,NA,NA,NA,NA,NA,NA,FALSE,FALSE
"Ramsey County Parks and Recreation","alexis.lipstein@co.ramsey.mn.us","62001000","2024-08-19","3","2025-02-11 12:27:46.125117","Unnamed hardworking surveyor(s)","79",NA,"1.64","2",NA,NA,"1","2",NA,NA,NA,NA,NA,NA,NA,NA,NA,NA,NA,NA,"1",NA,NA,NA,"1",NA,NA,NA,NA,NA,NA,"1",NA,45.0068511768217,-93.0598008019177,NA,NA,NA,NA,NA,NA,FALSE,FALSE
"Ramsey County Parks and Recreation","alexis.lipstein@co.ramsey.mn.us","62001000","2024-08-19","3","2025-02-11 12:27:46.125117","Unnamed hardworking surveyor(s)","80","2","1.64",NA,NA,NA,"1","2",NA,NA,NA,NA,NA,NA,NA,NA,NA,NA,NA,NA,NA,NA,NA,NA,"2",NA,NA,NA,NA,NA,NA,"1",NA,45.0068522058279,-93.0591663327404,NA,NA,NA,NA,NA,NA,FALSE,FALSE
"Ramsey County Parks and Recreation","alexis.lipstein@co.ramsey.mn.us","62001000","2024-08-19","3","2025-02-11 12:27:46.125117","Unnamed hardworking surveyor(s)","81",NA,"5.91",NA,NA,NA,NA,NA,NA,NA,NA,NA,NA,NA,NA,NA,NA,NA,NA,NA,"1",NA,NA,NA,NA,NA,NA,NA,NA,NA,NA,NA,NA,45.0064052363328,-93.0623343797118,NA,NA,NA,NA,NA,NA,FALSE,FALSE
"Ramsey County Parks and Recreation","alexis.lipstein@co.ramsey.mn.us","62001000","2024-08-19","3","2025-02-11 12:27:46.125117","Unnamed hardworking surveyor(s)","82",NA,"9.19",NA,NA,NA,NA,NA,NA,NA,NA,NA,NA,NA,NA,NA,NA,NA,NA,NA,"1",NA,NA,NA,NA,NA,NA,NA,NA,NA,NA,NA,NA,45.006405582211,-93.0616974200516,NA,NA,NA,NA,NA,NA,FALSE,FALSE
"Ramsey County Parks and Recreation","alexis.lipstein@co.ramsey.mn.us","62001000","2024-08-19","3","2025-02-11 12:27:46.125117","Unnamed hardworking surveyor(s)","83",NA,"8.2",NA,NA,NA,NA,NA,NA,NA,NA,NA,NA,NA,NA,NA,NA,NA,NA,NA,"1",NA,NA,NA,NA,NA,NA,NA,NA,NA,NA,NA,NA,45.0064059232029,-93.0610629550961,NA,NA,NA,NA,NA,"1",FALSE,FALSE
"Ramsey County Parks and Recreation","alexis.lipstein@co.ramsey.mn.us","62001000","2024-08-19","3","2025-02-11 12:27:46.125117","Unnamed hardworking surveyor(s)","84",NA,"6.56",NA,NA,NA,NA,NA,NA,NA,NA,NA,NA,NA,NA,NA,NA,NA,NA,NA,"1",NA,NA,NA,NA,NA,NA,NA,NA,NA,NA,NA,NA,45.0064062573289,-93.0604348043249,NA,NA,NA,NA,NA,"3",FALSE,FALSE
"Ramsey County Parks and Recreation","alexis.lipstein@co.ramsey.mn.us","62001000","2024-08-19","3","2025-02-11 12:27:46.125117","Unnamed hardworking surveyor(s)","85","1","3.28",NA,NA,NA,NA,NA,NA,NA,NA,NA,NA,NA,NA,NA,NA,NA,NA,NA,"1",NA,NA,NA,NA,NA,NA,NA,NA,NA,NA,NA,NA,45.0064065913065,-93.0598003393472,NA,NA,NA,NA,NA,NA,FALSE,FALSE
"Ramsey County Parks and Recreation","alexis.lipstein@co.ramsey.mn.us","62001000","2024-08-19","3","2025-02-11 12:27:46.125117","Unnamed hardworking surveyor(s)","86",NA,"7.55",NA,NA,NA,NA,NA,NA,NA,NA,NA,NA,NA,NA,NA,NA,NA,NA,NA,"1",NA,NA,NA,NA,NA,NA,NA,NA,NA,NA,NA,NA,45.0059551409208,-93.062333547698,NA,NA,NA,NA,NA,"1",FALSE,FALSE
"Ramsey County Parks and Recreation","alexis.lipstein@co.ramsey.mn.us","62001000","2024-08-19","3","2025-02-11 12:27:46.125117","Unnamed hardworking surveyor(s)","87",NA,"8.2",NA,NA,NA,NA,NA,NA,NA,NA,NA,NA,NA,NA,NA,NA,NA,NA,NA,"1",NA,NA,NA,NA,NA,NA,NA,NA,NA,NA,NA,NA,45.0059554866059,-93.0616969369031,NA,NA,NA,NA,NA,NA,FALSE,FALSE
"Ramsey County Parks and Recreation","alexis.lipstein@co.ramsey.mn.us","62001000","2024-08-19","3","2025-02-11 12:27:46.125117","Unnamed hardworking surveyor(s)","88","1","6.56",NA,NA,NA,NA,NA,NA,NA,NA,NA,NA,NA,NA,NA,NA,NA,NA,NA,NA,NA,NA,NA,NA,NA,NA,NA,NA,NA,NA,NA,NA,45.0059558275925,-93.0610624769161,NA,NA,NA,NA,NA,"3",FALSE,FALSE
"Ramsey County Parks and Recreation","alexis.lipstein@co.ramsey.mn.us","62001000","2024-08-19","3","2025-02-11 12:27:46.125117","Unnamed hardworking surveyor(s)","89","1","3.28",NA,NA,NA,"1","3",NA,NA,NA,NA,NA,NA,NA,NA,NA,NA,NA,NA,NA,NA,NA,NA,"1",NA,NA,NA,NA,NA,NA,"1",NA,45.0059561617134,-93.0604343310638,NA,NA,NA,NA,NA,NA,FALSE,FALSE
"Ramsey County Parks and Recreation","alexis.lipstein@co.ramsey.mn.us","62001000","2024-08-19","3","2025-02-11 12:27:46.125117","Unnamed hardworking surveyor(s)","90","1","0.98",NA,NA,NA,"1","2",NA,NA,NA,NA,NA,NA,NA,NA,"1",NA,NA,NA,"1",NA,NA,NA,"1",NA,NA,NA,NA,NA,NA,NA,NA,45.0059564956857,-93.0597998710546,NA,NA,NA,NA,NA,NA,FALSE,FALSE
"Ramsey County Parks and Recreation","alexis.lipstein@co.ramsey.mn.us","62001000","2024-08-19","3","2025-02-11 12:27:46.125117","Unnamed hardworking surveyor(s)","91",NA,"4.27",NA,NA,NA,NA,NA,NA,NA,NA,NA,NA,NA,NA,NA,NA,NA,NA,NA,NA,NA,NA,NA,NA,NA,NA,NA,NA,NA,NA,NA,NA,45.0055046949477,-93.0629716778651,NA,NA,NA,NA,NA,NA,FALSE,FALSE
"Ramsey County Parks and Recreation","alexis.lipstein@co.ramsey.mn.us","62001000","2024-08-19","3","2025-02-11 12:27:46.125117","Unnamed hardworking surveyor(s)","92",NA,"6.56",NA,NA,NA,NA,NA,NA,NA,NA,NA,NA,NA,NA,NA,NA,NA,NA,NA,NA,NA,NA,NA,NA,NA,NA,NA,NA,NA,NA,NA,NA,45.0055050454726,-93.06233271697,NA,NA,NA,NA,NA,NA,FALSE,FALSE
"Ramsey County Parks and Recreation","alexis.lipstein@co.ramsey.mn.us","62001000","2024-08-19","3","2025-02-11 12:27:46.125117","Unnamed hardworking surveyor(s)","93","1","6.56",NA,NA,NA,NA,NA,NA,NA,NA,NA,NA,NA,NA,NA,NA,NA,NA,NA,"1",NA,NA,NA,NA,NA,NA,NA,NA,NA,NA,NA,NA,45.0055053909653,-93.061696453766,NA,NA,NA,NA,NA,NA,FALSE,FALSE
"Ramsey County Parks and Recreation","alexis.lipstein@co.ramsey.mn.us","62001000","2024-08-19","3","2025-02-11 12:27:46.125117","Unnamed hardworking surveyor(s)","94","1","1.64",NA,NA,NA,"1","2",NA,NA,NA,NA,"1",NA,NA,NA,NA,NA,NA,NA,"1",NA,NA,NA,"1","1",NA,NA,NA,NA,NA,NA,NA,45.0055057319466,-93.0610619987473,NA,NA,NA,NA,NA,NA,FALSE,FALSE
"Ramsey County Parks and Recreation","alexis.lipstein@co.ramsey.mn.us","62001000","2024-08-19","3","2025-02-11 12:27:46.125117","Unnamed hardworking surveyor(s)","95","2","0.98",NA,NA,NA,"1","2",NA,NA,NA,NA,NA,NA,NA,NA,NA,NA,NA,NA,"1",NA,NA,NA,"1",NA,NA,NA,NA,NA,NA,NA,NA,45.0055060660622,-93.0604338578139,NA,NA,NA,NA,NA,NA,FALSE,FALSE
"Ramsey County Parks and Recreation","alexis.lipstein@co.ramsey.mn.us","62001000","2024-08-19","3","2025-02-11 12:27:46.125117","Unnamed hardworking surveyor(s)","96",NA,"4.92",NA,NA,NA,NA,NA,NA,NA,NA,NA,NA,NA,NA,NA,NA,NA,NA,NA,"1",NA,NA,NA,NA,NA,NA,NA,NA,NA,NA,NA,NA,45.0050545992823,-93.0629711847535,NA,NA,NA,NA,NA,NA,FALSE,FALSE
"Ramsey County Parks and Recreation","alexis.lipstein@co.ramsey.mn.us","62001000","2024-08-19","3","2025-02-11 12:27:46.125117","Unnamed hardworking surveyor(s)","97","1","6.56",NA,NA,NA,NA,NA,NA,NA,NA,NA,NA,NA,NA,NA,NA,NA,NA,NA,"1",NA,NA,NA,NA,NA,NA,NA,NA,NA,NA,NA,NA,45.0050549499894,-93.06233188499,NA,NA,NA,NA,NA,NA,FALSE,FALSE
"Ramsey County Parks and Recreation","alexis.lipstein@co.ramsey.mn.us","62001000","2024-08-19","3","2025-02-11 12:27:46.125117","Unnamed hardworking surveyor(s)","98",NA,"4.92",NA,NA,NA,NA,NA,NA,NA,NA,NA,NA,NA,NA,NA,NA,NA,NA,NA,"2",NA,NA,NA,NA,NA,NA,NA,NA,NA,NA,NA,NA,45.005055295289,-93.0616959706402,NA,NA,NA,NA,NA,NA,FALSE,FALSE
"Ramsey County Parks and Recreation","alexis.lipstein@co.ramsey.mn.us","62001000","2024-08-19","3","2025-02-11 12:27:46.125117","Unnamed hardworking surveyor(s)","99","1","1.31",NA,NA,NA,NA,NA,NA,NA,NA,NA,NA,NA,NA,NA,"2",NA,NA,NA,"1",NA,NA,NA,"1",NA,NA,NA,NA,NA,NA,NA,NA,45.005055636265,-93.0610615205898,NA,NA,NA,NA,NA,NA,FALSE,FALSE
"Ramsey County Parks and Recreation","alexis.lipstein@co.ramsey.mn.us","62001000","2024-08-19","3","2025-02-11 12:27:46.125117","Unnamed hardworking surveyor(s)","100",NA,"4.92",NA,NA,NA,NA,NA,NA,NA,NA,NA,NA,NA,NA,NA,NA,NA,NA,NA,"1",NA,NA,NA,NA,NA,NA,NA,NA,NA,NA,NA,NA,45.0046045035813,-93.0629706916535,NA,NA,NA,NA,NA,NA,FALSE,FALSE
"Ramsey County Parks and Recreation","alexis.lipstein@co.ramsey.mn.us","62001000","2024-08-19","3","2025-02-11 12:27:46.125117","Unnamed hardworking surveyor(s)","101","1","5.58",NA,NA,NA,NA,NA,NA,NA,NA,NA,NA,NA,NA,NA,NA,NA,NA,NA,"2",NA,NA,NA,NA,NA,NA,NA,NA,NA,NA,NA,NA,45.0046048544698,-93.0623310542957,NA,NA,NA,NA,NA,NA,FALSE,FALSE
"Ramsey County Parks and Recreation","alexis.lipstein@co.ramsey.mn.us","62001000","2024-08-19","3","2025-02-11 12:27:46.125117","Unnamed hardworking surveyor(s)","102","1","2.62",NA,NA,NA,"1","2",NA,NA,NA,NA,NA,NA,NA,NA,NA,NA,NA,NA,"1",NA,NA,NA,"2",NA,NA,NA,NA,NA,NA,"1",NA,45.0046051995771,-93.0616954875258,NA,NA,NA,NA,NA,NA,FALSE,FALSE
"Ramsey County Parks and Recreation","alexis.lipstein@co.ramsey.mn.us","62001000","2024-08-19","3","2025-02-11 12:27:46.125117","Unnamed hardworking surveyor(s)","103",NA,"5.91",NA,NA,NA,NA,NA,NA,NA,NA,NA,NA,NA,NA,NA,NA,NA,NA,NA,"1",NA,NA,NA,NA,NA,NA,NA,NA,NA,NA,NA,NA,45.0041600556461,-93.0629702047522,NA,NA,NA,NA,NA,NA,FALSE,FALSE
"Ramsey County Parks and Recreation","alexis.lipstein@co.ramsey.mn.us","62001000","2024-08-19","3","2025-02-11 12:27:46.125117","Unnamed hardworking surveyor(s)","104",NA,"4.27",NA,NA,NA,NA,NA,NA,NA,NA,NA,NA,NA,NA,NA,NA,NA,NA,NA,"1",NA,NA,NA,NA,NA,NA,NA,NA,NA,NA,NA,NA,45.0041599836242,-93.0623302330904,NA,NA,NA,NA,NA,NA,FALSE,FALSE
"Ramsey County Parks and Recreation","alexis.lipstein@co.ramsey.mn.us","62001000","2024-08-19","3","2025-02-11 12:27:46.125117","Unnamed hardworking surveyor(s)","105","1","0.98",NA,NA,NA,"1","1",NA,NA,NA,NA,NA,NA,NA,NA,NA,NA,NA,NA,"1",NA,NA,NA,"3",NA,NA,NA,NA,NA,NA,"1",NA,45.0041599081518,-93.0616950095794,NA,NA,NA,NA,NA,NA,FALSE,FALSE
"Ramsey County Parks and Recreation","alexis.lipstein@co.ramsey.mn.us","62001000","2024-08-19","3","2025-02-11 12:27:46.125117","Unnamed hardworking surveyor(s)","106",NA,"5.91",NA,NA,NA,NA,NA,NA,NA,NA,NA,NA,NA,NA,NA,NA,NA,NA,NA,"1",NA,NA,NA,NA,NA,NA,NA,NA,NA,NA,NA,NA,45.0037043120723,-93.0629697054882,NA,NA,NA,NA,NA,NA,FALSE,FALSE
"Ramsey County Parks and Recreation","alexis.lipstein@co.ramsey.mn.us","62001000","2024-08-19","3","2025-02-11 12:27:46.125117","Unnamed hardworking surveyor(s)","107","1","4.27",NA,NA,NA,"1",NA,NA,NA,NA,NA,NA,NA,NA,NA,NA,NA,NA,NA,"1",NA,NA,NA,NA,NA,NA,NA,NA,NA,NA,NA,NA,45.0037046633246,-93.0623293916887,NA,NA,NA,NA,NA,NA,FALSE,FALSE
"Ramsey County Parks and Recreation","alexis.lipstein@co.ramsey.mn.us","62001000","2024-08-19","3","2025-02-11 12:27:46.125117","Unnamed hardworking surveyor(s)","108",NA,"1.64",NA,NA,NA,"1","2",NA,NA,NA,NA,NA,NA,NA,NA,NA,NA,NA,NA,"1",NA,NA,NA,"1",NA,NA,NA,NA,NA,NA,"1",NA,45.0037050080464,-93.0616945213311,NA,NA,NA,NA,NA,NA,FALSE,FALSE
"Ramsey County Parks and Recreation","alexis.lipstein@co.ramsey.mn.us","62001000","2024-08-19","3","2025-02-11 12:27:46.125117","Unnamed hardworking surveyor(s)","109","1","4.92",NA,NA,NA,NA,NA,NA,NA,NA,NA,NA,NA,NA,NA,NA,NA,NA,NA,"1",NA,NA,NA,NA,NA,NA,NA,NA,NA,NA,NA,NA,45.003275064703,-93.0629692352615,NA,NA,NA,NA,NA,NA,FALSE,FALSE
"Ramsey County Parks and Recreation","alexis.lipstein@co.ramsey.mn.us","62001000","2024-08-19","3","2025-02-11 12:27:46.125117","Unnamed hardworking surveyor(s)","110","1","2.62",NA,NA,NA,"1","1",NA,NA,NA,NA,"1",NA,NA,NA,NA,NA,NA,NA,"1",NA,NA,NA,"1","1",NA,NA,NA,NA,NA,"1",NA,45.0032798432692,-93.0623286074844,NA,NA,NA,NA,NA,NA,FALSE,FALSE
"Ramsey County Parks and Recreation","alexis.lipstein@co.ramsey.mn.us","62001000","2024-08-19","3","2025-02-11 12:27:46.125117","Unnamed hardworking surveyor(s)","111","1","1.64",NA,NA,NA,"1","2",NA,NA,NA,NA,NA,NA,NA,NA,NA,NA,NA,NA,"1",NA,NA,NA,"1",NA,NA,NA,NA,NA,NA,"1",NA,45.0032845735432,-93.0616940700854,NA,NA,NA,NA,NA,NA,FALSE,FALSE
"Ramsey County Parks and Recreation","alexis.lipstein@co.ramsey.mn.us","62001000","2024-08-19","3","2025-02-11 12:27:46.125117","Unnamed hardworking surveyor(s)","112",NA,"1.64",NA,NA,NA,"1","2",NA,NA,NA,NA,"1",NA,NA,NA,NA,NA,NA,NA,"1",NA,NA,NA,"1",NA,NA,NA,NA,NA,NA,"1",NA,45.0028202117654,-93.0636031627394,NA,NA,NA,NA,NA,NA,FALSE,FALSE
"Ramsey County Parks and Recreation","alexis.lipstein@co.ramsey.mn.us","62001000","2024-08-19","3","2025-02-11 12:27:46.125117","Unnamed hardworking surveyor(s)","113","1","2.3",NA,NA,NA,"1","2",NA,NA,NA,NA,NA,NA,NA,NA,NA,NA,NA,NA,"1",NA,NA,NA,"1",NA,NA,NA,NA,NA,NA,"1","1",45.0028249472565,-93.0629687421836,NA,NA,NA,NA,NA,NA,FALSE,FALSE
"Ramsey County Parks and Recreation","alexis.lipstein@co.ramsey.mn.us","62001000","2024-08-19","3","2025-02-11 12:27:46.125117","Unnamed hardworking surveyor(s)","114","1","2.3",NA,NA,NA,"1","2",NA,NA,NA,NA,NA,NA,NA,NA,NA,NA,NA,NA,"1",NA,NA,NA,"1",NA,NA,NA,NA,NA,NA,"1",NA,45.0028297267787,-93.062328007765,NA,NA,NA,NA,NA,NA,FALSE,FALSE
"Ramsey County Parks and Recreation","alexis.lipstein@co.ramsey.mn.us","62001000","2024-08-19","3","2025-02-11 12:27:46.125117","Unnamed hardworking surveyor(s)","115","1","3.28",NA,NA,NA,"1","2",NA,NA,NA,NA,NA,NA,NA,NA,NA,NA,NA,NA,"1",NA,NA,NA,"1",NA,NA,NA,NA,NA,NA,"1",NA,45.0023700942884,-93.0636026647055,NA,NA,NA,NA,NA,NA,FALSE,FALSE
"Ramsey County Parks and Recreation","alexis.lipstein@co.ramsey.mn.us","62001000","2024-08-19","3","2025-02-11 12:27:46.125117","Unnamed hardworking surveyor(s)","116","1","1.64",NA,NA,NA,NA,NA,NA,NA,NA,NA,NA,NA,NA,NA,NA,NA,NA,NA,"1",NA,NA,NA,"3",NA,NA,NA,NA,NA,NA,"1",NA,45.0023748297743,-93.0629682491174,NA,NA,NA,NA,NA,NA,FALSE,FALSE
"Ramsey County Parks and Recreation","alexis.lipstein@co.ramsey.mn.us","62001000","2024-08-19","3","2025-02-11 12:27:46.125117","Unnamed hardworking surveyor(s)","117",NA,"0.98",NA,NA,NA,NA,"1",NA,NA,NA,"1",NA,NA,NA,NA,NA,NA,NA,NA,"1",NA,NA,NA,"1","1",NA,NA,NA,NA,NA,"1",NA,45.0019151433442,-93.0642492133829,NA,NA,NA,NA,NA,NA,FALSE,FALSE
"Ramsey County Parks and Recreation","alexis.lipstein@co.ramsey.mn.us","62001000","2024-09-09","3","2025-02-11 12:30:54.266802","Unnamed hardworking surveyor(s)","1",NA,"1.64",NA,NA,NA,"1",NA,"1",NA,NA,NA,NA,NA,NA,NA,NA,NA,NA,NA,"1",NA,NA,NA,"1",NA,NA,NA,NA,NA,NA,"1",NA,45.010904814255,-93.0636121099747,NA,NA,NA,NA,NA,NA,FALSE,FALSE
"Ramsey County Parks and Recreation","alexis.lipstein@co.ramsey.mn.us","62001000","2024-09-09","3","2025-02-11 12:30:54.266802","Unnamed hardworking surveyor(s)","2","1","2.3",NA,NA,NA,NA,"1",NA,NA,NA,NA,NA,NA,NA,NA,NA,NA,NA,NA,"1",NA,NA,NA,NA,NA,NA,NA,NA,NA,NA,NA,NA,45.0109051659109,-93.0629775953703,NA,NA,NA,NA,NA,NA,FALSE,FALSE
"Ramsey County Parks and Recreation","alexis.lipstein@co.ramsey.mn.us","62001000","2024-09-09","3","2025-02-11 12:30:54.266802","Unnamed hardworking surveyor(s)","3","1","3.28",NA,NA,NA,NA,NA,NA,NA,NA,NA,NA,NA,NA,NA,NA,NA,NA,NA,"2",NA,NA,NA,NA,NA,NA,NA,NA,NA,NA,NA,NA,45.0109055142543,-93.0623426911625,NA,NA,NA,NA,NA,NA,FALSE,FALSE
"Ramsey County Parks and Recreation","alexis.lipstein@co.ramsey.mn.us","62001000","2024-09-09","3","2025-02-11 12:30:54.266802","Unnamed hardworking surveyor(s)","4","1","1.64",NA,NA,NA,NA,NA,NA,NA,NA,NA,NA,NA,NA,NA,NA,NA,NA,NA,"1",NA,NA,NA,NA,NA,NA,NA,NA,NA,NA,NA,NA,45.0109058620589,-93.0617022514374,NA,NA,NA,NA,NA,NA,FALSE,FALSE
"Ramsey County Parks and Recreation","alexis.lipstein@co.ramsey.mn.us","62001000","2024-09-09","3","2025-02-11 12:30:54.266802","Unnamed hardworking surveyor(s)","5","1","1.64",NA,NA,NA,NA,"2",NA,NA,NA,NA,NA,NA,NA,NA,NA,NA,NA,NA,"1",NA,NA,NA,NA,NA,NA,NA,NA,NA,NA,NA,NA,45.010906203104,-93.0610677367985,NA,NA,NA,NA,NA,NA,FALSE,FALSE
"Ramsey County Parks and Recreation","alexis.lipstein@co.ramsey.mn.us","62001000","2024-09-09","3","2025-02-11 12:30:54.266802","Unnamed hardworking surveyor(s)","6","1","1.64",NA,NA,NA,"1","2",NA,NA,NA,NA,NA,NA,NA,NA,NA,NA,NA,NA,"1",NA,NA,NA,NA,NA,NA,NA,NA,NA,NA,NA,NA,45.0109065372822,-93.0604395368383,NA,NA,NA,NA,NA,NA,FALSE,FALSE
"Ramsey County Parks and Recreation","alexis.lipstein@co.ramsey.mn.us","62001000","2024-09-09","3","2025-02-11 12:30:54.266802","Unnamed hardworking surveyor(s)","7","1","1.64",NA,NA,NA,NA,NA,NA,NA,NA,NA,NA,NA,NA,NA,NA,NA,NA,NA,"1",NA,NA,NA,"3",NA,NA,NA,NA,NA,NA,"1",NA,45.0109068713119,-93.0598050221771,NA,NA,NA,NA,NA,NA,FALSE,FALSE
"Ramsey County Parks and Recreation","alexis.lipstein@co.ramsey.mn.us","62001000","2024-09-09","3","2025-02-11 12:30:54.266802","Unnamed hardworking surveyor(s)","8",NA,"1.64",NA,NA,NA,NA,"2",NA,NA,NA,NA,NA,NA,NA,NA,NA,NA,NA,NA,"1",NA,NA,NA,"1",NA,NA,NA,NA,NA,NA,NA,NA,45.0104759435173,-93.0642472051344,NA,NA,NA,NA,NA,NA,FALSE,FALSE
"Ramsey County Parks and Recreation","alexis.lipstein@co.ramsey.mn.us","62001000","2024-09-09","3","2025-02-11 12:30:54.266802","Unnamed hardworking surveyor(s)","9",NA,"2.95",NA,NA,"1",NA,"2",NA,NA,NA,NA,"1",NA,NA,NA,NA,NA,NA,NA,NA,NA,NA,NA,NA,NA,NA,NA,NA,NA,NA,NA,NA,45.0104748598848,-93.0636116340484,NA,NA,NA,NA,NA,NA,FALSE,FALSE
"Ramsey County Parks and Recreation","alexis.lipstein@co.ramsey.mn.us","62001000","2024-09-09","3","2025-02-11 12:30:54.266802","Unnamed hardworking surveyor(s)","10","1","3.94",NA,NA,NA,NA,NA,NA,NA,NA,NA,NA,NA,NA,NA,NA,NA,NA,NA,NA,NA,NA,NA,NA,NA,NA,NA,NA,NA,NA,NA,NA,45.0104737739312,-93.0629771226159,NA,NA,NA,NA,NA,"3",FALSE,FALSE
"Ramsey County Parks and Recreation","alexis.lipstein@co.ramsey.mn.us","62001000","2024-09-09","3","2025-02-11 12:30:54.266802","Unnamed hardworking surveyor(s)","11","1","4.92",NA,NA,NA,NA,NA,NA,NA,NA,NA,NA,NA,NA,NA,NA,NA,NA,NA,"1",NA,NA,NA,NA,NA,NA,NA,NA,NA,NA,NA,NA,45.0104726830449,-93.0623418916674,NA,NA,NA,NA,NA,NA,FALSE,FALSE
"Ramsey County Parks and Recreation","alexis.lipstein@co.ramsey.mn.us","62001000","2024-09-09","3","2025-02-11 12:30:54.266802","Unnamed hardworking surveyor(s)","12","1","4.92",NA,NA,NA,NA,NA,NA,NA,NA,NA,NA,NA,NA,NA,NA,NA,NA,NA,"2",NA,NA,NA,NA,NA,NA,NA,NA,NA,NA,NA,NA,45.0104715813574,-93.061701785155,NA,NA,NA,NA,NA,"1",FALSE,FALSE
"Ramsey County Parks and Recreation","alexis.lipstein@co.ramsey.mn.us","62001000","2024-09-09","3","2025-02-11 12:30:54.266802","Unnamed hardworking surveyor(s)","13",NA,"3.28","1",NA,NA,NA,NA,NA,NA,NA,NA,NA,NA,NA,NA,NA,NA,NA,NA,"1",NA,NA,NA,NA,NA,NA,NA,NA,NA,NA,NA,NA,45.010470484793,-93.0610672737835,NA,NA,NA,NA,NA,NA,FALSE,FALSE
"Ramsey County Parks and Recreation","alexis.lipstein@co.ramsey.mn.us","62001000","2024-09-09","3","2025-02-11 12:30:54.266802","Unnamed hardworking surveyor(s)","14","1","2.62",NA,NA,NA,NA,NA,"1",NA,NA,NA,NA,NA,NA,NA,NA,NA,NA,NA,NA,NA,NA,NA,NA,NA,NA,NA,NA,NA,NA,NA,NA,45.010469395765,-93.0604390770894,NA,NA,NA,NA,NA,"1",FALSE,FALSE
"Ramsey County Parks and Recreation","alexis.lipstein@co.ramsey.mn.us","62001000","2024-09-09","3","2025-02-11 12:30:54.266802","Unnamed hardworking surveyor(s)","15","1","2.62",NA,NA,NA,"1","2",NA,NA,NA,NA,NA,NA,NA,NA,NA,NA,NA,NA,"1",NA,NA,NA,"1",NA,NA,NA,NA,NA,NA,"1",NA,45.0104682921852,-93.0598045657588,NA,NA,NA,NA,NA,NA,FALSE,FALSE
"Ramsey County Parks and Recreation","alexis.lipstein@co.ramsey.mn.us","62001000","2024-09-09","3","2025-02-11 12:30:54.266802","Unnamed hardworking surveyor(s)","16","v","2.62",NA,NA,NA,NA,NA,NA,NA,NA,NA,NA,NA,NA,NA,NA,NA,NA,NA,"1",NA,NA,NA,"1",NA,NA,NA,NA,NA,NA,"1",NA,45.0104671859805,-93.0591700544499,NA,NA,NA,NA,NA,NA,FALSE,FALSE
"Ramsey County Parks and Recreation","alexis.lipstein@co.ramsey.mn.us","62001000","2024-09-09","3","2025-02-11 12:30:54.266802","Unnamed hardworking surveyor(s)","17","1","1.64",NA,NA,NA,"1",NA,NA,NA,NA,NA,NA,NA,NA,NA,NA,NA,NA,NA,"1",NA,NA,NA,"1",NA,NA,NA,NA,NA,NA,"1",NA,45.0104660753503,-93.0585355431608,NA,NA,NA,NA,NA,NA,FALSE,FALSE
"Ramsey County Parks and Recreation","alexis.lipstein@co.ramsey.mn.us","62001000","2024-09-09","3","2025-02-11 12:30:54.266802","Unnamed hardworking surveyor(s)","18",NA,"2.62",NA,NA,NA,NA,NA,NA,NA,NA,NA,NA,NA,NA,NA,NA,NA,NA,NA,"1",NA,NA,NA,NA,NA,NA,NA,NA,NA,NA,NA,NA,45.0100042676292,-93.0642473161335,NA,NA,NA,NA,NA,NA,FALSE,FALSE
"Ramsey County Parks and Recreation","alexis.lipstein@co.ramsey.mn.us","62001000","2024-09-09","3","2025-02-11 12:30:54.266802","Unnamed hardworking surveyor(s)","19","1","3.61",NA,NA,NA,NA,NA,"1",NA,NA,NA,NA,NA,NA,NA,NA,NA,NA,NA,"1",NA,NA,NA,NA,NA,NA,NA,NA,NA,NA,NA,NA,45.0100046237545,-93.0636111135456,NA,NA,NA,NA,NA,"1",FALSE,FALSE
"Ramsey County Parks and Recreation","alexis.lipstein@co.ramsey.mn.us","62001000","2024-09-09","3","2025-02-11 12:30:54.266802","Unnamed hardworking surveyor(s)","20","1","4.27",NA,NA,NA,NA,NA,NA,NA,NA,NA,NA,NA,NA,NA,NA,NA,NA,NA,"1",NA,NA,NA,NA,NA,NA,NA,NA,NA,NA,NA,NA,45.0100049753995,-93.0629766088804,NA,NA,NA,NA,NA,"3",FALSE,FALSE
"Ramsey County Parks and Recreation","alexis.lipstein@co.ramsey.mn.us","62001000","2024-09-09","3","2025-02-11 12:30:54.266802","Unnamed hardworking surveyor(s)","21",NA,"4.59",NA,NA,NA,NA,NA,NA,NA,NA,NA,NA,NA,NA,NA,NA,NA,NA,NA,"1",NA,NA,NA,NA,NA,NA,NA,NA,NA,NA,NA,NA,45.0100053241067,-93.0623410280836,NA,NA,NA,NA,NA,NA,FALSE,FALSE
"Ramsey County Parks and Recreation","alexis.lipstein@co.ramsey.mn.us","62001000","2024-09-09","3","2025-02-11 12:30:54.266802","Unnamed hardworking surveyor(s)","22","1","5.91",NA,NA,NA,NA,NA,NA,NA,NA,NA,NA,NA,NA,NA,NA,NA,NA,NA,"1",NA,NA,NA,NA,NA,NA,NA,NA,NA,NA,NA,NA,45.0100056715257,-93.0617012849246,NA,NA,NA,NA,NA,"1",FALSE,FALSE
"Ramsey County Parks and Recreation","alexis.lipstein@co.ramsey.mn.us","62001000","2024-09-09","3","2025-02-11 12:30:54.266802","Unnamed hardworking surveyor(s)","23",NA,"6.23",NA,NA,NA,NA,NA,NA,NA,NA,NA,NA,NA,NA,NA,NA,NA,NA,NA,"1",NA,NA,NA,NA,NA,NA,NA,NA,NA,NA,NA,NA,45.0100060125601,-93.0610667802248,NA,NA,NA,NA,NA,"1",FALSE,FALSE
"Ramsey County Parks and Recreation","alexis.lipstein@co.ramsey.mn.us","62001000","2024-09-09","3","2025-02-11 12:30:54.266802","Unnamed hardworking surveyor(s)","24","1","4.59",NA,NA,NA,NA,NA,NA,NA,NA,NA,NA,NA,NA,NA,NA,NA,NA,NA,"1",NA,NA,NA,NA,NA,NA,NA,NA,NA,NA,NA,NA,45.0100063467279,-93.0604385901048,NA,NA,NA,NA,NA,"1",FALSE,FALSE
"Ramsey County Parks and Recreation","alexis.lipstein@co.ramsey.mn.us","62001000","2024-09-09","3","2025-02-11 12:30:54.266802","Unnamed hardworking surveyor(s)","25",NA,"3.28",NA,NA,NA,NA,NA,NA,NA,NA,NA,NA,NA,NA,NA,NA,NA,NA,NA,"1",NA,NA,NA,NA,NA,NA,NA,NA,NA,NA,NA,NA,45.0100066807472,-93.0598040853827,NA,NA,NA,NA,NA,"2",FALSE,FALSE
"Ramsey County Parks and Recreation","alexis.lipstein@co.ramsey.mn.us","62001000","2024-09-09","3","2025-02-11 12:30:54.266802","Unnamed hardworking surveyor(s)","26","1","3.28",NA,NA,NA,NA,NA,NA,NA,NA,"1",NA,NA,NA,NA,NA,NA,NA,NA,"1",NA,NA,NA,NA,NA,NA,NA,NA,NA,NA,NA,NA,45.0100070112413,-93.0591695806497,NA,NA,NA,NA,NA,NA,FALSE,FALSE
"Ramsey County Parks and Recreation","alexis.lipstein@co.ramsey.mn.us","62001000","2024-09-09","3","2025-02-11 12:30:54.266802","Unnamed hardworking surveyor(s)","27","1","1.64",NA,NA,NA,NA,NA,NA,NA,NA,NA,NA,NA,NA,NA,NA,NA,NA,NA,"1",NA,NA,NA,"1",NA,NA,NA,NA,NA,NA,"1",NA,45.0100073382102,-93.0585350759057,NA,NA,NA,NA,NA,NA,FALSE,FALSE
"Ramsey County Parks and Recreation","alexis.lipstein@co.ramsey.mn.us","62001000","2024-09-09","3","2025-02-11 12:30:54.266802","Unnamed hardworking surveyor(s)","28","1","1.64",NA,NA,NA,"1",NA,NA,NA,NA,NA,NA,NA,NA,NA,NA,NA,NA,NA,"1",NA,NA,NA,NA,NA,NA,NA,NA,NA,NA,"1",NA,45.010007661654,-93.057900571151,NA,NA,NA,NA,NA,NA,FALSE,FALSE
"Ramsey County Parks and Recreation","alexis.lipstein@co.ramsey.mn.us","62001000","2024-09-09","3","2025-02-11 12:30:54.266802","Unnamed hardworking surveyor(s)","29",NA,"1.31",NA,NA,NA,NA,NA,NA,NA,NA,NA,NA,NA,NA,NA,NA,NA,NA,NA,"1",NA,NA,NA,NA,NA,NA,"1",NA,NA,NA,NA,"1",45.0095611925808,-93.0642474197701,NA,NA,NA,NA,NA,"1",FALSE,FALSE
"Ramsey County Parks and Recreation","alexis.lipstein@co.ramsey.mn.us","62001000","2024-09-09","3","2025-02-11 12:30:54.266802","Unnamed hardworking surveyor(s)","30","1","3.61",NA,NA,NA,NA,NA,NA,NA,NA,NA,NA,NA,NA,NA,NA,NA,NA,NA,"1",NA,NA,NA,NA,NA,NA,NA,NA,NA,NA,NA,NA,45.0095611052436,-93.0636106226282,NA,NA,NA,NA,NA,"1",FALSE,FALSE
"Ramsey County Parks and Recreation","alexis.lipstein@co.ramsey.mn.us","62001000","2024-09-09","3","2025-02-11 12:30:54.266802","Unnamed hardworking surveyor(s)","31",NA,"4.27",NA,NA,NA,NA,NA,NA,NA,NA,NA,NA,NA,NA,NA,NA,NA,NA,NA,NA,NA,NA,NA,NA,NA,NA,NA,NA,NA,NA,NA,NA,45.0095610139894,-93.0629761223744,NA,NA,NA,NA,NA,"1",FALSE,FALSE
"Ramsey County Parks and Recreation","alexis.lipstein@co.ramsey.mn.us","62001000","2024-09-09","3","2025-02-11 12:30:54.266802","Unnamed hardworking surveyor(s)","32",NA,"3.61",NA,NA,NA,NA,NA,NA,NA,NA,NA,NA,NA,NA,NA,NA,NA,NA,NA,"1",NA,NA,NA,NA,NA,NA,NA,NA,NA,NA,NA,NA,45.0095609199824,-93.0623402071843,NA,NA,NA,NA,NA,NA,FALSE,FALSE
"Ramsey County Parks and Recreation","alexis.lipstein@co.ramsey.mn.us","62001000","2024-09-09","3","2025-02-11 12:30:54.266802","Unnamed hardworking surveyor(s)","33",NA,"5.91",NA,NA,NA,NA,NA,NA,NA,NA,NA,NA,NA,NA,NA,NA,NA,NA,NA,NA,NA,NA,NA,NA,NA,NA,NA,NA,NA,NA,NA,NA,45.0095608207165,-93.0617008073158,NA,NA,NA,NA,NA,"1",FALSE,FALSE
"Ramsey County Parks and Recreation","alexis.lipstein@co.ramsey.mn.us","62001000","2024-09-09","3","2025-02-11 12:30:54.266802","Unnamed hardworking surveyor(s)","34",NA,"6.56",NA,NA,NA,NA,NA,NA,NA,NA,NA,NA,NA,NA,NA,NA,NA,NA,NA,NA,NA,NA,NA,NA,NA,NA,NA,NA,NA,NA,NA,NA,45.0095607197521,-93.0610663070579,NA,NA,NA,NA,NA,NA,FALSE,FALSE
"Ramsey County Parks and Recreation","alexis.lipstein@co.ramsey.mn.us","62001000","2024-09-09","3","2025-02-11 12:30:54.266802","Unnamed hardworking surveyor(s)","35","1","6.56",NA,NA,NA,NA,NA,NA,NA,NA,NA,NA,NA,NA,NA,NA,NA,NA,NA,"1",NA,NA,NA,NA,NA,NA,NA,NA,NA,NA,NA,NA,45.0095606155219,-93.0604381213442,NA,NA,NA,NA,NA,NA,FALSE,FALSE
"Ramsey County Parks and Recreation","alexis.lipstein@co.ramsey.mn.us","62001000","2024-09-09","3","2025-02-11 12:30:54.266802","Unnamed hardworking surveyor(s)","36","1","4.92",NA,NA,NA,NA,NA,NA,NA,NA,NA,NA,NA,NA,NA,NA,NA,NA,NA,"1",NA,NA,NA,NA,NA,NA,NA,NA,NA,NA,NA,NA,45.0095605066421,-93.0598036210825,NA,NA,NA,NA,NA,NA,FALSE,FALSE
"Ramsey County Parks and Recreation","alexis.lipstein@co.ramsey.mn.us","62001000","2024-09-09","3","2025-02-11 12:30:54.266802","Unnamed hardworking surveyor(s)","37","3","3.28",NA,NA,NA,NA,NA,NA,NA,NA,"1",NA,NA,NA,NA,NA,NA,NA,NA,"1",NA,NA,NA,NA,NA,NA,"1",NA,NA,NA,NA,NA,45.0095603951375,-93.0591691208205,NA,NA,NA,NA,NA,NA,FALSE,FALSE
"Ramsey County Parks and Recreation","alexis.lipstein@co.ramsey.mn.us","62001000","2024-09-09","3","2025-02-11 12:30:54.266802","Unnamed hardworking surveyor(s)","38","1","2.62",NA,NA,NA,NA,NA,NA,NA,NA,NA,NA,NA,NA,NA,NA,NA,NA,NA,"1",NA,NA,NA,"1",NA,NA,NA,NA,NA,NA,NA,NA,45.0095602792075,-93.0585346205564,NA,NA,NA,NA,NA,NA,FALSE,FALSE
"Ramsey County Parks and Recreation","alexis.lipstein@co.ramsey.mn.us","62001000","2024-09-09","3","2025-02-11 12:30:54.266802","Unnamed hardworking surveyor(s)","39","1","1.64",NA,NA,NA,NA,"1",NA,NA,NA,NA,NA,NA,NA,NA,NA,NA,NA,NA,"1",NA,NA,NA,"2",NA,NA,NA,NA,NA,NA,"1",NA,45.0095601606526,-93.0579001202923,NA,NA,NA,NA,NA,NA,FALSE,FALSE
"Ramsey County Parks and Recreation","alexis.lipstein@co.ramsey.mn.us","62001000","2024-09-09","3","2025-02-11 12:30:54.266802","Unnamed hardworking surveyor(s)","40","1","3.28",NA,NA,NA,NA,NA,NA,NA,NA,NA,NA,NA,NA,NA,NA,NA,NA,NA,"1",NA,NA,NA,NA,NA,NA,NA,NA,NA,NA,NA,NA,45.0091051073543,-93.0636101179096,NA,NA,NA,NA,NA,NA,FALSE,FALSE
"Ramsey County Parks and Recreation","alexis.lipstein@co.ramsey.mn.us","62001000","2024-09-09","3","2025-02-11 12:30:54.266802","Unnamed hardworking surveyor(s)","41","1","4.59",NA,NA,NA,NA,NA,NA,NA,NA,NA,NA,NA,NA,NA,NA,NA,NA,NA,"1",NA,NA,NA,NA,NA,NA,NA,NA,NA,NA,NA,NA,45.0091054589884,-93.0629756231756,NA,NA,NA,NA,NA,"1",FALSE,FALSE
"Ramsey County Parks and Recreation","alexis.lipstein@co.ramsey.mn.us","62001000","2024-09-09","3","2025-02-11 12:30:54.266802","Unnamed hardworking surveyor(s)","42","1","3.94",NA,NA,NA,NA,NA,"1",NA,NA,NA,NA,NA,NA,NA,NA,NA,NA,NA,"1",NA,NA,NA,NA,NA,NA,NA,NA,NA,NA,NA,NA,45.0091058080588,-93.0623393670726,NA,NA,NA,NA,NA,"1",FALSE,FALSE
"Ramsey County Parks and Recreation","alexis.lipstein@co.ramsey.mn.us","62001000","2024-09-09","3","2025-02-11 12:30:54.266802","Unnamed hardworking surveyor(s)","43",NA,"4.27",NA,NA,NA,NA,NA,NA,NA,NA,NA,NA,NA,NA,NA,NA,NA,NA,NA,NA,NA,NA,NA,NA,NA,NA,NA,NA,NA,NA,NA,NA,45.0091061550929,-93.0617003191811,NA,NA,NA,NA,NA,"2",FALSE,FALSE
"Ramsey County Parks and Recreation","alexis.lipstein@co.ramsey.mn.us","62001000","2024-09-09","3","2025-02-11 12:30:54.266802","Unnamed hardworking surveyor(s)","44",NA,"6.56",NA,NA,NA,NA,NA,NA,NA,NA,NA,NA,NA,NA,NA,NA,NA,NA,NA,"1",NA,NA,NA,NA,NA,NA,NA,NA,NA,NA,NA,NA,45.0091064961167,-93.0610658244125,NA,NA,NA,NA,NA,"1",FALSE,FALSE
"Ramsey County Parks and Recreation","alexis.lipstein@co.ramsey.mn.us","62001000","2024-09-09","3","2025-02-11 12:30:54.266802","Unnamed hardworking surveyor(s)","45",NA,"5.91",NA,NA,NA,NA,NA,NA,NA,NA,NA,NA,NA,NA,NA,NA,NA,NA,NA,"1",NA,NA,NA,NA,NA,NA,NA,NA,NA,NA,NA,NA,45.009106830274,-93.0604376441248,NA,NA,NA,NA,NA,"1",FALSE,FALSE
"Ramsey County Parks and Recreation","alexis.lipstein@co.ramsey.mn.us","62001000","2024-09-09","3","2025-02-11 12:30:54.266802","Unnamed hardworking surveyor(s)","46","1","3.94",NA,NA,NA,NA,NA,NA,NA,NA,NA,NA,NA,NA,NA,NA,NA,NA,NA,"1",NA,NA,NA,NA,NA,NA,NA,NA,NA,NA,NA,NA,45.0091071642829,-93.059803149334,NA,NA,NA,NA,NA,"3",FALSE,FALSE
"Ramsey County Parks and Recreation","alexis.lipstein@co.ramsey.mn.us","62001000","2024-09-09","3","2025-02-11 12:30:54.266802","Unnamed hardworking surveyor(s)","47","1","3.28",NA,NA,NA,"1","2",NA,NA,NA,NA,NA,NA,NA,NA,NA,NA,NA,NA,NA,NA,NA,NA,"1",NA,NA,NA,NA,NA,NA,"1",NA,45.0091074947667,-93.0591686545321,NA,NA,NA,NA,NA,NA,FALSE,FALSE
"Ramsey County Parks and Recreation","alexis.lipstein@co.ramsey.mn.us","62001000","2024-09-09","3","2025-02-11 12:30:54.266802","Unnamed hardworking surveyor(s)","48","1","2.62",NA,NA,NA,"1","2",NA,NA,NA,NA,NA,NA,NA,NA,NA,NA,NA,NA,"1",NA,NA,NA,"2",NA,NA,NA,NA,NA,NA,"1",NA,45.0091078217254,-93.0585341597194,NA,NA,NA,NA,NA,NA,FALSE,FALSE
"Ramsey County Parks and Recreation","alexis.lipstein@co.ramsey.mn.us","62001000","2024-09-09","3","2025-02-11 12:30:54.266802","Unnamed hardworking surveyor(s)","49","2","1.64",NA,NA,NA,NA,NA,NA,NA,NA,NA,NA,NA,NA,NA,NA,NA,NA,NA,"1",NA,NA,NA,"3",NA,NA,NA,NA,NA,NA,"1",NA,45.0091081451591,-93.0578996648959,NA,NA,NA,NA,NA,NA,FALSE,FALSE
"Ramsey County Parks and Recreation","alexis.lipstein@co.ramsey.mn.us","62001000","2024-09-09","3","2025-02-11 12:30:54.266802","Unnamed hardworking surveyor(s)","50",NA,"2.3",NA,NA,NA,NA,NA,NA,NA,NA,NA,NA,NA,NA,NA,NA,NA,NA,NA,"1",NA,NA,NA,NA,NA,NA,NA,NA,NA,NA,NA,NA,45.0086550119794,-93.0636096197361,NA,NA,NA,NA,NA,NA,FALSE,FALSE
"Ramsey County Parks and Recreation","alexis.lipstein@co.ramsey.mn.us","62001000","2024-09-09","3","2025-02-11 12:30:54.266802","Unnamed hardworking surveyor(s)","51",NA,"4.92",NA,NA,NA,NA,NA,NA,NA,NA,NA,NA,NA,NA,NA,NA,NA,NA,NA,"1",NA,NA,NA,NA,NA,NA,NA,NA,NA,NA,NA,NA,45.008655363608,-93.0629751299712,NA,NA,NA,NA,NA,"1",FALSE,FALSE
"Ramsey County Parks and Recreation","alexis.lipstein@co.ramsey.mn.us","62001000","2024-09-09","3","2025-02-11 12:30:54.266802","Unnamed hardworking surveyor(s)","52","3","4.92",NA,NA,NA,NA,NA,NA,NA,NA,NA,NA,NA,NA,NA,NA,NA,NA,NA,NA,NA,NA,NA,NA,NA,NA,NA,NA,NA,NA,NA,NA,45.0086557128607,-93.0623385349577,NA,NA,NA,NA,NA,NA,FALSE,FALSE
"Ramsey County Parks and Recreation","alexis.lipstein@co.ramsey.mn.us","62001000","2024-09-09","3","2025-02-11 12:30:54.266802","Unnamed hardworking surveyor(s)","53",NA,"5.25",NA,NA,NA,NA,NA,NA,NA,NA,NA,NA,NA,NA,NA,NA,NA,NA,NA,NA,NA,NA,NA,NA,NA,NA,NA,NA,NA,NA,NA,NA,45.0086560597016,-93.0616998359644,NA,NA,NA,NA,NA,"2",FALSE,FALSE
"Ramsey County Parks and Recreation","alexis.lipstein@co.ramsey.mn.us","62001000","2024-09-09","3","2025-02-11 12:30:54.266802","Unnamed hardworking surveyor(s)","54",NA,"5.25",NA,NA,NA,NA,NA,NA,NA,NA,NA,NA,NA,NA,NA,NA,NA,NA,NA,"1",NA,NA,NA,NA,NA,NA,NA,NA,NA,NA,NA,NA,45.0086564007201,-93.061065346165,NA,NA,NA,NA,NA,"2",FALSE,FALSE
"Ramsey County Parks and Recreation","alexis.lipstein@co.ramsey.mn.us","62001000","2024-09-09","3","2025-02-11 12:30:54.266802","Unnamed hardworking surveyor(s)","55","1","4.59",NA,NA,NA,NA,NA,NA,NA,NA,NA,NA,NA,NA,NA,NA,NA,NA,NA,"1",NA,NA,NA,NA,NA,NA,NA,NA,NA,NA,NA,NA,45.0086567348723,-93.060437170797,NA,NA,NA,NA,NA,"1",FALSE,FALSE
"Ramsey County Parks and Recreation","alexis.lipstein@co.ramsey.mn.us","62001000","2024-09-09","3","2025-02-11 12:30:54.266802","Unnamed hardworking surveyor(s)","56",NA,"3.28",NA,NA,NA,NA,"1",NA,NA,NA,NA,NA,NA,NA,NA,NA,NA,NA,NA,NA,NA,NA,NA,NA,NA,NA,NA,NA,NA,NA,NA,NA,45.0086570688759,-93.0598026809753,NA,NA,NA,NA,NA,"2",FALSE,FALSE
"Ramsey County Parks and Recreation","alexis.lipstein@co.ramsey.mn.us","62001000","2024-09-09","3","2025-02-11 12:30:54.266802","Unnamed hardworking surveyor(s)","57","1","1.64",NA,NA,NA,"1","2",NA,NA,NA,NA,NA,NA,NA,NA,NA,NA,NA,NA,NA,NA,NA,NA,"2",NA,NA,NA,NA,NA,NA,"1",NA,45.0086573993545,-93.0591681911426,NA,NA,NA,NA,NA,NA,FALSE,FALSE
"Ramsey County Parks and Recreation","alexis.lipstein@co.ramsey.mn.us","62001000","2024-09-09","3","2025-02-11 12:30:54.266802","Unnamed hardworking surveyor(s)","58",NA,"3.94",NA,NA,NA,NA,NA,NA,NA,NA,NA,NA,NA,NA,NA,NA,NA,NA,NA,"1",NA,NA,NA,NA,NA,NA,NA,NA,NA,NA,NA,NA,45.008205268192,-93.0629746367784,NA,NA,NA,NA,NA,NA,FALSE,FALSE
"Ramsey County Parks and Recreation","alexis.lipstein@co.ramsey.mn.us","62001000","2024-09-09","3","2025-02-11 12:30:54.266802","Unnamed hardworking surveyor(s)","59",NA,"4.92",NA,NA,NA,NA,NA,NA,NA,NA,NA,NA,NA,NA,NA,NA,NA,NA,NA,"1",NA,NA,NA,NA,NA,NA,NA,NA,NA,NA,NA,NA,45.0082056176262,-93.0623377041286,NA,NA,NA,NA,NA,NA,FALSE,FALSE
"Ramsey County Parks and Recreation","alexis.lipstein@co.ramsey.mn.us","62001000","2024-09-09","3","2025-02-11 12:30:54.266802","Unnamed hardworking surveyor(s)","60",NA,"5.25",NA,NA,NA,NA,NA,NA,NA,NA,NA,NA,NA,NA,NA,NA,NA,NA,NA,"1",NA,NA,NA,NA,NA,NA,NA,NA,NA,NA,NA,NA,45.0082059642747,-93.0616993527591,NA,NA,NA,NA,NA,"1",FALSE,FALSE
"Ramsey County Parks and Recreation","alexis.lipstein@co.ramsey.mn.us","62001000","2024-09-09","3","2025-02-11 12:30:54.266802","Unnamed hardworking surveyor(s)","61",NA,"4.59",NA,NA,NA,NA,NA,NA,NA,NA,NA,NA,NA,NA,NA,NA,NA,NA,NA,"1",NA,NA,NA,NA,NA,NA,NA,NA,NA,NA,NA,NA,45.0082063052879,-93.0610648679287,NA,NA,NA,NA,NA,"1",FALSE,FALSE
"Ramsey County Parks and Recreation","alexis.lipstein@co.ramsey.mn.us","62001000","2024-09-09","3","2025-02-11 12:30:54.266802","Unnamed hardworking surveyor(s)","62",NA,"3.28",NA,NA,NA,NA,NA,NA,NA,NA,NA,NA,NA,NA,NA,NA,NA,NA,NA,NA,NA,NA,NA,NA,NA,NA,NA,NA,NA,NA,NA,NA,45.0082066394349,-93.0604366974803,NA,NA,NA,NA,NA,"2",FALSE,FALSE
"Ramsey County Parks and Recreation","alexis.lipstein@co.ramsey.mn.us","62001000","2024-09-09","3","2025-02-11 12:30:54.266802","Unnamed hardworking surveyor(s)","63","1","1.64",NA,NA,NA,NA,"1",NA,NA,NA,NA,"1",NA,NA,NA,NA,NA,NA,NA,NA,NA,NA,NA,"1",NA,NA,NA,NA,NA,NA,"1",NA,45.0082069734333,-93.0598022126277,NA,NA,NA,NA,NA,NA,FALSE,FALSE
"Ramsey County Parks and Recreation","alexis.lipstein@co.ramsey.mn.us","62001000","2024-09-09","3","2025-02-11 12:30:54.266802","Unnamed hardworking surveyor(s)","64",NA,"2.3",NA,NA,NA,NA,NA,NA,NA,NA,NA,NA,NA,NA,NA,NA,NA,NA,NA,"1",NA,NA,NA,NA,NA,NA,NA,NA,NA,NA,NA,NA,45.0077612265244,-93.0629741502304,NA,NA,NA,NA,NA,"1",FALSE,FALSE
"Ramsey County Parks and Recreation","alexis.lipstein@co.ramsey.mn.us","62001000","2024-09-09","3","2025-02-11 12:30:54.266802","Unnamed hardworking surveyor(s)","65",NA,"4.59",NA,NA,NA,NA,NA,NA,NA,NA,NA,NA,NA,NA,NA,NA,NA,NA,NA,"3",NA,NA,NA,NA,NA,NA,NA,NA,NA,NA,NA,NA,45.007761080133,-93.0623368831513,NA,NA,NA,NA,NA,NA,FALSE,FALSE
"Ramsey County Parks and Recreation","alexis.lipstein@co.ramsey.mn.us","62001000","2024-09-09","3","2025-02-11 12:30:54.266802","Unnamed hardworking surveyor(s)","66",NA,"5.25",NA,NA,NA,NA,NA,NA,NA,NA,NA,NA,NA,NA,NA,NA,NA,NA,NA,NA,NA,NA,NA,NA,NA,NA,NA,NA,NA,NA,NA,NA,45.0077609296858,-93.0616988749982,NA,NA,NA,NA,NA,NA,FALSE,FALSE
"Ramsey County Parks and Recreation","alexis.lipstein@co.ramsey.mn.us","62001000","2024-09-09","3","2025-02-11 12:30:54.266802","Unnamed hardworking surveyor(s)","67",NA,"3.61",NA,NA,NA,NA,NA,NA,NA,NA,NA,NA,NA,NA,NA,NA,NA,NA,NA,"1",NA,NA,NA,NA,NA,NA,NA,NA,NA,NA,NA,NA,45.0077607773891,-93.0610643945567,NA,NA,NA,NA,NA,NA,FALSE,FALSE
"Ramsey County Parks and Recreation","alexis.lipstein@co.ramsey.mn.us","62001000","2024-09-09","3","2025-02-11 12:30:54.266802","Unnamed hardworking surveyor(s)","68","1","2.3",NA,NA,NA,NA,NA,NA,NA,NA,NA,NA,NA,NA,NA,NA,NA,NA,NA,"1",NA,NA,NA,NA,NA,NA,NA,NA,NA,NA,NA,NA,45.007760621827,-93.0604362284628,NA,NA,NA,NA,NA,"3",FALSE,FALSE
"Ramsey County Parks and Recreation","alexis.lipstein@co.ramsey.mn.us","62001000","2024-09-09","3","2025-02-11 12:30:54.266802","Unnamed hardworking surveyor(s)","69","1","1.64",NA,NA,NA,NA,NA,NA,NA,NA,NA,NA,NA,NA,NA,NA,NA,NA,NA,NA,NA,NA,NA,"3",NA,NA,"1",NA,NA,NA,"3",NA,45.0077601324178,-93.0585327871356,NA,NA,NA,NA,NA,NA,FALSE,FALSE
"Ramsey County Parks and Recreation","alexis.lipstein@co.ramsey.mn.us","62001000","2024-09-09","3","2025-02-11 12:30:54.266802","Unnamed hardworking surveyor(s)","70",NA,"3.28",NA,NA,NA,NA,NA,NA,NA,NA,NA,NA,NA,NA,NA,NA,NA,NA,NA,NA,NA,NA,NA,NA,NA,NA,NA,NA,NA,NA,NA,NA,45.0073054270511,-93.062336041252,NA,NA,NA,NA,NA,"2",FALSE,FALSE
"Ramsey County Parks and Recreation","alexis.lipstein@co.ramsey.mn.us","62001000","2024-09-09","3","2025-02-11 12:30:54.266802","Unnamed hardworking surveyor(s)","71",NA,"4.92",NA,NA,NA,NA,NA,NA,NA,NA,NA,NA,NA,NA,NA,NA,NA,NA,NA,"3",NA,NA,NA,NA,NA,NA,NA,NA,NA,NA,NA,NA,45.0073057733141,-93.0616983863826,NA,NA,NA,NA,NA,NA,FALSE,FALSE
"Ramsey County Parks and Recreation","alexis.lipstein@co.ramsey.mn.us","62001000","2024-09-09","3","2025-02-11 12:30:54.266802","Unnamed hardworking surveyor(s)","72",NA,"4.27",NA,NA,NA,NA,NA,NA,NA,NA,NA,NA,NA,NA,NA,NA,NA,NA,NA,"1",NA,NA,NA,NA,NA,NA,NA,NA,NA,NA,NA,NA,45.0073061143166,-93.0610639114899,NA,NA,NA,NA,NA,"2",FALSE,FALSE
"Ramsey County Parks and Recreation","alexis.lipstein@co.ramsey.mn.us","62001000","2024-09-09","3","2025-02-11 12:30:54.266802","Unnamed hardworking surveyor(s)","73","1","2.3",NA,NA,NA,NA,"1",NA,NA,NA,NA,NA,NA,NA,NA,NA,NA,NA,NA,"1",NA,NA,NA,NA,NA,NA,NA,NA,NA,NA,NA,NA,45.0073064484531,-93.0604357508803,NA,NA,NA,NA,NA,"1",FALSE,FALSE
"Ramsey County Parks and Recreation","alexis.lipstein@co.ramsey.mn.us","62001000","2024-09-09","3","2025-02-11 12:30:54.266802","Unnamed hardworking surveyor(s)","74","1","1.64",NA,NA,NA,NA,"2",NA,NA,NA,NA,NA,NA,NA,NA,NA,NA,NA,NA,NA,NA,NA,NA,NA,NA,NA,NA,NA,NA,NA,"1",NA,45.0073071129043,-93.0591668010395,NA,NA,NA,NA,NA,NA,FALSE,FALSE
"Ramsey County Parks and Recreation","alexis.lipstein@co.ramsey.mn.us","62001000","2024-09-09","3","2025-02-11 12:30:54.266802","Unnamed hardworking surveyor(s)","75",NA,"3.61",NA,NA,NA,NA,NA,NA,NA,NA,NA,NA,NA,NA,NA,NA,NA,NA,NA,"2",NA,NA,NA,NA,NA,NA,NA,NA,NA,NA,NA,NA,45.0068470283506,-93.0623351951233,NA,NA,NA,NA,NA,"1",FALSE,FALSE
"Ramsey County Parks and Recreation","alexis.lipstein@co.ramsey.mn.us","62001000","2024-09-09","3","2025-02-11 12:30:54.266802","Unnamed hardworking surveyor(s)","76",NA,"5.25",NA,NA,NA,NA,NA,NA,NA,NA,NA,NA,NA,NA,NA,NA,NA,NA,NA,"3",NA,NA,NA,NA,NA,NA,NA,NA,NA,NA,NA,NA,45.0068480765667,-93.0616978950517,NA,NA,NA,NA,NA,NA,FALSE,FALSE
"Ramsey County Parks and Recreation","alexis.lipstein@co.ramsey.mn.us","62001000","2024-09-09","3","2025-02-11 12:30:54.266802","Unnamed hardworking surveyor(s)","77",NA,"4.92",NA,NA,NA,NA,NA,NA,NA,NA,NA,NA,NA,NA,NA,NA,NA,NA,NA,NA,NA,NA,NA,NA,NA,NA,NA,NA,NA,NA,NA,NA,45.0068491170123,-93.0610634259547,NA,NA,NA,NA,NA,"2",FALSE,FALSE
"Ramsey County Parks and Recreation","alexis.lipstein@co.ramsey.mn.us","62001000","2024-09-09","3","2025-02-11 12:30:54.266802","Unnamed hardworking surveyor(s)","78",NA,"2.95",NA,NA,NA,NA,NA,NA,NA,NA,NA,NA,NA,NA,NA,NA,NA,NA,NA,NA,NA,NA,NA,NA,NA,NA,NA,NA,NA,NA,NA,NA,45.0068501433905,-93.0604352710677,NA,NA,NA,NA,NA,"3",FALSE,FALSE
"Ramsey County Parks and Recreation","alexis.lipstein@co.ramsey.mn.us","62001000","2024-09-09","3","2025-02-11 12:30:54.266802","Unnamed hardworking surveyor(s)","79","2","2.62",NA,NA,NA,"1","2",NA,NA,NA,NA,NA,NA,NA,NA,NA,NA,NA,NA,NA,NA,NA,NA,"1",NA,NA,NA,NA,NA,NA,"1",NA,45.0068511768217,-93.0598008019177,NA,NA,NA,NA,NA,NA,FALSE,FALSE
"Ramsey County Parks and Recreation","alexis.lipstein@co.ramsey.mn.us","62001000","2024-09-09","3","2025-02-11 12:30:54.266802","Unnamed hardworking surveyor(s)","80","1","1.64",NA,NA,NA,"1","1",NA,NA,NA,NA,NA,NA,NA,NA,NA,NA,NA,NA,"1",NA,NA,NA,NA,NA,NA,NA,NA,NA,NA,NA,NA,45.0068522058279,-93.0591663327404,NA,NA,NA,NA,NA,NA,FALSE,FALSE
"Ramsey County Parks and Recreation","alexis.lipstein@co.ramsey.mn.us","62001000","2024-09-09","3","2025-02-11 12:30:54.266802","Unnamed hardworking surveyor(s)","81",NA,"5.25",NA,NA,NA,NA,NA,NA,NA,NA,NA,NA,NA,NA,NA,NA,NA,NA,NA,"1",NA,NA,NA,NA,NA,NA,NA,NA,NA,NA,NA,NA,45.0064052363328,-93.0623343797118,NA,NA,NA,NA,NA,"1",FALSE,FALSE
"Ramsey County Parks and Recreation","alexis.lipstein@co.ramsey.mn.us","62001000","2024-09-09","3","2025-02-11 12:30:54.266802","Unnamed hardworking surveyor(s)","82",NA,"5.91",NA,NA,NA,NA,NA,NA,NA,NA,NA,NA,NA,NA,NA,NA,NA,NA,NA,"1",NA,NA,NA,NA,NA,NA,NA,NA,NA,NA,NA,NA,45.006405582211,-93.0616974200516,NA,NA,NA,NA,NA,NA,FALSE,FALSE
"Ramsey County Parks and Recreation","alexis.lipstein@co.ramsey.mn.us","62001000","2024-09-09","3","2025-02-11 12:30:54.266802","Unnamed hardworking surveyor(s)","83",NA,"4.92",NA,NA,NA,NA,NA,NA,NA,NA,NA,NA,NA,NA,NA,NA,NA,NA,NA,"1",NA,NA,NA,NA,NA,NA,NA,NA,NA,NA,NA,NA,45.0064059232029,-93.0610629550961,NA,NA,NA,NA,NA,NA,FALSE,FALSE
"Ramsey County Parks and Recreation","alexis.lipstein@co.ramsey.mn.us","62001000","2024-09-09","3","2025-02-11 12:30:54.266802","Unnamed hardworking surveyor(s)","84",NA,"4.59",NA,NA,NA,NA,NA,NA,NA,NA,NA,NA,NA,NA,NA,NA,NA,NA,NA,NA,NA,NA,NA,NA,NA,NA,NA,NA,NA,NA,NA,NA,45.0064062573289,-93.0604348043249,NA,NA,NA,NA,NA,"2",FALSE,FALSE
"Ramsey County Parks and Recreation","alexis.lipstein@co.ramsey.mn.us","62001000","2024-09-09","3","2025-02-11 12:30:54.266802","Unnamed hardworking surveyor(s)","85","1","2.62",NA,NA,NA,"1","2",NA,NA,NA,NA,NA,NA,NA,NA,NA,NA,NA,NA,NA,NA,NA,NA,"1",NA,NA,NA,NA,NA,NA,"1",NA,45.0064065913065,-93.0598003393472,NA,NA,NA,NA,NA,NA,FALSE,FALSE
"Ramsey County Parks and Recreation","alexis.lipstein@co.ramsey.mn.us","62001000","2024-09-09","3","2025-02-11 12:30:54.266802","Unnamed hardworking surveyor(s)","86",NA,"6.56",NA,NA,NA,NA,NA,NA,NA,NA,NA,NA,NA,NA,NA,NA,NA,NA,NA,NA,NA,NA,NA,NA,NA,NA,NA,NA,NA,NA,NA,NA,45.0059551409208,-93.062333547698,NA,NA,NA,NA,NA,NA,FALSE,FALSE
"Ramsey County Parks and Recreation","alexis.lipstein@co.ramsey.mn.us","62001000","2024-09-09","3","2025-02-11 12:30:54.266802","Unnamed hardworking surveyor(s)","87","1","4.92",NA,NA,NA,NA,NA,NA,NA,NA,NA,NA,NA,NA,NA,NA,NA,NA,NA,"2",NA,NA,NA,NA,NA,NA,NA,NA,NA,NA,NA,NA,45.0059554866059,-93.0616969369031,NA,NA,NA,NA,NA,NA,FALSE,FALSE
"Ramsey County Parks and Recreation","alexis.lipstein@co.ramsey.mn.us","62001000","2024-09-09","3","2025-02-11 12:30:54.266802","Unnamed hardworking surveyor(s)","88","1","3.94",NA,NA,NA,NA,NA,NA,NA,NA,NA,NA,NA,NA,NA,NA,NA,NA,NA,"1",NA,NA,NA,NA,NA,NA,NA,NA,NA,NA,NA,NA,45.0059558275925,-93.0610624769161,NA,NA,NA,NA,NA,"1",FALSE,FALSE
"Ramsey County Parks and Recreation","alexis.lipstein@co.ramsey.mn.us","62001000","2024-09-09","3","2025-02-11 12:30:54.266802","Unnamed hardworking surveyor(s)","89","1","2.62",NA,NA,NA,NA,"2",NA,NA,NA,NA,NA,NA,NA,NA,"1",NA,NA,NA,"1",NA,NA,NA,NA,NA,NA,NA,NA,NA,NA,NA,NA,45.0059561617134,-93.0604343310638,NA,NA,NA,NA,NA,NA,FALSE,FALSE
"Ramsey County Parks and Recreation","alexis.lipstein@co.ramsey.mn.us","62001000","2024-09-09","3","2025-02-11 12:30:54.266802","Unnamed hardworking surveyor(s)","90","2","1.64",NA,NA,NA,"1","1",NA,NA,NA,NA,NA,NA,NA,NA,NA,NA,NA,NA,"1",NA,NA,NA,NA,NA,NA,NA,NA,NA,NA,NA,NA,45.0059564956857,-93.0597998710546,NA,NA,NA,NA,NA,NA,FALSE,FALSE
"Ramsey County Parks and Recreation","alexis.lipstein@co.ramsey.mn.us","62001000","2024-09-09","3","2025-02-11 12:30:54.266802","Unnamed hardworking surveyor(s)","91",NA,"5.91",NA,NA,NA,NA,NA,NA,NA,NA,NA,NA,NA,NA,NA,NA,NA,NA,NA,"1",NA,NA,NA,NA,NA,NA,NA,NA,NA,NA,NA,NA,45.0055046949477,-93.0629716778651,NA,NA,NA,NA,NA,NA,FALSE,FALSE
"Ramsey County Parks and Recreation","alexis.lipstein@co.ramsey.mn.us","62001000","2024-09-09","3","2025-02-11 12:30:54.266802","Unnamed hardworking surveyor(s)","92",NA,"7.22",NA,NA,NA,NA,NA,NA,NA,NA,NA,NA,NA,NA,NA,NA,NA,NA,NA,"1",NA,NA,NA,NA,NA,NA,NA,NA,NA,NA,NA,NA,45.0055050454726,-93.06233271697,NA,NA,NA,NA,NA,NA,FALSE,FALSE
"Ramsey County Parks and Recreation","alexis.lipstein@co.ramsey.mn.us","62001000","2024-09-09","3","2025-02-11 12:30:54.266802","Unnamed hardworking surveyor(s)","93",NA,"5.58",NA,NA,NA,NA,NA,NA,NA,NA,NA,NA,NA,NA,NA,NA,NA,NA,NA,"1",NA,NA,NA,NA,NA,NA,NA,NA,NA,NA,NA,NA,45.0055053909653,-93.061696453766,NA,NA,NA,NA,NA,"2",FALSE,FALSE
"Ramsey County Parks and Recreation","alexis.lipstein@co.ramsey.mn.us","62001000","2024-09-09","3","2025-02-11 12:30:54.266802","Unnamed hardworking surveyor(s)","94","1","2.95",NA,NA,NA,NA,"1",NA,NA,NA,NA,NA,NA,NA,NA,NA,NA,NA,NA,"1",NA,NA,NA,"1",NA,NA,NA,NA,NA,NA,NA,NA,45.0055057319466,-93.0610619987473,NA,NA,NA,NA,NA,NA,FALSE,FALSE
"Ramsey County Parks and Recreation","alexis.lipstein@co.ramsey.mn.us","62001000","2024-09-09","3","2025-02-11 12:30:54.266802","Unnamed hardworking surveyor(s)","95","1","1.64",NA,NA,"1",NA,NA,NA,NA,NA,NA,NA,NA,NA,NA,NA,NA,NA,NA,"1",NA,NA,NA,NA,NA,NA,NA,NA,NA,NA,NA,NA,45.0055060660622,-93.0604338578139,NA,NA,NA,NA,NA,NA,FALSE,FALSE
"Ramsey County Parks and Recreation","alexis.lipstein@co.ramsey.mn.us","62001000","2024-09-09","3","2025-02-11 12:30:54.266802","Unnamed hardworking surveyor(s)","96",NA,"6.56",NA,NA,NA,NA,NA,NA,NA,NA,NA,NA,NA,NA,NA,NA,NA,NA,NA,NA,NA,NA,NA,NA,NA,NA,NA,NA,NA,NA,NA,NA,45.0050545992823,-93.0629711847535,NA,NA,NA,NA,NA,NA,FALSE,FALSE
"Ramsey County Parks and Recreation","alexis.lipstein@co.ramsey.mn.us","62001000","2024-09-09","3","2025-02-11 12:30:54.266802","Unnamed hardworking surveyor(s)","97",NA,"7.55",NA,NA,NA,NA,NA,NA,NA,NA,NA,NA,NA,NA,NA,NA,NA,NA,NA,"1",NA,NA,NA,NA,NA,NA,NA,NA,NA,NA,NA,NA,45.0050549499894,-93.06233188499,NA,NA,NA,NA,NA,NA,FALSE,FALSE
"Ramsey County Parks and Recreation","alexis.lipstein@co.ramsey.mn.us","62001000","2024-09-09","3","2025-02-11 12:30:54.266802","Unnamed hardworking surveyor(s)","98","1","4.59",NA,NA,NA,NA,NA,NA,NA,NA,NA,NA,NA,NA,NA,NA,NA,NA,NA,"1",NA,NA,NA,NA,NA,NA,NA,NA,NA,NA,NA,NA,45.005055295289,-93.0616959706402,NA,NA,NA,NA,NA,"1",FALSE,FALSE
"Ramsey County Parks and Recreation","alexis.lipstein@co.ramsey.mn.us","62001000","2024-09-09","3","2025-02-11 12:30:54.266802","Unnamed hardworking surveyor(s)","99","1","1.64",NA,NA,NA,NA,"1","1",NA,NA,NA,"1",NA,NA,NA,"1",NA,NA,NA,NA,NA,NA,NA,"1",NA,NA,NA,NA,NA,NA,NA,NA,45.005055636265,-93.0610615205898,NA,NA,NA,NA,NA,NA,FALSE,FALSE
"Ramsey County Parks and Recreation","alexis.lipstein@co.ramsey.mn.us","62001000","2024-09-09","3","2025-02-11 12:30:54.266802","Unnamed hardworking surveyor(s)","100",NA,"4.92",NA,NA,NA,NA,NA,NA,NA,NA,NA,NA,NA,NA,NA,NA,NA,NA,NA,"1",NA,NA,NA,NA,NA,NA,NA,NA,NA,NA,NA,NA,45.0046045035813,-93.0629706916535,NA,NA,NA,NA,NA,NA,FALSE,FALSE
"Ramsey County Parks and Recreation","alexis.lipstein@co.ramsey.mn.us","62001000","2024-09-09","3","2025-02-11 12:30:54.266802","Unnamed hardworking surveyor(s)","101","1","5.91",NA,NA,NA,NA,NA,NA,NA,NA,NA,NA,NA,NA,NA,NA,NA,NA,NA,"1",NA,NA,NA,NA,NA,NA,NA,NA,NA,NA,NA,NA,45.0046048544698,-93.0623310542957,NA,NA,NA,NA,NA,NA,FALSE,FALSE
"Ramsey County Parks and Recreation","alexis.lipstein@co.ramsey.mn.us","62001000","2024-09-09","3","2025-02-11 12:30:54.266802","Unnamed hardworking surveyor(s)","102","1","0.66",NA,NA,NA,"1",NA,NA,NA,NA,NA,NA,NA,NA,NA,NA,NA,NA,NA,NA,NA,NA,NA,"1",NA,NA,NA,NA,NA,NA,"1",NA,45.0046051995771,-93.0616954875258,NA,NA,NA,NA,NA,NA,FALSE,FALSE
"Ramsey County Parks and Recreation","alexis.lipstein@co.ramsey.mn.us","62001000","2024-09-09","3","2025-02-11 12:30:54.266802","Unnamed hardworking surveyor(s)","103",NA,"3.94",NA,NA,NA,NA,NA,NA,NA,NA,NA,NA,NA,NA,NA,NA,NA,NA,NA,"3",NA,NA,NA,NA,NA,NA,NA,NA,NA,NA,NA,NA,45.0041600556461,-93.0629702047522,NA,NA,NA,NA,NA,NA,FALSE,FALSE
"Ramsey County Parks and Recreation","alexis.lipstein@co.ramsey.mn.us","62001000","2024-09-09","3","2025-02-11 12:30:54.266802","Unnamed hardworking surveyor(s)","104","1","3.94",NA,NA,NA,NA,NA,NA,NA,NA,NA,NA,NA,NA,NA,NA,NA,NA,NA,"1",NA,NA,NA,NA,NA,NA,NA,NA,NA,NA,NA,NA,45.0041599836242,-93.0623302330904,NA,NA,NA,NA,NA,NA,FALSE,FALSE
"Ramsey County Parks and Recreation","alexis.lipstein@co.ramsey.mn.us","62001000","2024-09-09","3","2025-02-11 12:30:54.266802","Unnamed hardworking surveyor(s)","105",NA,"2.62",NA,NA,NA,"2","1",NA,NA,NA,NA,NA,NA,NA,NA,NA,NA,NA,NA,NA,NA,NA,NA,"3",NA,NA,NA,NA,NA,NA,"1",NA,45.0041599081518,-93.0616950095794,NA,NA,NA,NA,NA,NA,FALSE,FALSE
"Ramsey County Parks and Recreation","alexis.lipstein@co.ramsey.mn.us","62001000","2024-09-09","3","2025-02-11 12:30:54.266802","Unnamed hardworking surveyor(s)","106",NA,"3.28",NA,NA,NA,NA,NA,NA,NA,NA,NA,NA,NA,NA,NA,NA,NA,NA,NA,"3",NA,NA,NA,NA,NA,NA,NA,NA,NA,NA,NA,NA,45.0037043120723,-93.0629697054882,NA,NA,NA,NA,NA,NA,FALSE,FALSE
"Ramsey County Parks and Recreation","alexis.lipstein@co.ramsey.mn.us","62001000","2024-09-09","3","2025-02-11 12:30:54.266802","Unnamed hardworking surveyor(s)","107","1","3.61",NA,NA,NA,NA,NA,NA,NA,NA,NA,NA,NA,NA,NA,NA,NA,NA,NA,"1",NA,NA,NA,NA,NA,NA,NA,NA,NA,NA,NA,NA,45.0037046633246,-93.0623293916887,NA,NA,NA,NA,NA,NA,FALSE,FALSE
"Ramsey County Parks and Recreation","alexis.lipstein@co.ramsey.mn.us","62001000","2024-09-09","3","2025-02-11 12:30:54.266802","Unnamed hardworking surveyor(s)","108",NA,"2.62",NA,NA,NA,NA,NA,NA,NA,NA,NA,NA,NA,NA,NA,NA,NA,NA,NA,"2",NA,NA,NA,NA,NA,NA,NA,NA,NA,NA,NA,NA,45.0037050080464,-93.0616945213311,NA,NA,NA,NA,NA,NA,FALSE,FALSE
"Ramsey County Parks and Recreation","alexis.lipstein@co.ramsey.mn.us","62001000","2024-09-09","3","2025-02-11 12:30:54.266802","Unnamed hardworking surveyor(s)","109",NA,"1.64",NA,NA,NA,NA,NA,NA,NA,NA,NA,NA,NA,NA,NA,NA,NA,NA,NA,"2",NA,NA,NA,NA,NA,NA,NA,NA,NA,NA,NA,NA,45.003275064703,-93.0629692352615,NA,NA,NA,NA,NA,NA,FALSE,FALSE
"Ramsey County Parks and Recreation","alexis.lipstein@co.ramsey.mn.us","62001000","2024-09-09","3","2025-02-11 12:30:54.266802","Unnamed hardworking surveyor(s)","110","1","1.64",NA,NA,NA,NA,"1","1",NA,NA,NA,NA,NA,NA,NA,NA,NA,NA,NA,NA,NA,NA,NA,NA,NA,NA,NA,NA,NA,NA,NA,NA,45.0032798432692,-93.0623286074844,NA,NA,NA,NA,NA,NA,FALSE,FALSE
"Ramsey County Parks and Recreation","alexis.lipstein@co.ramsey.mn.us","62001000","2024-09-09","3","2025-02-11 12:30:54.266802","Unnamed hardworking surveyor(s)","111","1","1.64",NA,NA,NA,"1","3",NA,NA,NA,NA,NA,NA,NA,NA,NA,NA,NA,NA,"1",NA,NA,NA,"1",NA,NA,NA,NA,NA,NA,"1",NA,45.0032845735432,-93.0616940700854,NA,NA,NA,NA,NA,NA,FALSE,FALSE
"Ramsey County Parks and Recreation","alexis.lipstein@co.ramsey.mn.us","62001000","2024-09-09","3","2025-02-11 12:30:54.266802","Unnamed hardworking surveyor(s)","112",NA,"1.64",NA,NA,NA,"1","2",NA,NA,NA,NA,NA,NA,NA,NA,NA,NA,NA,NA,"1",NA,NA,NA,"1",NA,NA,NA,NA,NA,NA,"1",NA,45.0028202117654,-93.0636031627394,NA,NA,NA,NA,NA,NA,FALSE,FALSE
"Ramsey County Parks and Recreation","alexis.lipstein@co.ramsey.mn.us","62001000","2024-09-09","3","2025-02-11 12:30:54.266802","Unnamed hardworking surveyor(s)","113",NA,"1.64",NA,NA,NA,NA,"2",NA,NA,NA,NA,NA,NA,NA,NA,NA,NA,NA,NA,NA,NA,NA,NA,"1",NA,NA,NA,NA,NA,NA,"1",NA,45.0028249472565,-93.0629687421836,NA,NA,NA,NA,NA,NA,FALSE,FALSE
"Ramsey County Parks and Recreation","alexis.lipstein@co.ramsey.mn.us","62001000","2024-09-09","3","2025-02-11 12:30:54.266802","Unnamed hardworking surveyor(s)","114","1","1.64",NA,NA,NA,"1","2",NA,NA,NA,NA,NA,NA,NA,NA,NA,NA,NA,NA,NA,NA,NA,NA,"1",NA,NA,NA,NA,NA,NA,"1",NA,45.0028297267787,-93.062328007765,NA,NA,NA,NA,NA,NA,FALSE,FALSE
"Ramsey County Parks and Recreation","alexis.lipstein@co.ramsey.mn.us","62001000","2024-09-09","3","2025-02-11 12:30:54.266802","Unnamed hardworking surveyor(s)","115","1","1.64",NA,NA,NA,"1","2",NA,NA,NA,NA,NA,NA,NA,NA,NA,NA,NA,NA,NA,NA,NA,NA,"1",NA,NA,NA,NA,NA,NA,"1",NA,45.0023700942884,-93.0636026647055,NA,NA,NA,NA,NA,NA,FALSE,FALSE
"Ramsey County Parks and Recreation","alexis.lipstein@co.ramsey.mn.us","62001000","2024-09-09","3","2025-02-11 12:30:54.266802","Unnamed hardworking surveyor(s)","116","1","1.64",NA,NA,NA,"1","2",NA,NA,NA,NA,NA,NA,NA,NA,NA,NA,NA,NA,NA,NA,NA,NA,"1",NA,NA,NA,NA,NA,NA,"1",NA,45.0023748297743,-93.0629682491174,NA,NA,NA,NA,NA,NA,FALSE,FALSE
"Ramsey County Parks and Recreation","alexis.lipstein@co.ramsey.mn.us","62001000","2024-09-09","3","2025-02-11 12:30:54.266802","Unnamed hardworking surveyor(s)","117",NA,"1.64","1",NA,NA,"1","2",NA,NA,NA,NA,NA,NA,NA,NA,NA,NA,NA,NA,NA,NA,NA,NA,"1",NA,NA,"1",NA,NA,NA,"1",NA,45.0019151433442,-93.0642492133829,NA,NA,NA,NA,NA,NA,FALSE,FALSE
"Ramsey County Parks and Recreation","alexis.lipstein@co.ramsey.mn.us","62001300","2024-06-26","3","2025-02-11 12:49:50.820335","Unnamed hardworking surveyor(s)","1","1","4.92",NA,NA,NA,NA,NA,"1",NA,NA,"1","1","1",NA,NA,"1",NA,NA,NA,NA,NA,NA,NA,NA,NA,"1",NA,"1","1",NA,NA,NA,NA,NA,NA,NA,NA,NA,NA,NA,TRUE,TRUE
"Ramsey County Parks and Recreation","alexis.lipstein@co.ramsey.mn.us","62001300","2024-06-26","3","2025-02-11 12:49:50.820335","Unnamed hardworking surveyor(s)","2",NA,"21.65",NA,NA,NA,NA,NA,NA,NA,NA,NA,NA,NA,NA,NA,NA,NA,NA,NA,NA,NA,NA,NA,NA,NA,NA,NA,NA,NA,NA,NA,NA,NA,NA,NA,NA,NA,NA,NA,NA,TRUE,TRUE
"Ramsey County Parks and Recreation","alexis.lipstein@co.ramsey.mn.us","62001300","2024-06-26","3","2025-02-11 12:49:50.820335","Unnamed hardworking surveyor(s)","3",NA,"3.28",NA,NA,NA,NA,NA,"1",NA,NA,"1","1",NA,NA,NA,NA,NA,NA,NA,NA,NA,NA,NA,NA,NA,NA,"1","1",NA,NA,NA,NA,NA,NA,NA,NA,NA,NA,NA,"1",TRUE,TRUE
"Ramsey County Parks and Recreation","alexis.lipstein@co.ramsey.mn.us","62001300","2024-06-26","3","2025-02-11 12:49:50.820335","Unnamed hardworking surveyor(s)","4","2","5.58",NA,NA,"v",NA,NA,"v",NA,NA,NA,NA,"v",NA,NA,NA,NA,NA,NA,NA,NA,NA,NA,NA,NA,NA,NA,NA,"1",NA,"1",NA,NA,NA,NA,NA,NA,NA,NA,NA,TRUE,TRUE
"Ramsey County Parks and Recreation","alexis.lipstein@co.ramsey.mn.us","62001300","2024-06-26","3","2025-02-11 12:49:50.820335","Unnamed hardworking surveyor(s)","5",NA,"14.76",NA,NA,NA,NA,NA,NA,NA,NA,NA,NA,NA,NA,NA,NA,NA,NA,NA,NA,NA,NA,NA,NA,NA,NA,NA,NA,NA,NA,NA,NA,NA,NA,NA,NA,NA,NA,NA,NA,TRUE,TRUE
"Ramsey County Parks and Recreation","alexis.lipstein@co.ramsey.mn.us","62001300","2024-06-26","3","2025-02-11 12:49:50.820335","Unnamed hardworking surveyor(s)","6","2","8.2",NA,NA,NA,NA,NA,NA,NA,NA,NA,"1",NA,NA,NA,NA,NA,NA,NA,NA,NA,NA,NA,NA,NA,NA,NA,NA,"1",NA,NA,NA,NA,NA,NA,NA,NA,NA,NA,NA,TRUE,TRUE
"Ramsey County Parks and Recreation","alexis.lipstein@co.ramsey.mn.us","62001300","2024-06-26","3","2025-02-11 12:49:50.820335","Unnamed hardworking surveyor(s)","7","1","14.76",NA,NA,NA,NA,NA,NA,NA,NA,"1",NA,NA,NA,NA,NA,NA,NA,NA,NA,NA,NA,NA,NA,NA,NA,NA,NA,NA,NA,NA,NA,NA,NA,NA,NA,NA,NA,NA,NA,TRUE,TRUE
"Ramsey County Parks and Recreation","alexis.lipstein@co.ramsey.mn.us","62001300","2024-06-26","3","2025-02-11 12:49:50.820335","Unnamed hardworking surveyor(s)","8","1","6.56",NA,NA,NA,"1",NA,NA,NA,NA,NA,NA,"1",NA,NA,NA,NA,NA,NA,NA,NA,NA,NA,NA,NA,NA,NA,NA,"1",NA,"1",NA,NA,NA,NA,NA,NA,NA,NA,NA,TRUE,TRUE
"Ramsey County Parks and Recreation","alexis.lipstein@co.ramsey.mn.us","62001300","2024-06-26","3","2025-02-11 12:49:50.820335","Unnamed hardworking surveyor(s)","9","2","6.23",NA,"1",NA,"1",NA,"1",NA,NA,NA,NA,"v",NA,NA,NA,NA,NA,NA,NA,NA,NA,NA,NA,NA,NA,NA,NA,"v",NA,"1",NA,NA,NA,NA,NA,NA,NA,NA,NA,TRUE,TRUE
"Ramsey County Parks and Recreation","alexis.lipstein@co.ramsey.mn.us","62001300","2024-06-26","3","2025-02-11 12:49:50.820335","Unnamed hardworking surveyor(s)","10","1","3.94",NA,"1",NA,"1",NA,"1",NA,NA,NA,NA,"1",NA,NA,"1",NA,NA,NA,NA,NA,NA,NA,NA,NA,NA,NA,NA,NA,NA,"1",NA,NA,NA,NA,NA,NA,NA,NA,NA,TRUE,TRUE
"Ramsey County Parks and Recreation","alexis.lipstein@co.ramsey.mn.us","62001300","2024-06-26","3","2025-02-11 12:49:50.820335","Unnamed hardworking surveyor(s)","11","1","3.28",NA,NA,NA,"1",NA,"1",NA,NA,"1",NA,"2",NA,NA,"1",NA,NA,NA,NA,NA,NA,NA,NA,NA,NA,NA,NA,"1",NA,NA,NA,NA,NA,NA,NA,NA,NA,NA,NA,TRUE,TRUE
"Ramsey County Parks and Recreation","alexis.lipstein@co.ramsey.mn.us","62001300","2024-06-26","3","2025-02-11 12:49:50.820335","Unnamed hardworking surveyor(s)","12",NA,"13.78",NA,NA,NA,NA,NA,NA,NA,NA,NA,NA,NA,NA,NA,NA,NA,NA,NA,NA,NA,NA,NA,NA,NA,NA,NA,NA,NA,NA,NA,NA,NA,NA,NA,NA,NA,NA,NA,NA,TRUE,TRUE
"Ramsey County Parks and Recreation","alexis.lipstein@co.ramsey.mn.us","62001300","2024-06-26","3","2025-02-11 12:49:50.820335","Unnamed hardworking surveyor(s)","13","2","6.89",NA,NA,NA,"1",NA,"1",NA,NA,NA,NA,NA,NA,NA,NA,NA,NA,NA,NA,NA,NA,NA,NA,NA,NA,NA,NA,NA,NA,NA,NA,NA,NA,NA,NA,NA,NA,NA,NA,TRUE,TRUE
"Ramsey County Parks and Recreation","alexis.lipstein@co.ramsey.mn.us","62001300","2024-06-26","3","2025-02-11 12:49:50.820335","Unnamed hardworking surveyor(s)","14","1","11.48",NA,NA,NA,NA,NA,NA,NA,NA,NA,NA,NA,NA,NA,NA,NA,NA,NA,NA,NA,NA,NA,NA,NA,NA,NA,NA,NA,NA,NA,NA,NA,NA,NA,NA,NA,NA,NA,NA,TRUE,TRUE
"Ramsey County Parks and Recreation","alexis.lipstein@co.ramsey.mn.us","62001300","2024-06-26","3","2025-02-11 12:49:50.820335","Unnamed hardworking surveyor(s)","15","1","9.51",NA,NA,NA,NA,NA,NA,NA,NA,"1",NA,NA,NA,NA,NA,NA,NA,NA,NA,NA,NA,NA,NA,NA,NA,NA,NA,NA,NA,"1",NA,NA,NA,NA,NA,NA,NA,NA,NA,TRUE,TRUE
"Ramsey County Parks and Recreation","alexis.lipstein@co.ramsey.mn.us","62001300","2024-06-26","3","2025-02-11 12:49:50.820335","Unnamed hardworking surveyor(s)","16","1","9.84",NA,NA,NA,NA,NA,NA,NA,NA,"1",NA,NA,NA,NA,"1",NA,NA,NA,NA,NA,NA,NA,NA,NA,NA,"1",NA,NA,NA,NA,NA,NA,NA,NA,NA,NA,NA,NA,NA,TRUE,TRUE
"Ramsey County Parks and Recreation","alexis.lipstein@co.ramsey.mn.us","62001300","2024-06-26","3","2025-02-11 12:49:50.820335","Unnamed hardworking surveyor(s)","17","2","7.87",NA,NA,NA,NA,NA,NA,NA,NA,"1",NA,NA,NA,NA,"1",NA,NA,NA,NA,NA,NA,NA,NA,NA,NA,NA,NA,NA,NA,NA,NA,NA,NA,NA,NA,NA,NA,NA,NA,TRUE,TRUE
"Ramsey County Parks and Recreation","alexis.lipstein@co.ramsey.mn.us","62001300","2024-06-26","3","2025-02-11 12:49:50.820335","Unnamed hardworking surveyor(s)","18","1","5.91",NA,NA,NA,NA,NA,"1",NA,NA,"1","1","1",NA,NA,"1",NA,NA,NA,NA,NA,NA,NA,NA,NA,NA,"1",NA,NA,NA,NA,NA,NA,NA,NA,NA,NA,NA,NA,NA,TRUE,TRUE
"Ramsey County Parks and Recreation","alexis.lipstein@co.ramsey.mn.us","62001300","2024-06-26","3","2025-02-11 12:49:50.820335","Unnamed hardworking surveyor(s)","20",NA,"13.12",NA,NA,NA,NA,NA,NA,NA,NA,NA,NA,NA,NA,NA,NA,NA,NA,NA,NA,NA,NA,NA,NA,NA,NA,NA,NA,NA,NA,NA,NA,NA,NA,NA,NA,NA,NA,NA,NA,TRUE,TRUE
"Ramsey County Parks and Recreation","alexis.lipstein@co.ramsey.mn.us","62001300","2024-06-26","3","2025-02-11 12:49:50.820335","Unnamed hardworking surveyor(s)","21","1","10.17",NA,NA,NA,NA,NA,NA,NA,NA,"1",NA,NA,NA,NA,"1",NA,NA,NA,NA,NA,NA,NA,NA,NA,NA,NA,NA,NA,NA,NA,NA,NA,NA,NA,NA,NA,NA,NA,NA,TRUE,TRUE
"Ramsey County Parks and Recreation","alexis.lipstein@co.ramsey.mn.us","62001300","2024-06-26","3","2025-02-11 12:49:50.820335","Unnamed hardworking surveyor(s)","22","1","4.27",NA,NA,NA,"1",NA,"1",NA,NA,"2",NA,NA,NA,NA,"2",NA,NA,NA,NA,NA,NA,NA,NA,NA,NA,NA,NA,NA,NA,NA,NA,NA,NA,NA,NA,NA,NA,NA,NA,TRUE,TRUE
"Ramsey County Parks and Recreation","alexis.lipstein@co.ramsey.mn.us","62001300","2024-06-26","3","2025-02-11 12:49:50.820335","Unnamed hardworking surveyor(s)","23","1","5.58",NA,NA,NA,NA,NA,NA,NA,NA,"1","1",NA,NA,NA,NA,NA,NA,NA,NA,NA,NA,NA,NA,NA,NA,NA,NA,NA,NA,NA,NA,NA,NA,NA,NA,NA,NA,NA,NA,TRUE,TRUE
"Ramsey County Parks and Recreation","alexis.lipstein@co.ramsey.mn.us","62001300","2024-06-26","3","2025-02-11 12:49:50.820335","Unnamed hardworking surveyor(s)","24","1","4.59",NA,NA,NA,"1",NA,"1",NA,NA,"1","1",NA,NA,NA,NA,NA,NA,NA,NA,NA,NA,NA,NA,NA,NA,NA,NA,NA,NA,NA,NA,NA,NA,NA,NA,NA,NA,NA,NA,TRUE,TRUE
"Ramsey County Parks and Recreation","alexis.lipstein@co.ramsey.mn.us","62001300","2024-06-26","3","2025-02-11 12:49:50.820335","Unnamed hardworking surveyor(s)","25","1","6.56",NA,NA,NA,NA,NA,NA,NA,NA,"1","1",NA,NA,NA,NA,NA,NA,NA,NA,NA,NA,NA,NA,NA,NA,NA,NA,NA,NA,NA,NA,NA,NA,NA,NA,NA,NA,NA,NA,TRUE,TRUE
"Ramsey County Parks and Recreation","alexis.lipstein@co.ramsey.mn.us","62001300","2024-06-26","3","2025-02-11 12:49:50.820335","Unnamed hardworking surveyor(s)","26","1","13.78",NA,NA,NA,NA,NA,NA,NA,NA,NA,NA,NA,NA,NA,NA,NA,NA,NA,NA,NA,NA,NA,NA,NA,NA,NA,NA,NA,NA,NA,NA,NA,NA,NA,NA,NA,NA,NA,NA,TRUE,TRUE
"Ramsey County Parks and Recreation","alexis.lipstein@co.ramsey.mn.us","62001300","2024-06-26","3","2025-02-11 12:49:50.820335","Unnamed hardworking surveyor(s)","27","1","2.95",NA,NA,"1",NA,NA,"1",NA,NA,"1","1",NA,NA,NA,NA,NA,NA,"1",NA,NA,NA,"1",NA,NA,NA,NA,NA,NA,NA,NA,NA,NA,NA,NA,NA,NA,NA,NA,NA,TRUE,TRUE
"Ramsey County Parks and Recreation","alexis.lipstein@co.ramsey.mn.us","62001300","2024-06-26","3","2025-02-11 12:49:50.820335","Unnamed hardworking surveyor(s)","28","1","3.61",NA,NA,NA,NA,"1","1",NA,NA,"1",NA,"1",NA,NA,NA,NA,NA,NA,NA,NA,NA,NA,NA,NA,NA,NA,NA,NA,NA,NA,NA,NA,NA,NA,NA,NA,NA,NA,"1",TRUE,TRUE
"Ramsey County Parks and Recreation","alexis.lipstein@co.ramsey.mn.us","62001300","2024-06-26","3","2025-02-11 12:49:50.820335","Unnamed hardworking surveyor(s)","29",NA,"3.61",NA,NA,NA,NA,NA,"1",NA,NA,"1","1",NA,NA,NA,NA,NA,NA,NA,NA,NA,NA,NA,NA,NA,NA,"1",NA,NA,NA,"1",NA,NA,NA,NA,NA,NA,NA,NA,NA,TRUE,TRUE
"Ramsey County Parks and Recreation","alexis.lipstein@co.ramsey.mn.us","62001300","2024-06-26","3","2025-02-11 12:49:50.820335","Unnamed hardworking surveyor(s)","30","1","4.92",NA,NA,NA,NA,NA,"1",NA,NA,"1","1",NA,NA,NA,NA,NA,NA,NA,NA,NA,NA,"v",NA,NA,NA,"1",NA,NA,NA,NA,NA,NA,NA,NA,NA,NA,NA,NA,NA,TRUE,TRUE
"Ramsey County Parks and Recreation","alexis.lipstein@co.ramsey.mn.us","62001300","2024-06-26","3","2025-02-11 12:49:50.820335","Unnamed hardworking surveyor(s)","31","1","3.94",NA,NA,NA,NA,NA,"v",NA,NA,"2","1",NA,NA,NA,NA,NA,NA,NA,NA,NA,NA,NA,NA,NA,NA,NA,NA,"1",NA,NA,NA,NA,NA,NA,NA,NA,NA,NA,NA,TRUE,TRUE
"Ramsey County Parks and Recreation","alexis.lipstein@co.ramsey.mn.us","62001300","2024-06-26","3","2025-02-11 12:49:50.820335","Unnamed hardworking surveyor(s)","32","1","3.61",NA,NA,NA,"1",NA,"1",NA,NA,"v","1",NA,NA,NA,NA,NA,NA,NA,NA,NA,NA,NA,NA,NA,NA,NA,NA,NA,NA,NA,NA,NA,NA,NA,NA,NA,NA,NA,"1",TRUE,TRUE
"Ramsey County Parks and Recreation","alexis.lipstein@co.ramsey.mn.us","62001300","2024-06-26","3","2025-02-11 12:49:50.820335","Unnamed hardworking surveyor(s)","33","1","4.92",NA,NA,NA,NA,NA,"1",NA,NA,"1","1","1",NA,NA,"1",NA,NA,NA,NA,NA,NA,NA,NA,NA,NA,NA,NA,NA,NA,"1",NA,NA,NA,NA,NA,NA,NA,NA,"1",TRUE,TRUE
"Ramsey County Parks and Recreation","alexis.lipstein@co.ramsey.mn.us","62001300","2024-06-26","3","2025-02-11 12:49:50.820335","Unnamed hardworking surveyor(s)","34",NA,"2.3",NA,NA,NA,NA,NA,NA,NA,NA,NA,NA,NA,NA,NA,NA,NA,NA,NA,NA,NA,NA,"1",NA,NA,NA,NA,NA,NA,NA,NA,NA,NA,NA,NA,NA,NA,NA,NA,"1",TRUE,TRUE
"Ramsey County Parks and Recreation","alexis.lipstein@co.ramsey.mn.us","62001300","2024-06-26","3","2025-02-11 12:49:50.820335","Unnamed hardworking surveyor(s)","35","1","9.84",NA,NA,NA,NA,NA,"1",NA,NA,NA,NA,NA,NA,NA,NA,NA,NA,NA,NA,NA,NA,NA,NA,NA,NA,NA,NA,NA,NA,NA,NA,NA,NA,NA,NA,NA,NA,NA,NA,TRUE,TRUE
"Ramsey County Parks and Recreation","alexis.lipstein@co.ramsey.mn.us","62001300","2024-06-26","3","2025-02-11 12:49:50.820335","Unnamed hardworking surveyor(s)","36",NA,"12.47",NA,NA,NA,NA,NA,NA,NA,NA,NA,NA,NA,NA,NA,NA,NA,NA,NA,NA,NA,NA,NA,NA,NA,NA,NA,NA,NA,NA,NA,NA,NA,NA,NA,NA,NA,NA,NA,NA,TRUE,TRUE
"Ramsey County Parks and Recreation","alexis.lipstein@co.ramsey.mn.us","62001300","2024-06-26","3","2025-02-11 12:49:50.820335","Unnamed hardworking surveyor(s)","37","1","3.61",NA,NA,NA,NA,"2",NA,NA,NA,"1","1","1",NA,NA,NA,NA,NA,NA,NA,NA,NA,NA,NA,NA,NA,NA,NA,NA,NA,"1",NA,NA,NA,NA,NA,NA,NA,NA,NA,TRUE,TRUE
"Ramsey County Parks and Recreation","alexis.lipstein@co.ramsey.mn.us","62001300","2024-06-26","3","2025-02-11 12:49:50.820335","Unnamed hardworking surveyor(s)","38","1","8.2",NA,NA,NA,NA,NA,NA,NA,NA,NA,NA,NA,NA,NA,NA,NA,NA,NA,NA,NA,NA,"1",NA,NA,NA,NA,NA,NA,NA,NA,NA,NA,NA,NA,NA,NA,NA,NA,NA,TRUE,TRUE
"Ramsey County Parks and Recreation","alexis.lipstein@co.ramsey.mn.us","62001300","2024-06-26","3","2025-02-11 12:49:50.820335","Unnamed hardworking surveyor(s)","39",NA,"1.64",NA,NA,NA,NA,NA,NA,NA,NA,NA,NA,NA,NA,NA,NA,NA,NA,NA,NA,NA,NA,NA,NA,NA,NA,NA,NA,NA,NA,NA,NA,NA,NA,NA,NA,NA,NA,NA,NA,TRUE,TRUE
"Ramsey County Parks and Recreation","alexis.lipstein@co.ramsey.mn.us","62001300","2024-06-26","3","2025-02-11 12:49:50.820335","Unnamed hardworking surveyor(s)","40","1","11.15",NA,NA,NA,NA,NA,"1",NA,NA,"1",NA,NA,NA,NA,"1",NA,NA,NA,NA,NA,NA,NA,NA,NA,NA,NA,NA,NA,NA,NA,NA,NA,NA,NA,NA,NA,NA,NA,"1",TRUE,TRUE
"Ramsey County Parks and Recreation","alexis.lipstein@co.ramsey.mn.us","62001300","2024-06-26","3","2025-02-11 12:49:50.820335","Unnamed hardworking surveyor(s)","41","1","11.48",NA,NA,NA,NA,NA,NA,NA,NA,"1",NA,NA,NA,NA,NA,NA,NA,NA,NA,NA,NA,NA,NA,NA,NA,NA,NA,NA,NA,NA,NA,NA,NA,NA,NA,NA,NA,NA,NA,TRUE,TRUE
"Ramsey County Parks and Recreation","alexis.lipstein@co.ramsey.mn.us","62001300","2024-06-26","3","2025-02-11 12:49:50.820335","Unnamed hardworking surveyor(s)","42","1","14.76",NA,NA,NA,NA,NA,NA,NA,NA,NA,NA,NA,NA,NA,NA,NA,NA,NA,NA,NA,NA,NA,NA,NA,NA,NA,NA,NA,NA,NA,NA,NA,NA,NA,NA,NA,NA,NA,NA,TRUE,TRUE
"Ramsey County Parks and Recreation","alexis.lipstein@co.ramsey.mn.us","62001300","2024-06-26","3","2025-02-11 12:49:50.820335","Unnamed hardworking surveyor(s)","43",NA,"2.62",NA,NA,NA,NA,NA,"1",NA,NA,NA,"1",NA,NA,NA,"1",NA,NA,NA,NA,NA,NA,NA,NA,NA,NA,"1",NA,NA,NA,"1",NA,NA,NA,NA,NA,NA,NA,NA,NA,TRUE,TRUE
"Ramsey County Parks and Recreation","alexis.lipstein@co.ramsey.mn.us","62001300","2024-06-26","3","2025-02-11 12:49:50.820335","Unnamed hardworking surveyor(s)","44",NA,"2.62",NA,NA,"1",NA,NA,"1",NA,NA,NA,NA,NA,NA,NA,NA,NA,NA,NA,NA,NA,NA,NA,NA,NA,NA,NA,NA,NA,NA,"1",NA,NA,NA,NA,NA,NA,NA,NA,NA,TRUE,TRUE
"Ramsey County Parks and Recreation","alexis.lipstein@co.ramsey.mn.us","62001300","2024-06-26","3","2025-02-11 12:49:50.820335","Unnamed hardworking surveyor(s)","45",NA,"15.09",NA,NA,NA,NA,NA,NA,NA,NA,NA,NA,NA,NA,NA,NA,NA,NA,NA,NA,NA,NA,NA,NA,NA,NA,NA,NA,NA,NA,NA,NA,NA,NA,NA,NA,NA,NA,NA,NA,TRUE,TRUE
"Ramsey County Parks and Recreation","alexis.lipstein@co.ramsey.mn.us","62001300","2024-06-26","3","2025-02-11 12:49:50.820335","Unnamed hardworking surveyor(s)","46","1","4.92",NA,NA,NA,NA,NA,NA,NA,NA,"1",NA,NA,NA,NA,NA,NA,NA,NA,NA,NA,NA,NA,NA,NA,NA,NA,NA,NA,NA,NA,NA,NA,NA,NA,NA,NA,NA,NA,NA,TRUE,TRUE
"Ramsey County Parks and Recreation","alexis.lipstein@co.ramsey.mn.us","62001300","2024-06-26","3","2025-02-11 12:49:50.820335","Unnamed hardworking surveyor(s)","47","1","3.94",NA,NA,NA,NA,NA,"1",NA,NA,"1",NA,NA,NA,NA,"1",NA,NA,NA,NA,NA,NA,NA,NA,NA,NA,NA,NA,NA,NA,"1",NA,NA,NA,NA,NA,NA,NA,NA,NA,TRUE,TRUE
"Ramsey County Parks and Recreation","alexis.lipstein@co.ramsey.mn.us","62001300","2024-06-26","3","2025-02-11 12:49:50.820335","Unnamed hardworking surveyor(s)","48","1","11.15",NA,NA,NA,"1",NA,NA,NA,NA,NA,NA,NA,NA,NA,NA,NA,NA,NA,NA,NA,NA,NA,NA,NA,NA,NA,NA,NA,NA,NA,NA,NA,NA,NA,NA,NA,NA,NA,NA,TRUE,TRUE
"Ramsey County Parks and Recreation","alexis.lipstein@co.ramsey.mn.us","62001300","2024-06-26","3","2025-02-11 12:49:50.820335","Unnamed hardworking surveyor(s)","49","1","2.95",NA,NA,NA,NA,NA,"1",NA,NA,NA,NA,NA,NA,NA,NA,NA,NA,NA,NA,NA,NA,NA,NA,NA,NA,NA,NA,NA,NA,NA,NA,NA,NA,NA,NA,NA,NA,NA,NA,TRUE,TRUE
"Ramsey County Parks and Recreation","alexis.lipstein@co.ramsey.mn.us","62001300","2024-06-26","3","2025-02-11 12:49:50.820335","Unnamed hardworking surveyor(s)","50","1","3.61",NA,NA,NA,NA,NA,NA,NA,NA,"1",NA,NA,NA,NA,NA,NA,NA,NA,NA,NA,NA,NA,NA,NA,"v",NA,NA,NA,NA,"1",NA,NA,NA,NA,NA,NA,NA,NA,NA,TRUE,TRUE
"Ramsey County Parks and Recreation","alexis.lipstein@co.ramsey.mn.us","62001300","2024-06-26","3","2025-02-11 12:49:50.820335","Unnamed hardworking surveyor(s)","51",NA,"3.61",NA,NA,"1",NA,NA,"1",NA,NA,NA,NA,NA,NA,NA,NA,NA,NA,NA,NA,NA,NA,NA,NA,NA,NA,"1",NA,NA,NA,"1",NA,NA,NA,NA,NA,NA,NA,NA,"1",TRUE,TRUE
"Ramsey County Parks and Recreation","alexis.lipstein@co.ramsey.mn.us","62001300","2024-06-26","3","2025-02-11 12:49:50.820335","Unnamed hardworking surveyor(s)","52","1","3.28",NA,NA,NA,NA,"1",NA,NA,NA,"1",NA,NA,NA,NA,NA,NA,NA,NA,NA,NA,NA,NA,NA,NA,"1",NA,NA,NA,NA,NA,NA,NA,NA,NA,NA,NA,NA,NA,NA,TRUE,TRUE
"Ramsey County Parks and Recreation","alexis.lipstein@co.ramsey.mn.us","62001300","2024-06-26","3","2025-02-11 12:49:50.820335","Unnamed hardworking surveyor(s)","53","2","6.89",NA,NA,NA,NA,NA,"1",NA,NA,NA,NA,NA,NA,NA,NA,NA,NA,NA,NA,NA,NA,NA,NA,NA,NA,NA,NA,NA,NA,NA,NA,NA,NA,NA,NA,NA,NA,NA,NA,TRUE,TRUE
"Ramsey County Parks and Recreation","alexis.lipstein@co.ramsey.mn.us","62001300","2024-06-26","3","2025-02-11 12:49:50.820335","Unnamed hardworking surveyor(s)","54",NA,"12.47",NA,NA,NA,NA,NA,NA,NA,NA,NA,NA,NA,NA,NA,NA,NA,NA,NA,NA,NA,NA,NA,NA,NA,NA,NA,NA,NA,NA,NA,NA,NA,NA,NA,NA,NA,NA,NA,NA,TRUE,TRUE
"Ramsey County Parks and Recreation","alexis.lipstein@co.ramsey.mn.us","62001300","2024-06-26","3","2025-02-11 12:49:50.820335","Unnamed hardworking surveyor(s)","55","1","3.61",NA,NA,"1",NA,NA,"1",NA,NA,NA,"1",NA,NA,NA,"1",NA,NA,NA,NA,NA,NA,NA,NA,NA,NA,NA,NA,NA,NA,"1",NA,NA,NA,NA,NA,NA,NA,NA,NA,TRUE,TRUE
"Ramsey County Parks and Recreation","alexis.lipstein@co.ramsey.mn.us","62001300","2024-06-26","3","2025-02-11 12:49:50.820335","Unnamed hardworking surveyor(s)","56","1","4.59","1",NA,"1",NA,NA,"1",NA,NA,NA,"1",NA,NA,NA,NA,NA,NA,NA,NA,NA,NA,NA,NA,NA,NA,NA,NA,NA,NA,NA,NA,NA,NA,NA,NA,NA,NA,NA,NA,TRUE,TRUE
"Ramsey County Parks and Recreation","alexis.lipstein@co.ramsey.mn.us","62001300","2024-06-26","3","2025-02-11 12:49:50.820335","Unnamed hardworking surveyor(s)","57","1","3.28",NA,NA,"1",NA,NA,NA,NA,NA,NA,"1",NA,NA,NA,"2",NA,NA,NA,NA,NA,NA,NA,NA,NA,NA,NA,NA,NA,NA,NA,NA,NA,NA,NA,NA,NA,NA,NA,NA,TRUE,TRUE
"Ramsey County Parks and Recreation","alexis.lipstein@co.ramsey.mn.us","62001300","2024-06-26","3","2025-02-11 12:49:50.820335","Unnamed hardworking surveyor(s)","58",NA,"2.95",NA,NA,"1",NA,NA,"1",NA,NA,NA,NA,NA,NA,NA,NA,NA,NA,NA,NA,NA,NA,NA,NA,NA,NA,"1",NA,NA,NA,NA,NA,NA,NA,NA,NA,NA,NA,NA,NA,TRUE,TRUE
"Ramsey County Parks and Recreation","alexis.lipstein@co.ramsey.mn.us","62001300","2024-06-26","3","2025-02-11 12:49:50.820335","Unnamed hardworking surveyor(s)","63",NA,"15.42",NA,NA,NA,NA,NA,NA,NA,NA,NA,NA,NA,NA,NA,NA,NA,NA,NA,NA,NA,NA,NA,NA,NA,NA,NA,NA,NA,NA,NA,NA,NA,NA,NA,NA,NA,NA,NA,NA,TRUE,TRUE
"Ramsey County Parks and Recreation","alexis.lipstein@co.ramsey.mn.us","62001300","2024-06-26","3","2025-02-11 12:49:50.820335","Unnamed hardworking surveyor(s)","64","1","9.84",NA,NA,NA,NA,NA,NA,NA,NA,NA,NA,NA,NA,NA,NA,NA,NA,NA,NA,NA,NA,NA,NA,NA,NA,NA,NA,NA,NA,NA,NA,NA,NA,NA,NA,NA,NA,NA,NA,TRUE,TRUE
"Ramsey County Parks and Recreation","alexis.lipstein@co.ramsey.mn.us","62001300","2024-06-26","3","2025-02-11 12:49:50.820335","Unnamed hardworking surveyor(s)","65","1","11.15",NA,NA,NA,NA,NA,NA,NA,NA,NA,NA,NA,NA,NA,NA,NA,NA,NA,NA,NA,NA,NA,NA,NA,NA,NA,NA,NA,NA,NA,NA,NA,NA,NA,NA,NA,NA,NA,NA,TRUE,TRUE
"Ramsey County Parks and Recreation","alexis.lipstein@co.ramsey.mn.us","62001300","2024-06-26","3","2025-02-11 12:49:50.820335","Unnamed hardworking surveyor(s)","66",NA,"3.28",NA,NA,NA,NA,NA,NA,NA,NA,NA,NA,NA,NA,NA,"1",NA,NA,NA,NA,NA,NA,NA,NA,NA,NA,NA,NA,NA,NA,NA,NA,NA,NA,NA,NA,NA,NA,NA,NA,TRUE,TRUE
"Ramsey County Parks and Recreation","alexis.lipstein@co.ramsey.mn.us","62001300","2024-06-26","3","2025-02-11 12:49:50.820335","Unnamed hardworking surveyor(s)","67","1","4.27",NA,NA,"1",NA,NA,NA,NA,NA,"1",NA,NA,NA,NA,NA,NA,NA,NA,NA,NA,NA,NA,NA,NA,NA,NA,NA,NA,NA,NA,NA,NA,NA,NA,NA,NA,NA,NA,NA,TRUE,TRUE
"Ramsey County Parks and Recreation","alexis.lipstein@co.ramsey.mn.us","62001300","2024-06-26","3","2025-02-11 12:49:50.820335","Unnamed hardworking surveyor(s)","68","1","2.62",NA,NA,NA,NA,NA,"1",NA,NA,"1","1",NA,NA,NA,NA,NA,NA,NA,NA,NA,NA,NA,NA,NA,NA,NA,NA,NA,NA,NA,NA,NA,NA,NA,NA,NA,NA,NA,NA,TRUE,TRUE
"Ramsey County Parks and Recreation","alexis.lipstein@co.ramsey.mn.us","62001300","2024-06-26","3","2025-02-11 12:49:50.820335","Unnamed hardworking surveyor(s)","69","1","1.97",NA,NA,NA,NA,NA,"1",NA,NA,NA,"1",NA,NA,NA,"1",NA,NA,NA,NA,NA,NA,NA,NA,NA,NA,NA,NA,NA,NA,NA,NA,NA,NA,NA,NA,NA,NA,NA,NA,TRUE,TRUE
"Ramsey County Parks and Recreation","alexis.lipstein@co.ramsey.mn.us","62001300","2024-06-26","3","2025-02-11 12:49:50.820335","Unnamed hardworking surveyor(s)","70","1","11.15",NA,NA,NA,NA,NA,NA,NA,NA,NA,NA,"1",NA,NA,"1",NA,NA,NA,NA,NA,NA,NA,NA,NA,NA,NA,NA,NA,NA,NA,NA,NA,NA,NA,NA,NA,NA,NA,NA,TRUE,TRUE
"Ramsey County Parks and Recreation","alexis.lipstein@co.ramsey.mn.us","62001300","2024-06-26","3","2025-02-11 12:49:50.820335","Unnamed hardworking surveyor(s)","71","1","7.87",NA,NA,NA,NA,NA,NA,NA,NA,"1",NA,NA,NA,NA,NA,NA,NA,NA,NA,NA,NA,NA,NA,NA,NA,NA,NA,NA,NA,NA,NA,NA,NA,NA,NA,NA,NA,NA,NA,TRUE,TRUE
"Ramsey County Parks and Recreation","alexis.lipstein@co.ramsey.mn.us","62001300","2024-06-26","3","2025-02-11 12:49:50.820335","Unnamed hardworking surveyor(s)","72","1","3.28","1",NA,NA,NA,NA,"1",NA,NA,"1","1",NA,NA,NA,NA,NA,NA,NA,NA,NA,NA,NA,NA,NA,NA,NA,NA,"1",NA,NA,NA,NA,NA,NA,NA,NA,NA,NA,NA,TRUE,TRUE
"Ramsey County Parks and Recreation","alexis.lipstein@co.ramsey.mn.us","62001300","2024-06-26","3","2025-02-11 12:49:50.820335","Unnamed hardworking surveyor(s)","73","1","4.59",NA,NA,NA,NA,NA,NA,NA,NA,"1",NA,NA,NA,NA,NA,NA,NA,NA,NA,NA,NA,NA,NA,NA,NA,NA,NA,NA,NA,NA,NA,NA,NA,NA,NA,NA,NA,NA,NA,TRUE,TRUE
"Ramsey County Parks and Recreation","alexis.lipstein@co.ramsey.mn.us","62001300","2024-06-26","3","2025-02-11 12:49:50.820335","Unnamed hardworking surveyor(s)","74","1","1.64","1",NA,"1","1",NA,"1",NA,NA,"1",NA,NA,NA,NA,"1",NA,NA,NA,NA,NA,NA,NA,NA,NA,NA,NA,NA,NA,NA,"1",NA,NA,NA,NA,NA,NA,NA,NA,NA,TRUE,TRUE
"Ramsey County Parks and Recreation","alexis.lipstein@co.ramsey.mn.us","62001300","2024-06-26","3","2025-02-11 12:49:50.820335","Unnamed hardworking surveyor(s)","75","2","5.91",NA,NA,NA,"1",NA,NA,NA,NA,"1",NA,NA,NA,NA,NA,NA,NA,NA,NA,NA,NA,NA,NA,NA,NA,NA,NA,NA,NA,NA,NA,NA,NA,NA,NA,NA,NA,NA,NA,TRUE,TRUE
"Ramsey County Parks and Recreation","alexis.lipstein@co.ramsey.mn.us","62001300","2024-06-26","3","2025-02-11 12:49:50.820335","Unnamed hardworking surveyor(s)","76","3","7.87",NA,NA,NA,"1",NA,NA,NA,NA,NA,NA,NA,NA,NA,"1",NA,NA,NA,NA,NA,NA,NA,NA,NA,NA,NA,NA,NA,NA,NA,NA,NA,NA,NA,NA,NA,NA,NA,NA,TRUE,TRUE
"Ramsey County Parks and Recreation","alexis.lipstein@co.ramsey.mn.us","62001300","2024-06-26","3","2025-02-11 12:49:50.820335","Unnamed hardworking surveyor(s)","77","2","11.81",NA,NA,NA,NA,NA,NA,NA,NA,NA,NA,NA,NA,NA,NA,NA,NA,NA,NA,NA,NA,NA,NA,NA,NA,NA,NA,"1",NA,NA,NA,NA,NA,NA,NA,NA,NA,NA,NA,TRUE,TRUE
"Ramsey County Parks and Recreation","alexis.lipstein@co.ramsey.mn.us","62001300","2024-06-26","3","2025-02-11 12:49:50.820335","Unnamed hardworking surveyor(s)","79","1","9.51",NA,NA,NA,NA,NA,NA,NA,NA,"1",NA,NA,NA,NA,NA,NA,NA,NA,NA,NA,NA,NA,NA,NA,NA,NA,NA,NA,NA,NA,NA,NA,NA,NA,NA,NA,NA,NA,NA,TRUE,TRUE
"Ramsey County Parks and Recreation","alexis.lipstein@co.ramsey.mn.us","62001300","2024-06-26","3","2025-02-11 12:49:50.820335","Unnamed hardworking surveyor(s)","80","1","8.53",NA,NA,NA,NA,NA,NA,NA,NA,NA,NA,NA,NA,NA,NA,NA,NA,NA,NA,NA,NA,NA,NA,NA,NA,NA,NA,NA,NA,NA,NA,NA,NA,NA,NA,NA,NA,NA,NA,TRUE,TRUE
"Ramsey County Parks and Recreation","alexis.lipstein@co.ramsey.mn.us","62001300","2024-06-26","3","2025-02-11 12:49:50.820335","Unnamed hardworking surveyor(s)","81","1","7.87",NA,NA,NA,NA,NA,NA,NA,NA,"1",NA,NA,NA,NA,NA,NA,NA,NA,NA,NA,NA,NA,NA,NA,NA,NA,NA,"1",NA,NA,NA,NA,NA,NA,NA,NA,NA,NA,NA,TRUE,TRUE
"Ramsey County Parks and Recreation","alexis.lipstein@co.ramsey.mn.us","62001300","2024-06-26","3","2025-02-11 12:49:50.820335","Unnamed hardworking surveyor(s)","82",NA,"3.94",NA,NA,"1",NA,NA,"1",NA,NA,"1","2",NA,NA,NA,NA,NA,NA,NA,NA,NA,NA,NA,NA,NA,NA,NA,NA,"1",NA,NA,NA,NA,NA,NA,NA,NA,NA,NA,"1",TRUE,TRUE
"Ramsey County Parks and Recreation","alexis.lipstein@co.ramsey.mn.us","62001300","2024-06-26","3","2025-02-11 12:49:50.820335","Unnamed hardworking surveyor(s)","83",NA,"1.64",NA,NA,NA,NA,NA,NA,NA,NA,NA,NA,NA,NA,NA,NA,NA,NA,NA,NA,NA,NA,NA,NA,NA,NA,NA,NA,NA,NA,NA,NA,NA,NA,NA,NA,NA,NA,NA,"2",TRUE,TRUE
"Ramsey County Parks and Recreation","alexis.lipstein@co.ramsey.mn.us","62001300","2024-06-26","3","2025-02-11 12:49:50.820335","Unnamed hardworking surveyor(s)","84","1","3.94",NA,NA,NA,"1",NA,"1",NA,NA,"2",NA,NA,NA,NA,NA,NA,NA,NA,NA,NA,NA,NA,NA,NA,NA,NA,NA,NA,NA,NA,NA,NA,NA,NA,NA,NA,NA,NA,NA,TRUE,TRUE
"Ramsey County Parks and Recreation","alexis.lipstein@co.ramsey.mn.us","62001300","2024-06-26","3","2025-02-11 12:49:50.820335","Unnamed hardworking surveyor(s)","85","1","4.59","1",NA,NA,NA,NA,"1",NA,NA,"1",NA,NA,NA,NA,NA,NA,NA,NA,NA,NA,NA,NA,NA,NA,NA,NA,NA,NA,NA,NA,NA,NA,NA,NA,NA,NA,NA,NA,"1",TRUE,TRUE
"Ramsey County Parks and Recreation","alexis.lipstein@co.ramsey.mn.us","62001300","2024-06-26","3","2025-02-11 12:49:50.820335","Unnamed hardworking surveyor(s)","86","1","4.59",NA,NA,NA,NA,NA,"1",NA,NA,"1","1",NA,NA,NA,"2",NA,NA,NA,NA,NA,NA,NA,NA,NA,NA,NA,NA,NA,NA,NA,NA,NA,NA,NA,NA,NA,NA,NA,NA,TRUE,TRUE
"Ramsey County Parks and Recreation","alexis.lipstein@co.ramsey.mn.us","62001300","2024-06-26","3","2025-02-11 12:49:50.820335","Unnamed hardworking surveyor(s)","87","1","4.59","1",NA,NA,NA,NA,"1",NA,NA,"1","1",NA,NA,NA,"1",NA,NA,NA,NA,NA,NA,NA,NA,NA,NA,"1",NA,NA,NA,NA,NA,NA,NA,NA,NA,NA,NA,NA,NA,TRUE,TRUE
"Ramsey County Parks and Recreation","alexis.lipstein@co.ramsey.mn.us","62001300","2024-06-26","3","2025-02-11 12:49:50.820335","Unnamed hardworking surveyor(s)","88",NA,"4.27",NA,NA,"1",NA,NA,"2",NA,NA,"1","1",NA,NA,NA,NA,NA,NA,NA,NA,NA,NA,NA,NA,NA,NA,NA,NA,NA,NA,NA,NA,NA,NA,NA,NA,NA,NA,NA,"1",TRUE,TRUE
"Ramsey County Parks and Recreation","alexis.lipstein@co.ramsey.mn.us","62001300","2024-06-26","3","2025-02-11 12:49:50.820335","Unnamed hardworking surveyor(s)","89","1","4.27",NA,NA,"1","1",NA,"2",NA,NA,"1","1",NA,NA,NA,NA,NA,NA,NA,NA,NA,NA,NA,NA,NA,NA,NA,NA,NA,NA,NA,NA,NA,NA,NA,NA,NA,NA,NA,"2",TRUE,TRUE
"Ramsey County Parks and Recreation","alexis.lipstein@co.ramsey.mn.us","62001300","2024-06-26","3","2025-02-11 12:49:50.820335","Unnamed hardworking surveyor(s)","90","1","2.62",NA,NA,NA,"1",NA,NA,NA,NA,"1",NA,"1",NA,NA,NA,NA,NA,NA,NA,NA,NA,NA,NA,NA,NA,NA,NA,NA,NA,NA,NA,NA,NA,NA,NA,NA,NA,NA,NA,TRUE,TRUE
"Ramsey County Parks and Recreation","alexis.lipstein@co.ramsey.mn.us","62001300","2024-06-26","3","2025-02-11 12:49:50.820335","Unnamed hardworking surveyor(s)","91","1","4.92",NA,NA,NA,"1",NA,NA,NA,NA,"1",NA,"1",NA,NA,NA,NA,NA,NA,NA,NA,NA,NA,NA,NA,NA,NA,NA,"1",NA,NA,NA,NA,NA,NA,NA,NA,NA,NA,NA,TRUE,TRUE
"Ramsey County Parks and Recreation","alexis.lipstein@co.ramsey.mn.us","62001300","2024-06-26","3","2025-02-11 12:49:50.820335","Unnamed hardworking surveyor(s)","92","1","4.27",NA,NA,NA,"2",NA,NA,NA,NA,"2",NA,NA,NA,NA,"1",NA,NA,NA,NA,NA,NA,NA,NA,NA,NA,NA,NA,"1",NA,NA,NA,NA,NA,NA,NA,NA,NA,NA,NA,TRUE,TRUE
"Ramsey County Parks and Recreation","alexis.lipstein@co.ramsey.mn.us","62001300","2024-06-26","3","2025-02-11 12:49:50.820335","Unnamed hardworking surveyor(s)","93",NA,"2.62",NA,NA,NA,NA,NA,NA,NA,NA,"1",NA,"1",NA,NA,"1",NA,NA,NA,NA,NA,NA,NA,NA,NA,NA,NA,NA,NA,NA,NA,NA,NA,NA,NA,NA,NA,NA,NA,NA,TRUE,TRUE
"Ramsey County Parks and Recreation","alexis.lipstein@co.ramsey.mn.us","62001300","2024-06-26","3","2025-02-11 12:49:50.820335","Unnamed hardworking surveyor(s)","94","1","4.27",NA,NA,NA,"1",NA,NA,NA,NA,NA,NA,NA,NA,NA,"1",NA,NA,NA,NA,NA,NA,NA,NA,NA,NA,NA,NA,"1",NA,NA,NA,NA,NA,NA,NA,NA,NA,NA,NA,TRUE,TRUE
"Ramsey County Parks and Recreation","alexis.lipstein@co.ramsey.mn.us","62001300","2024-06-26","3","2025-02-11 12:49:50.820335","Unnamed hardworking surveyor(s)","95","1","4.27",NA,NA,"1","1",NA,"1",NA,NA,"1",NA,"1",NA,NA,NA,NA,NA,NA,NA,NA,NA,NA,NA,NA,NA,NA,NA,"1",NA,NA,NA,NA,NA,NA,NA,NA,NA,NA,NA,TRUE,TRUE
"Ramsey County Parks and Recreation","alexis.lipstein@co.ramsey.mn.us","62001300","2024-06-26","3","2025-02-11 12:49:50.820335","Unnamed hardworking surveyor(s)","96",NA,"13.12",NA,NA,NA,NA,NA,NA,NA,NA,NA,NA,NA,NA,NA,NA,NA,NA,NA,NA,NA,NA,NA,NA,NA,NA,NA,NA,NA,NA,NA,NA,NA,NA,NA,NA,NA,NA,NA,NA,TRUE,TRUE
"Ramsey County Parks and Recreation","alexis.lipstein@co.ramsey.mn.us","62001300","2024-06-26","3","2025-02-11 12:49:50.820335","Unnamed hardworking surveyor(s)","97",NA,"13.78",NA,NA,NA,NA,NA,NA,NA,NA,NA,NA,NA,NA,NA,NA,NA,NA,NA,NA,NA,NA,NA,NA,NA,NA,NA,NA,NA,NA,NA,NA,NA,NA,NA,NA,NA,NA,NA,NA,TRUE,TRUE
"Ramsey County Parks and Recreation","alexis.lipstein@co.ramsey.mn.us","62001300","2024-06-26","3","2025-02-11 12:49:50.820335","Unnamed hardworking surveyor(s)","98","1","4.59",NA,NA,NA,"1",NA,NA,NA,NA,"1",NA,"1",NA,NA,"1",NA,NA,NA,NA,NA,NA,NA,NA,NA,NA,NA,NA,"1",NA,NA,NA,NA,NA,NA,NA,NA,NA,NA,NA,TRUE,TRUE
"Ramsey County Parks and Recreation","alexis.lipstein@co.ramsey.mn.us","62001300","2024-06-26","3","2025-02-11 12:49:50.820335","Unnamed hardworking surveyor(s)","99","1","5.58",NA,NA,NA,NA,NA,"1",NA,NA,NA,NA,"2",NA,NA,NA,NA,NA,NA,NA,NA,NA,NA,NA,NA,NA,NA,NA,NA,NA,NA,NA,NA,NA,NA,NA,NA,NA,NA,NA,TRUE,TRUE
"Ramsey County Parks and Recreation","alexis.lipstein@co.ramsey.mn.us","62001300","2024-06-26","3","2025-02-11 12:49:50.820335","Unnamed hardworking surveyor(s)","100","1","3.61","1",NA,NA,"1","1",NA,NA,NA,NA,NA,NA,NA,NA,NA,NA,NA,"1",NA,NA,NA,NA,"1",NA,NA,"1",NA,"1",NA,"1",NA,NA,NA,NA,NA,NA,NA,NA,"1",TRUE,TRUE
"Ramsey County Parks and Recreation","alexis.lipstein@co.ramsey.mn.us","62001300","2024-06-26","3","2025-02-11 12:49:50.820335","Unnamed hardworking surveyor(s)","101","1","2.95","1",NA,NA,"1","1",NA,NA,NA,NA,NA,NA,NA,NA,NA,NA,NA,NA,NA,NA,NA,NA,NA,NA,NA,NA,NA,NA,NA,"1",NA,NA,NA,NA,NA,NA,NA,NA,"1",TRUE,TRUE
"Ramsey County Parks and Recreation","alexis.lipstein@co.ramsey.mn.us","62001300","2024-06-26","3","2025-02-11 12:49:50.820335","Unnamed hardworking surveyor(s)","102","1","7.55",NA,NA,NA,NA,NA,NA,NA,NA,NA,NA,NA,NA,NA,NA,NA,NA,NA,NA,NA,NA,NA,NA,NA,NA,NA,NA,NA,NA,"1",NA,NA,NA,NA,NA,NA,NA,NA,NA,TRUE,TRUE
"Ramsey County Parks and Recreation","alexis.lipstein@co.ramsey.mn.us","62001300","2024-06-26","3","2025-02-11 12:49:50.820335","Unnamed hardworking surveyor(s)","103","1","5.25",NA,NA,NA,"1","1",NA,NA,NA,"1",NA,"1",NA,NA,NA,NA,NA,NA,NA,NA,NA,NA,NA,NA,NA,NA,NA,NA,NA,NA,NA,NA,NA,NA,NA,NA,NA,NA,NA,TRUE,TRUE
"Ramsey County Parks and Recreation","alexis.lipstein@co.ramsey.mn.us","62001300","2024-06-26","3","2025-02-11 12:49:50.820335","Unnamed hardworking surveyor(s)","104",NA,"11.15",NA,NA,NA,NA,NA,NA,NA,NA,NA,NA,NA,NA,NA,NA,NA,NA,NA,NA,NA,NA,NA,NA,NA,NA,NA,NA,NA,NA,NA,NA,NA,NA,NA,NA,NA,NA,NA,NA,TRUE,TRUE
"Ramsey County Parks and Recreation","alexis.lipstein@co.ramsey.mn.us","62001300","2024-06-26","3","2025-02-11 12:49:50.820335","Unnamed hardworking surveyor(s)","105",NA,"13.78",NA,NA,NA,NA,NA,NA,NA,NA,NA,NA,NA,NA,NA,NA,NA,NA,NA,NA,NA,NA,NA,NA,NA,NA,NA,NA,NA,NA,NA,NA,NA,NA,NA,NA,NA,NA,NA,NA,TRUE,TRUE
"Ramsey County Parks and Recreation","alexis.lipstein@co.ramsey.mn.us","62001300","2024-06-26","3","2025-02-11 12:49:50.820335","Unnamed hardworking surveyor(s)","106","2","5.91",NA,NA,NA,NA,NA,NA,NA,NA,"1",NA,"1",NA,NA,NA,NA,NA,NA,NA,NA,NA,NA,NA,NA,NA,NA,NA,NA,NA,NA,NA,NA,NA,NA,NA,NA,NA,NA,NA,TRUE,TRUE
"Ramsey County Parks and Recreation","alexis.lipstein@co.ramsey.mn.us","62001300","2024-06-26","3","2025-02-11 12:49:50.820335","Unnamed hardworking surveyor(s)","107","1","3.94",NA,NA,NA,NA,NA,"2",NA,NA,NA,"1",NA,NA,NA,NA,NA,NA,NA,NA,NA,NA,NA,NA,NA,NA,NA,NA,"1",NA,NA,NA,NA,NA,NA,NA,NA,NA,NA,"1",TRUE,TRUE
"Ramsey County Parks and Recreation","alexis.lipstein@co.ramsey.mn.us","62001300","2024-06-26","3","2025-02-11 12:49:50.820335","Unnamed hardworking surveyor(s)","108",NA,"3.94",NA,NA,"1",NA,NA,"1",NA,NA,"1","1",NA,NA,NA,NA,NA,NA,NA,NA,NA,NA,NA,NA,NA,NA,NA,NA,"2",NA,NA,NA,NA,NA,NA,NA,NA,NA,NA,NA,TRUE,TRUE
"Ramsey County Parks and Recreation","alexis.lipstein@co.ramsey.mn.us","62001300","2024-06-26","3","2025-02-11 12:49:50.820335","Unnamed hardworking surveyor(s)","109","1","2.62",NA,NA,NA,"1","1","1",NA,NA,NA,NA,NA,NA,NA,"1",NA,NA,NA,NA,NA,NA,NA,NA,NA,NA,NA,NA,NA,NA,"1",NA,NA,NA,NA,NA,NA,NA,NA,NA,TRUE,TRUE
"Ramsey County Parks and Recreation","alexis.lipstein@co.ramsey.mn.us","62001300","2024-06-26","3","2025-02-11 12:49:50.820335","Unnamed hardworking surveyor(s)","110","1","2.95",NA,NA,"1",NA,"2",NA,NA,NA,"1",NA,NA,NA,NA,NA,NA,NA,NA,NA,NA,NA,NA,"1",NA,NA,NA,NA,NA,NA,"1",NA,NA,NA,NA,NA,NA,NA,NA,NA,TRUE,TRUE
"Ramsey County Parks and Recreation","alexis.lipstein@co.ramsey.mn.us","62001300","2024-06-26","3","2025-02-11 12:49:50.820335","Unnamed hardworking surveyor(s)","111","1","2.62",NA,NA,NA,"1","1","1",NA,NA,"1",NA,"1",NA,NA,NA,NA,NA,NA,NA,NA,NA,NA,"1",NA,NA,NA,NA,NA,NA,"1",NA,NA,NA,NA,NA,NA,NA,NA,NA,TRUE,TRUE
"Ramsey County Parks and Recreation","alexis.lipstein@co.ramsey.mn.us","62001300","2024-06-26","3","2025-02-11 12:49:50.820335","Unnamed hardworking surveyor(s)","112",NA,"3.28",NA,NA,NA,NA,"1","1",NA,NA,"1",NA,"1",NA,NA,"1",NA,NA,NA,NA,NA,NA,NA,NA,NA,NA,NA,NA,NA,NA,"1",NA,NA,NA,NA,NA,NA,NA,NA,NA,TRUE,TRUE
"Ramsey County Parks and Recreation","alexis.lipstein@co.ramsey.mn.us","62001300","2024-06-26","3","2025-02-11 12:49:50.820335","Unnamed hardworking surveyor(s)","113","1","3.94",NA,NA,NA,NA,"3","1",NA,NA,NA,NA,"1",NA,NA,"1",NA,NA,NA,NA,NA,NA,"1","1",NA,NA,NA,NA,NA,NA,"1",NA,NA,NA,NA,NA,NA,NA,NA,NA,TRUE,TRUE
"Ramsey County Parks and Recreation","alexis.lipstein@co.ramsey.mn.us","62001300","2024-06-26","3","2025-02-11 12:49:50.820335","Unnamed hardworking surveyor(s)","114",NA,"1.31",NA,NA,NA,NA,NA,"1",NA,NA,NA,NA,NA,NA,NA,NA,NA,NA,NA,NA,NA,NA,NA,NA,NA,NA,NA,NA,NA,NA,NA,NA,NA,NA,NA,NA,NA,NA,NA,NA,TRUE,TRUE
"Ramsey County Parks and Recreation","alexis.lipstein@co.ramsey.mn.us","62001300","2024-06-26","3","2025-02-11 12:49:50.820335","Unnamed hardworking surveyor(s)","115",NA,"3.94",NA,NA,"1",NA,NA,"1",NA,NA,"1","1",NA,NA,NA,NA,NA,NA,NA,NA,NA,NA,NA,NA,NA,NA,NA,NA,NA,NA,NA,NA,NA,NA,NA,NA,NA,NA,NA,NA,TRUE,TRUE
"Ramsey County Parks and Recreation","alexis.lipstein@co.ramsey.mn.us","62001300","2024-06-26","3","2025-02-11 12:49:50.820335","Unnamed hardworking surveyor(s)","116","2","9.84",NA,NA,NA,NA,NA,NA,NA,NA,NA,NA,NA,NA,NA,NA,NA,NA,NA,NA,NA,NA,NA,NA,NA,NA,NA,NA,NA,NA,NA,NA,NA,NA,NA,NA,NA,NA,NA,NA,TRUE,TRUE
"Ramsey County Parks and Recreation","alexis.lipstein@co.ramsey.mn.us","62001300","2024-06-26","3","2025-02-11 12:49:50.820335","Unnamed hardworking surveyor(s)","117",NA,"2.95",NA,NA,"1",NA,NA,NA,NA,NA,"1","1","1",NA,NA,NA,NA,NA,NA,NA,NA,NA,NA,NA,NA,NA,NA,NA,NA,NA,NA,NA,NA,NA,NA,NA,NA,NA,NA,NA,TRUE,TRUE
"Ramsey County Parks and Recreation","alexis.lipstein@co.ramsey.mn.us","62001300","2024-06-26","3","2025-02-11 12:49:50.820335","Unnamed hardworking surveyor(s)","118","1","2.3",NA,"1",NA,NA,"1","1",NA,NA,NA,NA,NA,NA,NA,"1",NA,NA,NA,NA,NA,NA,NA,NA,NA,"1",NA,NA,NA,NA,NA,NA,NA,NA,NA,NA,NA,NA,NA,NA,TRUE,TRUE
"Ramsey County Parks and Recreation","alexis.lipstein@co.ramsey.mn.us","62001300","2024-06-26","3","2025-02-11 12:49:50.820335","Unnamed hardworking surveyor(s)","119",NA,"3.28",NA,NA,"1",NA,NA,NA,NA,NA,NA,NA,NA,NA,NA,NA,NA,NA,NA,NA,NA,NA,NA,NA,NA,NA,NA,NA,NA,NA,NA,NA,NA,NA,NA,NA,NA,NA,NA,"1",TRUE,TRUE
"Ramsey County Parks and Recreation","alexis.lipstein@co.ramsey.mn.us","62001300","2024-06-26","3","2025-02-11 12:49:50.820335","Unnamed hardworking surveyor(s)","120","2","3.61",NA,NA,NA,NA,NA,NA,NA,NA,"1","1","1",NA,NA,"1",NA,NA,NA,NA,NA,NA,NA,NA,NA,NA,NA,NA,NA,NA,NA,NA,NA,NA,NA,NA,NA,NA,NA,"1",TRUE,TRUE
"Ramsey County Parks and Recreation","alexis.lipstein@co.ramsey.mn.us","62001300","2024-06-26","3","2025-02-11 12:49:50.820335","Unnamed hardworking surveyor(s)","121","1","3.94",NA,NA,NA,NA,NA,NA,NA,NA,NA,"1",NA,NA,NA,"1",NA,NA,NA,NA,NA,NA,NA,NA,NA,NA,NA,NA,NA,NA,NA,NA,NA,NA,NA,NA,NA,NA,NA,"1",TRUE,TRUE
"Ramsey County Parks and Recreation","alexis.lipstein@co.ramsey.mn.us","62001300","2024-06-26","3","2025-02-11 12:49:50.820335","Unnamed hardworking surveyor(s)","122","1","12.14",NA,NA,NA,NA,NA,NA,NA,NA,NA,NA,NA,NA,NA,NA,NA,NA,NA,NA,NA,NA,NA,NA,NA,NA,NA,NA,NA,NA,NA,NA,NA,NA,NA,NA,NA,NA,NA,NA,TRUE,TRUE
"Ramsey County Parks and Recreation","alexis.lipstein@co.ramsey.mn.us","62001300","2024-06-26","3","2025-02-11 12:49:50.820335","Unnamed hardworking surveyor(s)","123",NA,"22.97",NA,NA,NA,NA,NA,NA,NA,NA,NA,NA,NA,NA,NA,NA,NA,NA,NA,NA,NA,NA,NA,NA,NA,NA,NA,NA,NA,NA,NA,NA,NA,NA,NA,NA,NA,NA,NA,NA,TRUE,TRUE
"Ramsey County Parks and Recreation","alexis.lipstein@co.ramsey.mn.us","62001300","2024-06-26","3","2025-02-11 12:49:50.820335","Unnamed hardworking surveyor(s)","124","2","8.2",NA,NA,NA,NA,NA,NA,NA,NA,NA,NA,NA,NA,NA,NA,NA,NA,NA,NA,NA,NA,NA,NA,NA,NA,NA,NA,NA,NA,NA,NA,NA,NA,NA,NA,NA,NA,NA,NA,TRUE,TRUE
"Ramsey County Parks and Recreation","alexis.lipstein@co.ramsey.mn.us","62001300","2024-06-26","3","2025-02-11 12:49:50.820335","Unnamed hardworking surveyor(s)","125","1","11.81",NA,NA,NA,NA,NA,"1",NA,NA,NA,NA,NA,NA,NA,NA,NA,NA,NA,NA,NA,NA,NA,NA,NA,NA,NA,NA,NA,NA,NA,NA,NA,NA,NA,NA,NA,NA,NA,NA,TRUE,TRUE
"Ramsey County Parks and Recreation","alexis.lipstein@co.ramsey.mn.us","62001300","2024-06-26","3","2025-02-11 12:49:50.820335","Unnamed hardworking surveyor(s)","126",NA,"12.47",NA,NA,NA,NA,NA,NA,NA,NA,NA,NA,NA,NA,NA,NA,NA,NA,NA,NA,NA,NA,NA,NA,NA,NA,NA,NA,NA,NA,NA,NA,NA,NA,NA,NA,NA,NA,NA,NA,TRUE,TRUE
"Ramsey County Parks and Recreation","alexis.lipstein@co.ramsey.mn.us","62001300","2024-06-26","3","2025-02-11 12:49:50.820335","Unnamed hardworking surveyor(s)","127",NA,"16.4",NA,NA,NA,NA,NA,NA,NA,NA,NA,NA,NA,NA,NA,NA,NA,NA,NA,NA,NA,NA,NA,NA,NA,NA,NA,NA,NA,NA,NA,NA,NA,NA,NA,NA,NA,NA,NA,NA,TRUE,TRUE
"Ramsey County Parks and Recreation","alexis.lipstein@co.ramsey.mn.us","62001300","2024-06-26","3","2025-02-11 12:49:50.820335","Unnamed hardworking surveyor(s)","129",NA,"18.04",NA,NA,NA,NA,NA,NA,NA,NA,NA,NA,NA,NA,NA,NA,NA,NA,NA,NA,NA,NA,NA,NA,NA,NA,NA,NA,NA,NA,NA,NA,NA,NA,NA,NA,NA,NA,NA,NA,TRUE,TRUE
"Ramsey County Parks and Recreation","alexis.lipstein@co.ramsey.mn.us","62001300","2024-06-26","3","2025-02-11 12:49:50.820335","Unnamed hardworking surveyor(s)","130","1","6.56",NA,NA,NA,NA,NA,NA,NA,NA,"1","1",NA,NA,NA,"1",NA,NA,NA,NA,NA,NA,NA,NA,NA,NA,NA,NA,NA,NA,NA,NA,NA,NA,NA,NA,NA,NA,NA,NA,TRUE,TRUE
"Ramsey County Parks and Recreation","alexis.lipstein@co.ramsey.mn.us","62001300","2024-06-26","3","2025-02-11 12:49:50.820335","Unnamed hardworking surveyor(s)","131","2","11.15",NA,NA,NA,NA,NA,NA,NA,NA,"1",NA,NA,NA,NA,NA,NA,NA,NA,NA,NA,NA,NA,NA,NA,NA,NA,NA,NA,NA,NA,NA,NA,NA,NA,NA,NA,NA,NA,NA,TRUE,TRUE
"Ramsey County Parks and Recreation","alexis.lipstein@co.ramsey.mn.us","62001300","2024-06-26","3","2025-02-11 12:49:50.820335","Unnamed hardworking surveyor(s)","132","1","2.62",NA,NA,NA,NA,NA,NA,NA,NA,NA,NA,NA,NA,NA,NA,NA,NA,NA,NA,NA,NA,"1",NA,NA,NA,NA,NA,NA,NA,NA,NA,NA,NA,NA,NA,NA,NA,NA,"1",TRUE,TRUE
"Ramsey County Parks and Recreation","alexis.lipstein@co.ramsey.mn.us","62001300","2024-06-26","3","2025-02-11 12:49:50.820335","Unnamed hardworking surveyor(s)","133","1","5.25",NA,NA,"1",NA,NA,NA,NA,NA,"1",NA,"1",NA,NA,NA,NA,NA,NA,NA,NA,NA,NA,NA,NA,NA,NA,NA,"1",NA,NA,NA,NA,NA,NA,NA,NA,NA,NA,NA,TRUE,TRUE
"Ramsey County Parks and Recreation","alexis.lipstein@co.ramsey.mn.us","62001300","2024-06-26","3","2025-02-11 12:49:50.820335","Unnamed hardworking surveyor(s)","134","2","4.92",NA,NA,NA,NA,NA,NA,NA,NA,"2",NA,NA,NA,NA,NA,NA,NA,NA,NA,NA,NA,NA,NA,NA,NA,NA,NA,NA,NA,NA,NA,NA,NA,NA,NA,NA,NA,NA,NA,TRUE,TRUE
"Ramsey County Parks and Recreation","alexis.lipstein@co.ramsey.mn.us","62001300","2024-06-26","3","2025-02-11 12:49:50.820335","Unnamed hardworking surveyor(s)","135","1","13.45",NA,NA,NA,NA,NA,NA,NA,NA,NA,NA,NA,NA,NA,NA,NA,NA,NA,NA,NA,NA,NA,NA,NA,NA,NA,NA,NA,NA,NA,NA,NA,NA,NA,NA,NA,NA,NA,NA,TRUE,TRUE
"Ramsey County Parks and Recreation","alexis.lipstein@co.ramsey.mn.us","62001300","2024-06-26","3","2025-02-11 12:49:50.820335","Unnamed hardworking surveyor(s)","136",NA,"4.59",NA,NA,NA,NA,NA,NA,NA,NA,NA,NA,NA,NA,NA,NA,NA,NA,NA,NA,NA,NA,NA,NA,NA,NA,NA,NA,NA,NA,NA,NA,NA,NA,NA,NA,NA,NA,NA,"1",TRUE,TRUE
"Ramsey County Parks and Recreation","alexis.lipstein@co.ramsey.mn.us","62001300","2024-06-26","3","2025-02-11 12:49:50.820335","Unnamed hardworking surveyor(s)","137","1","7.22",NA,NA,"1",NA,NA,"1",NA,NA,NA,NA,NA,NA,NA,NA,NA,NA,NA,NA,NA,NA,NA,"1",NA,NA,NA,NA,NA,NA,NA,NA,NA,NA,NA,NA,NA,NA,NA,NA,TRUE,TRUE
"Ramsey County Parks and Recreation","alexis.lipstein@co.ramsey.mn.us","62001300","2024-06-26","3","2025-02-11 12:49:50.820335","Unnamed hardworking surveyor(s)","138","1","8.86",NA,NA,NA,NA,NA,"1",NA,NA,"1","1","1",NA,NA,"1",NA,NA,NA,NA,NA,NA,NA,NA,NA,NA,"1",NA,"1",NA,"1",NA,NA,NA,NA,NA,NA,NA,NA,NA,TRUE,TRUE
"Ramsey County Parks and Recreation","alexis.lipstein@co.ramsey.mn.us","62001300","2024-06-26","3","2025-02-11 12:49:50.820335","Unnamed hardworking surveyor(s)","139",NA,"11.48",NA,NA,NA,NA,NA,NA,NA,NA,NA,NA,NA,NA,NA,NA,NA,NA,NA,NA,NA,NA,NA,NA,NA,NA,NA,NA,NA,NA,NA,NA,NA,NA,NA,NA,NA,NA,NA,NA,TRUE,TRUE
"Ramsey County Parks and Recreation","alexis.lipstein@co.ramsey.mn.us","62001300","2024-06-26","3","2025-02-11 12:49:50.820335","Unnamed hardworking surveyor(s)","140","1","2.62",NA,"1",NA,NA,NA,NA,NA,NA,"1","1",NA,NA,NA,"1",NA,NA,NA,NA,NA,NA,NA,"1",NA,NA,NA,NA,NA,NA,"1",NA,NA,NA,NA,NA,NA,NA,NA,NA,TRUE,TRUE
"Ramsey County Parks and Recreation","alexis.lipstein@co.ramsey.mn.us","62001300","2024-06-26","3","2025-02-11 12:49:50.820335","Unnamed hardworking surveyor(s)","141","1","13.12",NA,NA,NA,NA,NA,NA,NA,NA,NA,NA,NA,NA,NA,NA,NA,NA,NA,NA,NA,NA,NA,NA,NA,NA,NA,NA,NA,NA,NA,NA,NA,NA,NA,NA,NA,NA,NA,NA,TRUE,TRUE
"Ramsey County Parks and Recreation","alexis.lipstein@co.ramsey.mn.us","62001300","2024-06-26","3","2025-02-11 12:49:50.820335","Unnamed hardworking surveyor(s)","142","1","7.22",NA,NA,NA,NA,NA,"1",NA,NA,"1",NA,NA,NA,NA,NA,NA,NA,NA,NA,NA,NA,NA,NA,NA,NA,NA,NA,NA,NA,NA,NA,NA,NA,NA,NA,NA,NA,NA,NA,TRUE,TRUE
"Ramsey County Parks and Recreation","alexis.lipstein@co.ramsey.mn.us","62001300","2024-06-26","3","2025-02-11 12:49:50.820335","Unnamed hardworking surveyor(s)","143","2","9.84",NA,NA,NA,NA,NA,NA,NA,NA,"1",NA,NA,NA,NA,NA,NA,NA,NA,NA,NA,NA,NA,NA,NA,NA,NA,NA,NA,NA,NA,NA,NA,NA,NA,NA,NA,NA,NA,NA,TRUE,TRUE
"Ramsey County Parks and Recreation","alexis.lipstein@co.ramsey.mn.us","62001300","2024-06-26","3","2025-02-11 12:49:50.820335","Unnamed hardworking surveyor(s)","144","1","8.2",NA,NA,NA,NA,NA,NA,NA,NA,"1",NA,NA,NA,NA,NA,NA,NA,NA,NA,NA,NA,NA,NA,NA,NA,NA,NA,NA,NA,NA,NA,NA,NA,NA,NA,NA,NA,NA,NA,TRUE,TRUE
"Ramsey County Parks and Recreation","alexis.lipstein@co.ramsey.mn.us","62001300","2024-06-26","3","2025-02-11 12:49:50.820335","Unnamed hardworking surveyor(s)","145","1","5.58",NA,NA,"1",NA,NA,NA,NA,NA,"1","1",NA,NA,NA,NA,NA,NA,NA,NA,NA,NA,NA,NA,NA,NA,NA,NA,"1",NA,NA,NA,NA,NA,NA,NA,NA,NA,NA,NA,TRUE,TRUE
"Ramsey County Parks and Recreation","alexis.lipstein@co.ramsey.mn.us","62001300","2024-06-26","3","2025-02-11 12:49:50.820335","Unnamed hardworking surveyor(s)","146","1","4.59",NA,NA,"1",NA,NA,NA,NA,NA,"1",NA,NA,NA,NA,NA,NA,NA,NA,NA,NA,NA,NA,NA,NA,NA,NA,NA,"1",NA,"1",NA,NA,NA,NA,NA,NA,NA,NA,NA,TRUE,TRUE
"Ramsey County Parks and Recreation","alexis.lipstein@co.ramsey.mn.us","62007300","2024-07-26","3","2025-02-11 12:58:07.93175","Unnamed hardworking surveyor(s)","1",NA,"3.94",NA,NA,NA,"1",NA,"1",NA,NA,NA,"1",NA,NA,NA,NA,NA,NA,NA,NA,NA,NA,NA,NA,NA,NA,NA,NA,NA,NA,"1","1",NA,NA,NA,NA,NA,NA,NA,NA,TRUE,TRUE
"Ramsey County Parks and Recreation","alexis.lipstein@co.ramsey.mn.us","62007300","2024-07-26","3","2025-02-11 12:58:07.93175","Unnamed hardworking surveyor(s)","2",NA,"5.25",NA,NA,NA,NA,NA,"1",NA,NA,NA,NA,NA,NA,NA,NA,NA,NA,NA,NA,NA,NA,NA,NA,NA,NA,NA,NA,NA,NA,NA,NA,NA,NA,NA,NA,NA,NA,NA,NA,TRUE,TRUE
"Ramsey County Parks and Recreation","alexis.lipstein@co.ramsey.mn.us","62007300","2024-07-26","3","2025-02-11 12:58:07.93175","Unnamed hardworking surveyor(s)","3","1","3.61",NA,"1",NA,NA,"1","1",NA,NA,"1",NA,"1",NA,NA,NA,NA,NA,NA,"1",NA,NA,"1",NA,NA,NA,NA,NA,"1",NA,NA,NA,NA,NA,NA,NA,NA,NA,NA,NA,TRUE,TRUE
"Ramsey County Parks and Recreation","alexis.lipstein@co.ramsey.mn.us","62007300","2024-07-26","3","2025-02-11 12:58:07.93175","Unnamed hardworking surveyor(s)","4","1","2.95",NA,"1",NA,"1","1","1",NA,NA,NA,NA,NA,NA,NA,NA,NA,NA,NA,"1",NA,NA,NA,"1",NA,NA,NA,NA,NA,NA,"2","1",NA,NA,NA,NA,NA,NA,NA,NA,TRUE,TRUE
"Ramsey County Parks and Recreation","alexis.lipstein@co.ramsey.mn.us","62007300","2024-07-26","3","2025-02-11 12:58:07.93175","Unnamed hardworking surveyor(s)","5","1","4.59",NA,"1",NA,"1","1","1",NA,NA,"1",NA,NA,NA,NA,NA,NA,NA,NA,"1",NA,NA,NA,NA,NA,NA,NA,NA,NA,NA,"1",NA,NA,NA,NA,NA,NA,NA,NA,NA,TRUE,TRUE
"Ramsey County Parks and Recreation","alexis.lipstein@co.ramsey.mn.us","62007300","2024-07-26","3","2025-02-11 12:58:07.93175","Unnamed hardworking surveyor(s)","6","1","2.3",NA,NA,NA,"1",NA,"1",NA,NA,"1",NA,"1",NA,NA,NA,NA,NA,NA,NA,NA,NA,NA,NA,NA,NA,NA,NA,"1",NA,NA,"1",NA,NA,NA,NA,NA,NA,NA,NA,TRUE,TRUE
"Ramsey County Parks and Recreation","alexis.lipstein@co.ramsey.mn.us","62007300","2024-07-26","3","2025-02-11 12:58:07.93175","Unnamed hardworking surveyor(s)","7","1","4.92",NA,NA,NA,NA,NA,"1",NA,NA,NA,NA,NA,NA,NA,NA,NA,NA,NA,NA,NA,NA,NA,NA,NA,NA,NA,NA,"1",NA,NA,NA,NA,NA,NA,NA,NA,NA,NA,NA,TRUE,TRUE
"Ramsey County Parks and Recreation","alexis.lipstein@co.ramsey.mn.us","62007300","2024-07-26","3","2025-02-11 12:58:07.93175","Unnamed hardworking surveyor(s)","8","2","2.62",NA,"1",NA,"1",NA,"1",NA,NA,"1",NA,NA,NA,NA,NA,NA,NA,NA,NA,NA,NA,NA,NA,NA,NA,NA,NA,"1",NA,"1",NA,NA,NA,NA,NA,NA,NA,NA,NA,TRUE,TRUE
"Ramsey County Parks and Recreation","alexis.lipstein@co.ramsey.mn.us","62007300","2024-07-26","3","2025-02-11 12:58:07.93175","Unnamed hardworking surveyor(s)","9","1","1.97",NA,"1",NA,NA,"1","1","1",NA,"1",NA,NA,NA,NA,NA,NA,NA,NA,NA,NA,NA,NA,NA,NA,NA,NA,NA,NA,NA,"1",NA,NA,NA,NA,NA,NA,NA,NA,NA,TRUE,TRUE
"Ramsey County Parks and Recreation","alexis.lipstein@co.ramsey.mn.us","62007300","2024-07-26","3","2025-02-11 12:58:07.93175","Unnamed hardworking surveyor(s)","10","1","2.3",NA,"1",NA,NA,"1","1","1",NA,NA,NA,NA,NA,NA,"1",NA,NA,"1",NA,NA,NA,NA,NA,NA,NA,NA,NA,NA,NA,NA,"1",NA,NA,NA,NA,NA,NA,NA,NA,TRUE,TRUE
"Ramsey County Parks and Recreation","alexis.lipstein@co.ramsey.mn.us","62007300","2024-07-26","3","2025-02-11 12:58:07.93175","Unnamed hardworking surveyor(s)","11","1","2.95",NA,NA,NA,NA,NA,"1",NA,NA,"1",NA,NA,NA,NA,NA,NA,NA,NA,NA,NA,NA,NA,NA,NA,NA,NA,NA,"2",NA,NA,NA,NA,NA,NA,NA,NA,NA,NA,NA,TRUE,TRUE
"Ramsey County Parks and Recreation","alexis.lipstein@co.ramsey.mn.us","62007300","2024-07-26","3","2025-02-11 12:58:07.93175","Unnamed hardworking surveyor(s)","12",NA,"4.27",NA,NA,NA,NA,NA,"1",NA,NA,"1",NA,NA,NA,NA,NA,NA,NA,NA,NA,NA,NA,NA,NA,NA,NA,NA,NA,"1",NA,NA,NA,NA,NA,NA,NA,NA,NA,NA,NA,TRUE,TRUE
"Ramsey County Parks and Recreation","alexis.lipstein@co.ramsey.mn.us","62007300","2024-07-26","3","2025-02-11 12:58:07.93175","Unnamed hardworking surveyor(s)","13",NA,"22.97",NA,NA,NA,NA,NA,NA,NA,NA,NA,NA,NA,NA,NA,NA,NA,NA,NA,NA,NA,NA,NA,NA,NA,NA,NA,NA,NA,NA,NA,NA,NA,NA,NA,NA,NA,NA,NA,NA,TRUE,TRUE
"Ramsey County Parks and Recreation","alexis.lipstein@co.ramsey.mn.us","62007300","2024-07-26","3","2025-02-11 12:58:07.93175","Unnamed hardworking surveyor(s)","14",NA,"15.09",NA,NA,NA,NA,NA,NA,NA,NA,NA,NA,NA,NA,NA,NA,NA,NA,NA,NA,NA,NA,NA,NA,NA,NA,NA,NA,NA,NA,NA,NA,NA,NA,NA,NA,NA,NA,NA,NA,TRUE,TRUE
"Ramsey County Parks and Recreation","alexis.lipstein@co.ramsey.mn.us","62007300","2024-07-26","3","2025-02-11 12:58:07.93175","Unnamed hardworking surveyor(s)","15","1","3.28",NA,NA,NA,NA,NA,"2",NA,NA,"1",NA,NA,NA,NA,NA,NA,NA,NA,NA,NA,NA,NA,NA,NA,NA,NA,NA,NA,NA,"1",NA,NA,NA,NA,NA,NA,NA,NA,NA,TRUE,TRUE
"Ramsey County Parks and Recreation","alexis.lipstein@co.ramsey.mn.us","62007300","2024-07-26","3","2025-02-11 12:58:07.93175","Unnamed hardworking surveyor(s)","16",NA,"6.89",NA,NA,NA,NA,NA,"1","1",NA,"1",NA,NA,NA,NA,NA,NA,NA,NA,NA,NA,NA,NA,NA,NA,NA,NA,NA,"1",NA,NA,"1",NA,NA,NA,NA,NA,NA,NA,NA,TRUE,TRUE
"Ramsey County Parks and Recreation","alexis.lipstein@co.ramsey.mn.us","62007300","2024-07-26","3","2025-02-11 12:58:07.93175","Unnamed hardworking surveyor(s)","17",NA,"13.45",NA,NA,NA,NA,NA,NA,NA,NA,NA,NA,NA,NA,NA,NA,NA,NA,NA,NA,NA,NA,NA,NA,NA,NA,NA,NA,NA,NA,NA,NA,NA,NA,NA,NA,NA,NA,NA,NA,TRUE,TRUE
"Ramsey County Parks and Recreation","alexis.lipstein@co.ramsey.mn.us","62007300","2024-07-26","3","2025-02-11 12:58:07.93175","Unnamed hardworking surveyor(s)","18",NA,"23.29",NA,NA,NA,NA,NA,NA,NA,NA,NA,NA,NA,NA,NA,NA,NA,NA,NA,NA,NA,NA,NA,NA,NA,NA,NA,NA,NA,NA,NA,NA,NA,NA,NA,NA,NA,NA,NA,NA,TRUE,TRUE
"Ramsey County Parks and Recreation","alexis.lipstein@co.ramsey.mn.us","62007300","2024-07-26","3","2025-02-11 12:58:07.93175","Unnamed hardworking surveyor(s)","19","1","15.75",NA,NA,NA,NA,NA,NA,NA,NA,NA,NA,NA,NA,NA,NA,NA,NA,NA,NA,NA,NA,NA,NA,NA,NA,NA,NA,NA,NA,NA,NA,NA,NA,NA,NA,NA,NA,NA,NA,TRUE,TRUE
"Ramsey County Parks and Recreation","alexis.lipstein@co.ramsey.mn.us","62007300","2024-07-26","3","2025-02-11 12:58:07.93175","Unnamed hardworking surveyor(s)","20","1","8.2",NA,NA,NA,NA,NA,"1",NA,NA,"1",NA,"1",NA,NA,NA,NA,NA,NA,NA,NA,NA,NA,NA,NA,NA,NA,NA,"1",NA,NA,NA,NA,NA,NA,NA,NA,NA,NA,NA,TRUE,TRUE
"Ramsey County Parks and Recreation","alexis.lipstein@co.ramsey.mn.us","62007300","2024-07-26","3","2025-02-11 12:58:07.93175","Unnamed hardworking surveyor(s)","21","1","3.28",NA,"1",NA,NA,NA,"1",NA,NA,"1",NA,NA,NA,NA,NA,NA,NA,NA,NA,NA,NA,NA,NA,NA,NA,NA,NA,"1",NA,NA,NA,NA,NA,NA,NA,NA,NA,NA,NA,TRUE,TRUE
"Ramsey County Parks and Recreation","alexis.lipstein@co.ramsey.mn.us","62007300","2024-07-26","3","2025-02-11 12:58:07.93175","Unnamed hardworking surveyor(s)","22","1","3.28",NA,"2",NA,NA,NA,"1",NA,NA,"1",NA,NA,NA,NA,NA,NA,NA,"1",NA,NA,NA,NA,NA,NA,NA,NA,NA,NA,NA,NA,NA,NA,NA,NA,NA,NA,NA,NA,NA,TRUE,TRUE
"Ramsey County Parks and Recreation","alexis.lipstein@co.ramsey.mn.us","62007300","2024-07-26","3","2025-02-11 12:58:07.93175","Unnamed hardworking surveyor(s)","23",NA,"2.95",NA,"1",NA,NA,"2","1",NA,NA,"1",NA,NA,NA,NA,NA,NA,NA,NA,"1",NA,NA,NA,NA,NA,NA,NA,NA,NA,NA,NA,NA,NA,NA,NA,NA,NA,NA,NA,NA,TRUE,TRUE
"Ramsey County Parks and Recreation","alexis.lipstein@co.ramsey.mn.us","62007300","2024-07-26","3","2025-02-11 12:58:07.93175","Unnamed hardworking surveyor(s)","24","1","3.94",NA,NA,NA,NA,NA,"1",NA,NA,NA,"1",NA,NA,NA,NA,NA,NA,NA,NA,NA,NA,NA,NA,NA,NA,NA,NA,NA,NA,NA,"1",NA,NA,NA,NA,NA,NA,NA,NA,TRUE,TRUE
"Ramsey County Parks and Recreation","alexis.lipstein@co.ramsey.mn.us","62007300","2024-07-26","3","2025-02-11 12:58:07.93175","Unnamed hardworking surveyor(s)","25",NA,"23.29",NA,NA,NA,NA,NA,NA,NA,NA,NA,NA,NA,NA,NA,NA,NA,NA,NA,NA,NA,NA,NA,NA,NA,NA,NA,NA,NA,NA,NA,NA,NA,NA,NA,NA,NA,NA,NA,NA,TRUE,TRUE
"Ramsey County Parks and Recreation","alexis.lipstein@co.ramsey.mn.us","62007300","2024-07-26","3","2025-02-11 12:58:07.93175","Unnamed hardworking surveyor(s)","26",NA,"18.04",NA,NA,NA,NA,NA,NA,NA,NA,NA,NA,NA,NA,NA,NA,NA,NA,NA,NA,NA,NA,NA,NA,NA,NA,NA,NA,NA,NA,NA,NA,NA,NA,NA,NA,NA,NA,NA,NA,TRUE,TRUE
"Ramsey County Parks and Recreation","alexis.lipstein@co.ramsey.mn.us","62007300","2024-07-26","3","2025-02-11 12:58:07.93175","Unnamed hardworking surveyor(s)","27",NA,"3.94",NA,NA,NA,NA,NA,"1",NA,NA,"1",NA,NA,NA,NA,NA,NA,NA,NA,NA,NA,NA,NA,NA,NA,NA,NA,NA,"1",NA,NA,NA,NA,NA,NA,NA,NA,NA,NA,NA,TRUE,TRUE
"Ramsey County Parks and Recreation","alexis.lipstein@co.ramsey.mn.us","62007300","2024-07-26","3","2025-02-11 12:58:07.93175","Unnamed hardworking surveyor(s)","28",NA,"3.28",NA,"1",NA,NA,NA,"1",NA,NA,"1",NA,NA,NA,NA,NA,NA,NA,NA,NA,NA,NA,NA,NA,NA,NA,NA,NA,"1",NA,NA,"1",NA,NA,NA,NA,NA,NA,NA,NA,TRUE,TRUE
"Ramsey County Parks and Recreation","alexis.lipstein@co.ramsey.mn.us","62007300","2024-07-26","3","2025-02-11 12:58:07.93175","Unnamed hardworking surveyor(s)","29","1","2.95",NA,NA,NA,NA,NA,"1",NA,NA,"1",NA,NA,NA,NA,NA,NA,NA,NA,NA,NA,NA,NA,NA,NA,NA,NA,NA,"1",NA,NA,NA,NA,NA,NA,NA,NA,NA,NA,NA,TRUE,TRUE
"Ramsey County Parks and Recreation","alexis.lipstein@co.ramsey.mn.us","62007300","2024-07-26","3","2025-02-11 12:58:07.93175","Unnamed hardworking surveyor(s)","30","1","4.59",NA,NA,NA,NA,NA,NA,"1",NA,"1",NA,NA,NA,NA,NA,NA,NA,"1",NA,NA,NA,NA,NA,NA,NA,NA,NA,"1",NA,NA,NA,NA,NA,NA,NA,NA,NA,NA,NA,TRUE,TRUE
"Ramsey County Parks and Recreation","alexis.lipstein@co.ramsey.mn.us","62007300","2024-07-26","3","2025-02-11 12:58:07.93175","Unnamed hardworking surveyor(s)","31",NA,"4.92",NA,NA,NA,NA,NA,NA,NA,NA,"1",NA,NA,NA,NA,NA,NA,NA,"2",NA,NA,NA,NA,NA,NA,NA,NA,NA,NA,NA,NA,NA,NA,NA,NA,NA,NA,NA,NA,NA,TRUE,TRUE
"Ramsey County Parks and Recreation","alexis.lipstein@co.ramsey.mn.us","62007300","2024-07-26","3","2025-02-11 12:58:07.93175","Unnamed hardworking surveyor(s)","32","1","3.94",NA,NA,NA,NA,NA,"1",NA,NA,"1",NA,NA,NA,NA,NA,NA,NA,NA,NA,NA,NA,NA,NA,NA,NA,NA,NA,NA,NA,NA,NA,NA,NA,NA,NA,NA,NA,NA,NA,TRUE,TRUE
"Ramsey County Parks and Recreation","alexis.lipstein@co.ramsey.mn.us","62007300","2024-07-26","3","2025-02-11 12:58:07.93175","Unnamed hardworking surveyor(s)","33",NA,"2.62",NA,NA,NA,NA,NA,"1",NA,NA,"1",NA,NA,NA,NA,NA,NA,NA,NA,NA,NA,NA,NA,NA,NA,NA,NA,NA,"1",NA,NA,NA,NA,NA,NA,NA,NA,NA,NA,NA,TRUE,TRUE
"Ramsey County Parks and Recreation","alexis.lipstein@co.ramsey.mn.us","62007300","2024-07-26","3","2025-02-11 12:58:07.93175","Unnamed hardworking surveyor(s)","34",NA,"20.01",NA,NA,NA,NA,NA,NA,NA,NA,NA,NA,NA,NA,NA,NA,NA,NA,NA,NA,NA,NA,NA,NA,NA,NA,NA,NA,NA,NA,NA,NA,NA,NA,NA,NA,NA,NA,NA,NA,TRUE,TRUE
"Ramsey County Parks and Recreation","alexis.lipstein@co.ramsey.mn.us","62007300","2024-07-26","3","2025-02-11 12:58:07.93175","Unnamed hardworking surveyor(s)","35",NA,"23.29",NA,NA,NA,NA,NA,NA,NA,NA,NA,NA,NA,NA,NA,NA,NA,NA,NA,NA,NA,NA,NA,NA,NA,NA,NA,NA,NA,NA,NA,NA,NA,NA,NA,NA,NA,NA,NA,NA,TRUE,TRUE
"Ramsey County Parks and Recreation","alexis.lipstein@co.ramsey.mn.us","62007300","2024-07-26","3","2025-02-11 12:58:07.93175","Unnamed hardworking surveyor(s)","36","1","4.92",NA,NA,NA,NA,NA,"1",NA,NA,NA,NA,NA,NA,NA,NA,NA,NA,NA,NA,NA,NA,NA,NA,NA,NA,NA,NA,NA,NA,NA,"1",NA,NA,NA,NA,NA,NA,NA,NA,TRUE,TRUE
"Ramsey County Parks and Recreation","alexis.lipstein@co.ramsey.mn.us","62007300","2024-07-26","3","2025-02-11 12:58:07.93175","Unnamed hardworking surveyor(s)","37",NA,"3.94",NA,NA,NA,NA,NA,NA,NA,NA,NA,NA,NA,NA,NA,NA,NA,NA,NA,NA,NA,NA,NA,NA,NA,NA,NA,NA,NA,NA,NA,NA,NA,NA,NA,NA,NA,NA,NA,NA,TRUE,TRUE
"Ramsey County Parks and Recreation","alexis.lipstein@co.ramsey.mn.us","62007300","2024-07-26","3","2025-02-11 12:58:07.93175","Unnamed hardworking surveyor(s)","38",NA,"5.25",NA,NA,NA,NA,NA,NA,NA,NA,NA,NA,NA,NA,NA,NA,NA,NA,NA,NA,NA,NA,NA,NA,NA,NA,NA,NA,NA,NA,NA,NA,NA,NA,NA,NA,NA,NA,NA,NA,TRUE,TRUE
"Ramsey County Parks and Recreation","alexis.lipstein@co.ramsey.mn.us","62007300","2024-07-26","3","2025-02-11 12:58:07.93175","Unnamed hardworking surveyor(s)","39",NA,"4.59",NA,NA,NA,NA,NA,NA,NA,NA,"1",NA,NA,NA,NA,NA,NA,NA,"1",NA,NA,NA,NA,NA,NA,NA,NA,NA,"1",NA,NA,NA,NA,NA,NA,NA,NA,NA,NA,NA,TRUE,TRUE
"Ramsey County Parks and Recreation","alexis.lipstein@co.ramsey.mn.us","62007300","2024-07-26","3","2025-02-11 12:58:07.93175","Unnamed hardworking surveyor(s)","40",NA,"5.91",NA,NA,NA,NA,NA,"1",NA,NA,"1",NA,NA,NA,NA,NA,NA,NA,NA,NA,NA,NA,NA,NA,NA,NA,NA,NA,"1",NA,NA,"1",NA,NA,NA,NA,NA,NA,NA,NA,TRUE,TRUE
"Ramsey County Parks and Recreation","alexis.lipstein@co.ramsey.mn.us","62007300","2024-07-26","3","2025-02-11 12:58:07.93175","Unnamed hardworking surveyor(s)","41",NA,"6.56",NA,NA,NA,NA,NA,"1",NA,NA,NA,NA,"1",NA,NA,NA,NA,NA,NA,NA,NA,NA,NA,NA,NA,NA,NA,NA,"1",NA,NA,"1",NA,NA,NA,NA,NA,NA,NA,NA,TRUE,TRUE
"Ramsey County Parks and Recreation","alexis.lipstein@co.ramsey.mn.us","62007300","2024-07-26","3","2025-02-11 12:58:07.93175","Unnamed hardworking surveyor(s)","42",NA,"16.4",NA,NA,NA,NA,NA,NA,NA,NA,NA,NA,NA,NA,NA,NA,NA,NA,NA,NA,NA,NA,NA,NA,NA,NA,NA,NA,NA,NA,NA,NA,NA,NA,NA,NA,NA,NA,NA,NA,TRUE,TRUE
"Ramsey County Parks and Recreation","alexis.lipstein@co.ramsey.mn.us","62007300","2024-07-26","3","2025-02-11 12:58:07.93175","Unnamed hardworking surveyor(s)","43",NA,"21.98",NA,NA,NA,NA,NA,NA,NA,NA,NA,NA,NA,NA,NA,NA,NA,NA,NA,NA,NA,NA,NA,NA,NA,NA,NA,NA,NA,NA,NA,NA,NA,NA,NA,NA,NA,NA,NA,NA,TRUE,TRUE
"Ramsey County Parks and Recreation","alexis.lipstein@co.ramsey.mn.us","62007300","2024-07-26","3","2025-02-11 12:58:07.93175","Unnamed hardworking surveyor(s)","44",NA,"2.62",NA,NA,NA,NA,NA,"1",NA,NA,"1",NA,NA,NA,NA,NA,NA,NA,NA,NA,NA,NA,NA,NA,NA,NA,NA,NA,NA,NA,NA,"1",NA,NA,NA,NA,NA,NA,NA,NA,TRUE,TRUE
"Ramsey County Parks and Recreation","alexis.lipstein@co.ramsey.mn.us","62007300","2024-07-26","3","2025-02-11 12:58:07.93175","Unnamed hardworking surveyor(s)","45",NA,"3.61",NA,NA,NA,NA,NA,NA,NA,NA,NA,NA,NA,NA,NA,NA,NA,NA,NA,NA,NA,NA,NA,NA,NA,NA,NA,NA,"1",NA,NA,NA,NA,NA,NA,NA,NA,NA,NA,NA,TRUE,TRUE
"Ramsey County Parks and Recreation","alexis.lipstein@co.ramsey.mn.us","62007300","2024-07-26","3","2025-02-11 12:58:07.93175","Unnamed hardworking surveyor(s)","46",NA,"2.95",NA,NA,NA,NA,NA,NA,NA,NA,NA,NA,NA,NA,NA,NA,NA,NA,NA,NA,NA,NA,NA,NA,NA,NA,NA,NA,NA,NA,NA,NA,NA,NA,NA,NA,NA,NA,NA,NA,TRUE,TRUE
"Ramsey County Parks and Recreation","alexis.lipstein@co.ramsey.mn.us","62007300","2024-07-26","3","2025-02-11 12:58:07.93175","Unnamed hardworking surveyor(s)","47",NA,"4.27",NA,"1",NA,NA,NA,"1",NA,NA,"1",NA,NA,NA,NA,NA,NA,NA,NA,NA,NA,NA,NA,NA,NA,NA,NA,NA,"1",NA,NA,"1",NA,NA,NA,NA,NA,NA,NA,NA,TRUE,TRUE
"Ramsey County Parks and Recreation","alexis.lipstein@co.ramsey.mn.us","62007300","2024-07-26","3","2025-02-11 12:58:07.93175","Unnamed hardworking surveyor(s)","48","1","3.61",NA,NA,NA,NA,NA,"1",NA,NA,"1",NA,NA,NA,NA,NA,NA,NA,NA,NA,NA,NA,NA,NA,NA,NA,NA,NA,"1",NA,NA,NA,NA,NA,NA,NA,NA,NA,NA,NA,TRUE,TRUE
"Ramsey County Parks and Recreation","alexis.lipstein@co.ramsey.mn.us","62007300","2024-07-26","3","2025-02-11 12:58:07.93175","Unnamed hardworking surveyor(s)","49","1","7.22",NA,NA,NA,NA,NA,"1",NA,NA,NA,NA,NA,NA,NA,NA,NA,NA,NA,NA,NA,NA,NA,NA,NA,NA,NA,NA,NA,NA,NA,NA,NA,NA,NA,NA,NA,NA,NA,NA,TRUE,TRUE
"Ramsey County Parks and Recreation","alexis.lipstein@co.ramsey.mn.us","62007300","2024-07-26","3","2025-02-11 12:58:07.93175","Unnamed hardworking surveyor(s)","50",NA,"20.34",NA,NA,NA,NA,NA,NA,NA,NA,NA,NA,NA,NA,NA,NA,NA,NA,NA,NA,NA,NA,NA,NA,NA,NA,NA,NA,NA,NA,NA,NA,NA,NA,NA,NA,NA,NA,NA,NA,TRUE,TRUE
"Ramsey County Parks and Recreation","alexis.lipstein@co.ramsey.mn.us","62007300","2024-07-26","3","2025-02-11 12:58:07.93175","Unnamed hardworking surveyor(s)","51",NA,"4.92",NA,NA,NA,NA,NA,NA,NA,NA,NA,NA,NA,NA,NA,NA,NA,NA,NA,NA,NA,NA,NA,NA,NA,NA,NA,NA,"1",NA,NA,NA,NA,NA,NA,NA,NA,NA,NA,NA,TRUE,TRUE
"Ramsey County Parks and Recreation","alexis.lipstein@co.ramsey.mn.us","62007300","2024-07-26","3","2025-02-11 12:58:07.93175","Unnamed hardworking surveyor(s)","52",NA,"3.28",NA,NA,NA,NA,"1",NA,"1",NA,NA,NA,NA,NA,NA,NA,NA,NA,NA,NA,NA,NA,NA,NA,NA,NA,NA,NA,"1",NA,NA,NA,NA,NA,NA,NA,NA,NA,NA,NA,TRUE,TRUE
"Ramsey County Parks and Recreation","alexis.lipstein@co.ramsey.mn.us","62007300","2024-07-26","3","2025-02-11 12:58:07.93175","Unnamed hardworking surveyor(s)","53","1","2.62",NA,NA,NA,NA,NA,"1",NA,NA,"2",NA,NA,NA,NA,NA,NA,NA,NA,NA,NA,NA,NA,NA,NA,NA,NA,NA,"1",NA,NA,"1",NA,NA,NA,NA,NA,NA,NA,NA,TRUE,TRUE
"Ramsey County Parks and Recreation","alexis.lipstein@co.ramsey.mn.us","62007300","2024-07-26","3","2025-02-11 12:58:07.93175","Unnamed hardworking surveyor(s)","54","1","4.59",NA,NA,NA,NA,NA,"1",NA,NA,"1",NA,NA,NA,NA,NA,NA,NA,NA,NA,NA,NA,NA,NA,NA,NA,NA,NA,"1",NA,NA,"1",NA,NA,NA,NA,NA,NA,NA,NA,TRUE,TRUE
"Ramsey County Parks and Recreation","alexis.lipstein@co.ramsey.mn.us","62007300","2024-07-26","3","2025-02-11 12:58:07.93175","Unnamed hardworking surveyor(s)","55",NA,"2.95",NA,NA,NA,NA,NA,"1",NA,NA,"1",NA,NA,NA,NA,NA,NA,NA,NA,NA,NA,NA,NA,NA,NA,NA,NA,NA,"1",NA,NA,NA,NA,NA,NA,NA,NA,NA,NA,NA,TRUE,TRUE
"Ramsey County Parks and Recreation","alexis.lipstein@co.ramsey.mn.us","62007300","2024-07-26","3","2025-02-11 12:58:07.93175","Unnamed hardworking surveyor(s)","56","1","2.62",NA,NA,NA,NA,NA,NA,NA,NA,NA,NA,NA,NA,NA,NA,NA,NA,NA,NA,NA,NA,NA,NA,NA,NA,NA,NA,"1",NA,NA,NA,NA,NA,NA,NA,NA,NA,NA,NA,TRUE,TRUE
"Ramsey County Parks and Recreation","alexis.lipstein@co.ramsey.mn.us","62007300","2024-07-26","3","2025-02-11 12:58:07.93175","Unnamed hardworking surveyor(s)","57",NA,"5.58",NA,NA,NA,NA,NA,NA,NA,NA,NA,"1",NA,NA,NA,NA,NA,NA,NA,NA,NA,NA,NA,NA,NA,NA,NA,NA,NA,NA,NA,NA,NA,NA,NA,NA,NA,NA,NA,NA,TRUE,TRUE
"Ramsey County Parks and Recreation","alexis.lipstein@co.ramsey.mn.us","62007300","2024-07-26","3","2025-02-11 12:58:07.93175","Unnamed hardworking surveyor(s)","58","1","4.59",NA,"1",NA,NA,NA,"1",NA,NA,NA,"1",NA,NA,NA,NA,NA,NA,NA,NA,NA,NA,NA,NA,NA,NA,NA,NA,"1",NA,NA,"2",NA,NA,NA,NA,NA,NA,NA,NA,TRUE,TRUE
"Ramsey County Parks and Recreation","alexis.lipstein@co.ramsey.mn.us","62007300","2024-07-26","3","2025-02-11 12:58:07.93175","Unnamed hardworking surveyor(s)","59",NA,"3.28",NA,NA,NA,NA,NA,"1",NA,NA,"1",NA,NA,NA,NA,NA,NA,NA,NA,NA,NA,NA,NA,NA,NA,NA,NA,NA,"1",NA,NA,"1",NA,NA,NA,NA,NA,NA,NA,NA,TRUE,TRUE
"Ramsey County Parks and Recreation","alexis.lipstein@co.ramsey.mn.us","62007300","2024-07-26","3","2025-02-11 12:58:07.93175","Unnamed hardworking surveyor(s)","60",NA,"3.94",NA,NA,NA,NA,NA,"1","1",NA,"1",NA,NA,NA,NA,NA,NA,NA,NA,NA,NA,NA,NA,NA,NA,NA,NA,NA,"1",NA,NA,"1",NA,NA,NA,NA,NA,NA,NA,NA,TRUE,TRUE
"Ramsey County Parks and Recreation","alexis.lipstein@co.ramsey.mn.us","62007300","2024-07-26","3","2025-02-11 12:58:07.93175","Unnamed hardworking surveyor(s)","61",NA,"4.92",NA,NA,NA,NA,NA,NA,"1",NA,"1",NA,"1",NA,NA,NA,NA,NA,NA,NA,NA,NA,NA,NA,NA,NA,NA,NA,NA,NA,NA,"1",NA,NA,NA,NA,NA,NA,NA,NA,TRUE,TRUE
"Ramsey County Parks and Recreation","alexis.lipstein@co.ramsey.mn.us","62007300","2024-07-26","3","2025-02-11 12:58:07.93175","Unnamed hardworking surveyor(s)","62",NA,"6.89",NA,"1",NA,NA,NA,"1",NA,NA,NA,NA,NA,NA,NA,NA,NA,NA,NA,NA,NA,NA,NA,NA,NA,NA,NA,NA,"1",NA,NA,NA,NA,NA,NA,NA,NA,NA,NA,NA,TRUE,TRUE
"Ramsey County Parks and Recreation","alexis.lipstein@co.ramsey.mn.us","62007300","2024-07-26","3","2025-02-11 12:58:07.93175","Unnamed hardworking surveyor(s)","63",NA,"4.27",NA,NA,NA,NA,NA,NA,"1",NA,"1",NA,NA,NA,NA,NA,NA,NA,NA,NA,NA,NA,NA,NA,NA,NA,NA,NA,NA,NA,NA,NA,NA,NA,NA,NA,NA,NA,NA,NA,TRUE,TRUE
"Ramsey County Parks and Recreation","alexis.lipstein@co.ramsey.mn.us","62007300","2024-07-26","3","2025-02-11 12:58:07.93175","Unnamed hardworking surveyor(s)","64",NA,"4.59",NA,NA,NA,NA,NA,NA,NA,NA,NA,"1",NA,NA,NA,NA,NA,NA,NA,NA,NA,NA,NA,NA,NA,NA,NA,NA,NA,NA,NA,"1",NA,NA,NA,NA,NA,NA,NA,NA,TRUE,TRUE
"Ramsey County Parks and Recreation","alexis.lipstein@co.ramsey.mn.us","62007300","2024-07-26","3","2025-02-11 12:58:07.93175","Unnamed hardworking surveyor(s)","65",NA,"3.61",NA,NA,NA,NA,NA,NA,NA,NA,"1",NA,NA,NA,NA,NA,NA,NA,NA,NA,NA,NA,NA,NA,NA,NA,NA,NA,"1",NA,NA,"1",NA,NA,NA,NA,NA,NA,NA,NA,TRUE,TRUE
"Ramsey County Parks and Recreation","alexis.lipstein@co.ramsey.mn.us","62007300","2024-07-26","3","2025-02-11 12:58:07.93175","Unnamed hardworking surveyor(s)","66",NA,"2.95",NA,NA,NA,NA,NA,"1","1",NA,"1",NA,NA,NA,NA,NA,NA,NA,NA,NA,NA,NA,NA,NA,NA,NA,NA,NA,"1",NA,NA,"1",NA,NA,NA,NA,NA,NA,NA,NA,TRUE,TRUE
"Ramsey County Parks and Recreation","alexis.lipstein@co.ramsey.mn.us","62007300","2024-07-26","3","2025-02-11 12:58:07.93175","Unnamed hardworking surveyor(s)","67","1","4.92",NA,NA,NA,NA,NA,NA,NA,NA,"1",NA,NA,NA,NA,NA,NA,NA,NA,NA,NA,NA,NA,NA,NA,NA,NA,NA,"1",NA,NA,"1",NA,NA,NA,NA,NA,NA,NA,NA,TRUE,TRUE
"Ramsey County Parks and Recreation","alexis.lipstein@co.ramsey.mn.us","62007300","2024-07-26","3","2025-02-11 12:58:07.93175","Unnamed hardworking surveyor(s)","68",NA,"4.27",NA,NA,NA,NA,NA,"1",NA,NA,"1",NA,NA,NA,NA,NA,NA,NA,NA,NA,NA,NA,NA,NA,NA,NA,NA,NA,"1",NA,NA,"1",NA,NA,NA,NA,NA,NA,NA,NA,TRUE,TRUE
"Ramsey County Parks and Recreation","alexis.lipstein@co.ramsey.mn.us","62007300","2024-07-26","3","2025-02-11 12:58:07.93175","Unnamed hardworking surveyor(s)","69",NA,"3.94",NA,NA,NA,NA,NA,"1",NA,NA,"1",NA,NA,NA,NA,NA,NA,NA,NA,NA,NA,NA,NA,NA,NA,NA,NA,NA,NA,NA,NA,"1",NA,NA,NA,NA,NA,NA,NA,NA,TRUE,TRUE
"Ramsey County Parks and Recreation","alexis.lipstein@co.ramsey.mn.us","62007300","2024-07-26","3","2025-02-11 12:58:07.93175","Unnamed hardworking surveyor(s)","70","1","4.59",NA,NA,NA,NA,NA,"1",NA,NA,"1",NA,NA,NA,NA,NA,NA,NA,NA,NA,NA,NA,NA,NA,NA,NA,NA,NA,NA,NA,NA,NA,NA,NA,NA,NA,NA,NA,NA,NA,TRUE,TRUE
"Ramsey County Parks and Recreation","alexis.lipstein@co.ramsey.mn.us","62007300","2024-07-26","3","2025-02-11 12:58:07.93175","Unnamed hardworking surveyor(s)","71",NA,"2.95",NA,NA,NA,NA,NA,NA,"1",NA,NA,NA,NA,NA,NA,NA,NA,NA,NA,NA,NA,NA,NA,NA,NA,NA,NA,NA,"1",NA,NA,"1",NA,NA,NA,NA,NA,NA,NA,NA,TRUE,TRUE
"Ramsey County Parks and Recreation","alexis.lipstein@co.ramsey.mn.us","62007300","2024-07-26","3","2025-02-11 12:58:07.93175","Unnamed hardworking surveyor(s)","72",NA,"4.92",NA,NA,NA,NA,NA,NA,"1",NA,NA,NA,NA,NA,NA,NA,NA,NA,NA,NA,NA,NA,NA,NA,NA,NA,NA,NA,NA,NA,NA,NA,NA,NA,NA,NA,NA,NA,NA,NA,TRUE,TRUE
"Ramsey County Parks and Recreation","alexis.lipstein@co.ramsey.mn.us","62007300","2024-07-26","3","2025-02-11 12:58:07.93175","Unnamed hardworking surveyor(s)","73",NA,"4.92",NA,NA,NA,NA,NA,NA,NA,NA,"1",NA,"1",NA,NA,NA,NA,NA,NA,NA,NA,NA,NA,NA,NA,NA,NA,NA,NA,NA,NA,"1",NA,NA,NA,NA,NA,NA,NA,NA,TRUE,TRUE
"Ramsey County Parks and Recreation","alexis.lipstein@co.ramsey.mn.us","62007300","2024-07-26","3","2025-02-11 12:58:07.93175","Unnamed hardworking surveyor(s)","74",NA,"6.56",NA,NA,NA,NA,NA,"1","1",NA,NA,NA,NA,NA,NA,NA,NA,NA,NA,NA,NA,NA,NA,NA,NA,NA,NA,NA,"1",NA,NA,"1",NA,NA,NA,NA,NA,NA,NA,NA,TRUE,TRUE
"Ramsey County Parks and Recreation","alexis.lipstein@co.ramsey.mn.us","62007300","2024-07-26","3","2025-02-11 12:58:07.93175","Unnamed hardworking surveyor(s)","75",NA,"4.27",NA,NA,NA,NA,NA,"1",NA,NA,NA,NA,NA,NA,NA,NA,NA,NA,NA,NA,NA,NA,NA,NA,NA,NA,NA,NA,NA,NA,NA,"1",NA,NA,NA,NA,NA,NA,NA,NA,TRUE,TRUE
"Ramsey County Parks and Recreation","alexis.lipstein@co.ramsey.mn.us","62007300","2024-07-26","3","2025-02-11 12:58:07.93175","Unnamed hardworking surveyor(s)","76","1","4.59",NA,NA,NA,NA,NA,NA,NA,NA,"1",NA,"1",NA,NA,NA,NA,NA,NA,NA,NA,NA,NA,NA,NA,NA,NA,NA,"1",NA,NA,NA,NA,NA,NA,NA,NA,NA,NA,NA,TRUE,TRUE
"Ramsey County Parks and Recreation","alexis.lipstein@co.ramsey.mn.us","62007300","2024-07-26","3","2025-02-11 12:58:07.93175","Unnamed hardworking surveyor(s)","77",NA,"4.59",NA,NA,NA,NA,NA,"1",NA,NA,NA,NA,NA,NA,NA,NA,NA,NA,NA,NA,NA,NA,NA,NA,NA,NA,NA,NA,"1",NA,NA,"1",NA,NA,NA,NA,NA,NA,NA,NA,TRUE,TRUE
"Ramsey County Parks and Recreation","alexis.lipstein@co.ramsey.mn.us","62007300","2024-07-26","3","2025-02-11 12:58:07.93175","Unnamed hardworking surveyor(s)","78",NA,"3.28",NA,NA,NA,NA,NA,"1","1",NA,NA,NA,NA,NA,NA,"1",NA,NA,NA,NA,NA,NA,NA,NA,NA,NA,NA,NA,NA,NA,NA,"1",NA,NA,NA,NA,NA,NA,NA,NA,TRUE,TRUE
"Ramsey County Parks and Recreation","alexis.lipstein@co.ramsey.mn.us","62007300","2024-07-26","3","2025-02-11 12:58:07.93175","Unnamed hardworking surveyor(s)","79",NA,"4.27",NA,NA,NA,NA,NA,"1",NA,NA,NA,"1",NA,NA,NA,NA,NA,NA,NA,NA,NA,NA,NA,NA,NA,NA,NA,NA,"1",NA,NA,NA,NA,NA,NA,NA,NA,NA,NA,NA,TRUE,TRUE
"Ramsey County Parks and Recreation","alexis.lipstein@co.ramsey.mn.us","62007300","2024-07-26","3","2025-02-11 12:58:07.93175","Unnamed hardworking surveyor(s)","80",NA,"4.59",NA,NA,NA,NA,NA,"1",NA,NA,"1",NA,NA,NA,NA,NA,NA,NA,NA,NA,NA,NA,NA,NA,NA,NA,NA,NA,"1",NA,NA,"1",NA,NA,NA,NA,NA,NA,NA,NA,TRUE,TRUE
"Ramsey County Parks and Recreation","alexis.lipstein@co.ramsey.mn.us","62007300","2024-07-26","3","2025-02-11 12:58:07.93175","Unnamed hardworking surveyor(s)","81",NA,"20.01",NA,NA,NA,NA,NA,NA,NA,NA,NA,NA,NA,NA,NA,NA,NA,NA,NA,NA,NA,NA,NA,NA,NA,NA,NA,NA,NA,NA,NA,NA,NA,NA,NA,NA,NA,NA,NA,NA,TRUE,TRUE
"Ramsey County Parks and Recreation","alexis.lipstein@co.ramsey.mn.us","62007300","2024-07-26","3","2025-02-11 12:58:07.93175","Unnamed hardworking surveyor(s)","82",NA,"21.98",NA,NA,NA,NA,NA,NA,NA,NA,NA,NA,NA,NA,NA,NA,NA,NA,NA,NA,NA,NA,NA,NA,NA,NA,NA,NA,NA,NA,NA,NA,NA,NA,NA,NA,NA,NA,NA,NA,TRUE,TRUE
"Ramsey County Parks and Recreation","alexis.lipstein@co.ramsey.mn.us","62007300","2024-07-26","3","2025-02-11 12:58:07.93175","Unnamed hardworking surveyor(s)","83","1","5.91",NA,NA,NA,NA,NA,"1",NA,NA,"1","1",NA,NA,NA,NA,NA,NA,NA,NA,NA,NA,NA,NA,NA,NA,NA,NA,"1",NA,NA,"1",NA,NA,NA,NA,NA,NA,NA,NA,TRUE,TRUE
"Ramsey County Parks and Recreation","alexis.lipstein@co.ramsey.mn.us","62007300","2024-07-26","3","2025-02-11 12:58:07.93175","Unnamed hardworking surveyor(s)","84",NA,"3.94",NA,NA,NA,NA,NA,NA,NA,NA,NA,"1",NA,NA,NA,NA,NA,NA,NA,NA,NA,NA,NA,NA,NA,NA,NA,NA,NA,NA,NA,"1",NA,NA,NA,NA,NA,NA,NA,NA,TRUE,TRUE
"Ramsey County Parks and Recreation","alexis.lipstein@co.ramsey.mn.us","62007300","2024-07-26","3","2025-02-11 12:58:07.93175","Unnamed hardworking surveyor(s)","85",NA,"20.34",NA,NA,NA,NA,NA,NA,NA,NA,NA,NA,NA,NA,NA,NA,NA,NA,NA,NA,NA,NA,NA,NA,NA,NA,NA,NA,NA,NA,NA,NA,NA,NA,NA,NA,NA,NA,NA,NA,TRUE,TRUE
"Ramsey County Parks and Recreation","alexis.lipstein@co.ramsey.mn.us","62007300","2024-07-26","3","2025-02-11 12:58:07.93175","Unnamed hardworking surveyor(s)","86",NA,"29.2",NA,NA,NA,NA,NA,NA,NA,NA,NA,NA,NA,NA,NA,NA,NA,NA,NA,NA,NA,NA,NA,NA,NA,NA,NA,NA,NA,NA,NA,NA,NA,NA,NA,NA,NA,NA,NA,NA,TRUE,TRUE
"Ramsey County Parks and Recreation","alexis.lipstein@co.ramsey.mn.us","62007300","2024-07-26","3","2025-02-11 12:58:07.93175","Unnamed hardworking surveyor(s)","87",NA,"26.57",NA,NA,NA,NA,NA,NA,NA,NA,NA,NA,NA,NA,NA,NA,NA,NA,NA,NA,NA,NA,NA,NA,NA,NA,NA,NA,NA,NA,NA,NA,NA,NA,NA,NA,NA,NA,NA,NA,TRUE,TRUE
"Ramsey County Parks and Recreation","alexis.lipstein@co.ramsey.mn.us","62007300","2024-07-26","3","2025-02-11 12:58:07.93175","Unnamed hardworking surveyor(s)","88","1","4.92",NA,NA,NA,NA,NA,"1",NA,NA,NA,NA,"1",NA,NA,NA,NA,NA,NA,NA,NA,NA,NA,NA,NA,NA,NA,NA,"1",NA,NA,NA,NA,NA,NA,NA,NA,NA,NA,NA,TRUE,TRUE
"Ramsey County Parks and Recreation","alexis.lipstein@co.ramsey.mn.us","62007300","2024-07-26","3","2025-02-11 12:58:07.93175","Unnamed hardworking surveyor(s)","89",NA,"8.86",NA,NA,NA,NA,NA,NA,NA,NA,NA,NA,NA,NA,NA,NA,NA,NA,NA,NA,NA,NA,NA,NA,NA,NA,NA,NA,NA,NA,NA,NA,NA,NA,NA,NA,NA,NA,NA,NA,TRUE,TRUE
"Ramsey County Parks and Recreation","alexis.lipstein@co.ramsey.mn.us","62007300","2024-07-26","3","2025-02-11 12:58:07.93175","Unnamed hardworking surveyor(s)","90","1","8.86",NA,NA,NA,NA,NA,NA,NA,NA,"1",NA,"1",NA,NA,NA,NA,NA,NA,NA,NA,NA,NA,NA,"2",NA,NA,NA,NA,NA,NA,NA,NA,NA,NA,NA,NA,NA,NA,NA,TRUE,TRUE
"Ramsey County Parks and Recreation","alexis.lipstein@co.ramsey.mn.us","62007300","2024-07-26","3","2025-02-11 12:58:07.93175","Unnamed hardworking surveyor(s)","91",NA,"18.7",NA,NA,NA,NA,NA,NA,NA,NA,NA,NA,NA,NA,NA,NA,NA,NA,NA,NA,NA,NA,NA,NA,NA,NA,NA,NA,NA,NA,NA,NA,NA,NA,NA,NA,NA,NA,NA,NA,TRUE,TRUE
"Ramsey County Parks and Recreation","alexis.lipstein@co.ramsey.mn.us","62007300","2024-07-26","3","2025-02-11 12:58:07.93175","Unnamed hardworking surveyor(s)","92",NA,"15.09",NA,NA,NA,NA,NA,NA,NA,NA,NA,NA,NA,NA,NA,NA,NA,NA,NA,NA,NA,NA,NA,NA,NA,NA,NA,NA,NA,NA,NA,NA,NA,NA,NA,NA,NA,NA,NA,NA,TRUE,TRUE
"Ramsey County Parks and Recreation","alexis.lipstein@co.ramsey.mn.us","62007300","2024-07-26","3","2025-02-11 12:58:07.93175","Unnamed hardworking surveyor(s)","93","1","9.84",NA,NA,NA,NA,NA,"1",NA,NA,NA,NA,NA,NA,NA,NA,NA,NA,NA,NA,NA,NA,NA,NA,NA,NA,NA,NA,NA,NA,NA,NA,NA,NA,NA,NA,NA,NA,NA,NA,TRUE,TRUE
"Ramsey County Parks and Recreation","alexis.lipstein@co.ramsey.mn.us","62007300","2024-07-26","3","2025-02-11 12:58:07.93175","Unnamed hardworking surveyor(s)","94","1","1.64",NA,NA,NA,NA,NA,"1",NA,NA,"1",NA,NA,NA,NA,NA,NA,NA,NA,NA,NA,NA,NA,NA,NA,NA,NA,NA,"1",NA,NA,NA,NA,NA,NA,NA,NA,NA,NA,NA,TRUE,TRUE
"Ramsey County Parks and Recreation","alexis.lipstein@co.ramsey.mn.us","62007300","2024-07-26","3","2025-02-11 12:58:07.93175","Unnamed hardworking surveyor(s)","95",NA,"5.25",NA,NA,NA,NA,NA,NA,NA,NA,NA,NA,NA,NA,NA,NA,NA,NA,NA,NA,NA,NA,NA,NA,NA,NA,NA,NA,"1",NA,NA,NA,NA,NA,NA,NA,NA,NA,NA,NA,TRUE,TRUE
"Ramsey County Parks and Recreation","alexis.lipstein@co.ramsey.mn.us","62007300","2024-07-26","3","2025-02-11 12:58:07.93175","Unnamed hardworking surveyor(s)","96",NA,"3.28","1",NA,NA,"1","1","1",NA,NA,"1",NA,NA,NA,NA,NA,NA,NA,NA,NA,NA,NA,"1",NA,NA,NA,NA,NA,"1",NA,NA,"1",NA,NA,NA,NA,NA,NA,NA,NA,TRUE,TRUE
"Ramsey County Parks and Recreation","alexis.lipstein@co.ramsey.mn.us","62023700","2024-08-27","3","2025-02-11 13:04:06.04183","Unnamed hardworking surveyor(s)","1","1","0.33",NA,NA,NA,NA,NA,NA,NA,NA,NA,NA,NA,NA,NA,NA,NA,NA,NA,NA,NA,NA,NA,"3",NA,NA,NA,NA,NA,NA,"3",NA,44.90818894811,-93.0178725985095,NA,NA,NA,NA,NA,NA,FALSE,FALSE
"Ramsey County Parks and Recreation","alexis.lipstein@co.ramsey.mn.us","62023700","2024-08-27","3","2025-02-11 13:04:06.04183","Unnamed hardworking surveyor(s)","2","1","0.33",NA,NA,NA,NA,NA,NA,NA,NA,NA,NA,NA,NA,NA,NA,NA,NA,NA,NA,NA,NA,NA,"3",NA,NA,NA,NA,NA,NA,"3",NA,44.9081890262837,-93.0173658913303,NA,NA,NA,NA,NA,NA,FALSE,FALSE
"Ramsey County Parks and Recreation","alexis.lipstein@co.ramsey.mn.us","62023700","2024-08-27","3","2025-02-11 13:04:06.04183","Unnamed hardworking surveyor(s)","3","3","0.33",NA,NA,NA,NA,NA,NA,NA,NA,NA,NA,NA,NA,NA,NA,NA,NA,NA,NA,NA,NA,NA,"3",NA,NA,NA,NA,NA,NA,"3",NA,44.9081891022092,-93.0168591841491,NA,NA,NA,NA,NA,NA,FALSE,FALSE
"Ramsey County Parks and Recreation","alexis.lipstein@co.ramsey.mn.us","62023700","2024-08-27","3","2025-02-11 13:04:06.04183","Unnamed hardworking surveyor(s)","4","2","0.33",NA,NA,NA,NA,NA,NA,NA,NA,NA,NA,NA,NA,NA,NA,NA,NA,NA,NA,NA,NA,NA,"3",NA,NA,NA,NA,NA,NA,"3",NA,44.9078287847443,-93.0183791909367,NA,NA,NA,NA,NA,NA,FALSE,FALSE
"Ramsey County Parks and Recreation","alexis.lipstein@co.ramsey.mn.us","62023700","2024-08-27","3","2025-02-11 13:04:06.04183","Unnamed hardworking surveyor(s)","5","2","0.33",NA,NA,NA,NA,NA,NA,NA,NA,NA,NA,NA,NA,NA,NA,NA,NA,NA,NA,NA,NA,NA,"3",NA,NA,NA,NA,NA,NA,"3",NA,44.9078288651651,-93.0178724869231,NA,NA,NA,NA,NA,NA,FALSE,FALSE
"Ramsey County Parks and Recreation","alexis.lipstein@co.ramsey.mn.us","62023700","2024-08-27","3","2025-02-11 13:04:06.04183","Unnamed hardworking surveyor(s)","6","1","0.66",NA,"1",NA,"1",NA,NA,NA,NA,NA,NA,NA,NA,NA,NA,NA,NA,NA,NA,NA,NA,NA,"1",NA,NA,NA,NA,NA,NA,"1",NA,44.9078289433378,-93.0173657829075,NA,NA,NA,NA,NA,NA,FALSE,FALSE
"Ramsey County Parks and Recreation","alexis.lipstein@co.ramsey.mn.us","62023700","2024-08-27","3","2025-02-11 13:04:06.04183","Unnamed hardworking surveyor(s)","7","1","0.66",NA,"1","1","1",NA,NA,NA,NA,NA,NA,NA,NA,NA,NA,NA,NA,NA,"1",NA,NA,NA,"1",NA,NA,NA,NA,NA,NA,"1",NA,44.9078290192624,-93.0168590788898,NA,NA,NA,NA,NA,NA,FALSE,FALSE
"Ramsey County Parks and Recreation","alexis.lipstein@co.ramsey.mn.us","62023700","2024-08-27","3","2025-02-11 13:04:06.04183","Unnamed hardworking surveyor(s)","8","2","0.98",NA,NA,NA,"1",NA,NA,NA,NA,NA,NA,NA,NA,NA,NA,NA,NA,NA,"1",NA,NA,NA,"2",NA,NA,NA,NA,NA,NA,"2",NA,44.9074687017776,-93.0183790761889,NA,NA,NA,NA,NA,NA,FALSE,FALSE
"Ramsey County Parks and Recreation","alexis.lipstein@co.ramsey.mn.us","62023700","2024-08-27","3","2025-02-11 13:04:06.04183","Unnamed hardworking surveyor(s)","9","3","0.33",NA,NA,NA,"1",NA,NA,NA,NA,NA,NA,NA,NA,NA,NA,NA,NA,NA,"1",NA,NA,NA,"3",NA,NA,NA,NA,NA,NA,"3",NA,44.9074687821974,-93.0178723753388,NA,NA,NA,NA,NA,NA,FALSE,FALSE
"Ramsey County Parks and Recreation","alexis.lipstein@co.ramsey.mn.us","62023700","2024-08-27","3","2025-02-11 13:04:06.04183","Unnamed hardworking surveyor(s)","10","1","0.98",NA,NA,NA,NA,NA,NA,NA,NA,NA,NA,NA,NA,NA,"1",NA,NA,NA,NA,NA,NA,NA,"1",NA,NA,NA,NA,NA,NA,NA,NA,44.9074688603691,-93.0173656744867,NA,NA,NA,NA,NA,NA,FALSE,FALSE
"Ramsey County Parks and Recreation","alexis.lipstein@co.ramsey.mn.us","62023700","2024-08-27","3","2025-02-11 13:04:06.04183","Unnamed hardworking surveyor(s)","11","1","0.66",NA,NA,NA,"1",NA,NA,NA,NA,NA,NA,NA,NA,NA,NA,NA,NA,NA,NA,NA,NA,NA,"1",NA,NA,NA,NA,NA,NA,NA,NA,44.9074689362927,-93.0168589736324,NA,NA,NA,NA,NA,NA,FALSE,FALSE
"Ramsey County Parks and Recreation","alexis.lipstein@co.ramsey.mn.us","62023700","2024-08-27","3","2025-02-11 13:04:06.04183","Unnamed hardworking surveyor(s)","12","2","0.33",NA,NA,NA,"1",NA,NA,NA,NA,NA,NA,NA,NA,NA,NA,NA,NA,NA,"1",NA,NA,NA,"2",NA,NA,NA,NA,NA,NA,"1",NA,44.9074690099683,-93.0163522727763,NA,NA,NA,NA,NA,NA,FALSE,FALSE
"Ramsey County Parks and Recreation","alexis.lipstein@co.ramsey.mn.us","62023700","2024-08-27","3","2025-02-11 13:04:06.04183","Unnamed hardworking surveyor(s)","13","1","0.33",NA,NA,NA,"1",NA,NA,NA,NA,NA,NA,NA,NA,NA,NA,NA,NA,NA,"1",NA,NA,NA,"2",NA,NA,NA,NA,NA,NA,"1",NA,44.907108618788,-93.0183789614433,NA,NA,NA,NA,NA,NA,FALSE,FALSE
"Ramsey County Parks and Recreation","alexis.lipstein@co.ramsey.mn.us","62023700","2024-08-27","3","2025-02-11 13:04:06.04183","Unnamed hardworking surveyor(s)","14","1","0.66",NA,NA,NA,"1",NA,NA,NA,NA,NA,NA,NA,NA,NA,"1",NA,NA,NA,"1",NA,NA,NA,"1",NA,NA,NA,NA,NA,NA,"1",NA,44.9071086992068,-93.0178722637566,NA,NA,NA,NA,NA,NA,FALSE,FALSE
"Ramsey County Parks and Recreation","alexis.lipstein@co.ramsey.mn.us","62023700","2024-08-27","3","2025-02-11 13:04:06.04183","Unnamed hardworking surveyor(s)","15","1","0.98",NA,NA,NA,NA,NA,NA,NA,NA,NA,NA,NA,NA,NA,NA,NA,NA,NA,"1",NA,NA,NA,"1",NA,NA,NA,NA,NA,NA,"1",NA,44.9071087773776,-93.0173655660679,NA,NA,NA,NA,NA,NA,FALSE,FALSE
"Ramsey County Parks and Recreation","alexis.lipstein@co.ramsey.mn.us","62023700","2024-08-27","3","2025-02-11 13:04:06.04183","Unnamed hardworking surveyor(s)","16","2","0.98",NA,NA,"1","1",NA,NA,NA,NA,NA,NA,NA,NA,NA,NA,NA,NA,NA,"1",NA,NA,NA,"1",NA,NA,NA,NA,NA,NA,"1",NA,44.9071088533002,-93.0168588683771,NA,NA,NA,NA,NA,NA,FALSE,FALSE
"Ramsey County Parks and Recreation","alexis.lipstein@co.ramsey.mn.us","62023700","2024-08-27","3","2025-02-11 13:04:06.04183","Unnamed hardworking surveyor(s)","17","1","0.33",NA,NA,"1","1",NA,NA,NA,NA,NA,NA,NA,NA,NA,"1",NA,NA,NA,"1",NA,NA,NA,"1",NA,NA,NA,NA,NA,NA,"1",NA,44.9071089269749,-93.0163521706843,NA,NA,NA,NA,NA,NA,FALSE,FALSE
"Ramsey County Parks and Recreation","alexis.lipstein@co.ramsey.mn.us","62023700","2024-08-27","3","2025-02-11 13:04:06.04183","Unnamed hardworking surveyor(s)","18","1","0.33",NA,NA,NA,NA,NA,NA,NA,NA,NA,NA,NA,NA,NA,NA,NA,NA,NA,NA,NA,NA,NA,"2",NA,NA,NA,NA,NA,NA,"1",NA,44.9067484531098,-93.0188855412209,NA,NA,NA,NA,NA,NA,FALSE,FALSE
"Ramsey County Parks and Recreation","alexis.lipstein@co.ramsey.mn.us","62023700","2024-08-27","3","2025-02-11 13:04:06.04183","Unnamed hardworking surveyor(s)","19","1","0.98",NA,NA,"1",NA,NA,NA,NA,NA,NA,NA,NA,NA,NA,NA,NA,NA,NA,NA,NA,NA,NA,NA,NA,NA,NA,NA,NA,NA,NA,NA,44.9067485357757,-93.0183788466998,NA,NA,NA,NA,NA,NA,FALSE,FALSE
"Ramsey County Parks and Recreation","alexis.lipstein@co.ramsey.mn.us","62023700","2024-08-27","3","2025-02-11 13:04:06.04183","Unnamed hardworking surveyor(s)","20","2","1.64",NA,NA,"1","1",NA,NA,NA,NA,NA,NA,NA,NA,NA,NA,NA,NA,NA,NA,NA,NA,NA,"1",NA,NA,NA,NA,NA,NA,"1",NA,44.9067486161935,-93.0178721521765,NA,NA,NA,NA,NA,NA,FALSE,FALSE
"Ramsey County Parks and Recreation","alexis.lipstein@co.ramsey.mn.us","62023700","2024-08-27","3","2025-02-11 13:04:06.04183","Unnamed hardworking surveyor(s)","21","1","0.66",NA,NA,NA,"1",NA,NA,NA,NA,NA,NA,NA,NA,NA,NA,NA,NA,NA,NA,NA,NA,NA,"1",NA,NA,NA,NA,NA,NA,"1",NA,44.9067486943633,-93.0173654576512,NA,NA,NA,NA,NA,NA,FALSE,FALSE
"Ramsey County Parks and Recreation","alexis.lipstein@co.ramsey.mn.us","62023700","2024-08-27","3","2025-02-11 13:04:06.04183","Unnamed hardworking surveyor(s)","22","1","0.33","1",NA,"1",NA,NA,NA,NA,NA,NA,NA,NA,NA,NA,NA,NA,NA,NA,NA,NA,NA,NA,"1",NA,NA,NA,NA,NA,NA,"1",NA,44.906748770285,-93.0168587631238,NA,NA,NA,NA,NA,NA,FALSE,FALSE
"Ramsey County Parks and Recreation","alexis.lipstein@co.ramsey.mn.us","62023700","2024-08-27","3","2025-02-11 13:04:06.04183","Unnamed hardworking surveyor(s)","23","1","0.98",NA,NA,"1",NA,NA,NA,NA,NA,NA,NA,NA,NA,NA,NA,NA,NA,NA,NA,NA,NA,NA,"1",NA,NA,NA,NA,NA,NA,"1",NA,44.9067488439587,-93.0163520685944,NA,NA,NA,NA,NA,NA,FALSE,FALSE
"Ramsey County Parks and Recreation","alexis.lipstein@co.ramsey.mn.us","62023700","2024-08-27","3","2025-02-11 13:04:06.04183","Unnamed hardworking surveyor(s)","24","1","1.31",NA,NA,"1",NA,NA,NA,NA,NA,NA,NA,NA,NA,NA,NA,NA,NA,NA,NA,NA,NA,NA,"1",NA,NA,NA,NA,NA,NA,"1",NA,44.9063883700757,-93.0188854233162,NA,NA,NA,NA,NA,NA,FALSE,FALSE
"Ramsey County Parks and Recreation","alexis.lipstein@co.ramsey.mn.us","62023700","2024-08-27","3","2025-02-11 13:04:06.04183","Unnamed hardworking surveyor(s)","25","1","0.98",NA,NA,NA,NA,NA,NA,NA,NA,NA,NA,NA,NA,NA,NA,NA,NA,NA,NA,NA,NA,NA,"1",NA,NA,NA,NA,NA,NA,"1",NA,44.9063884527405,-93.0183787319584,NA,NA,NA,NA,NA,NA,FALSE,FALSE
"Ramsey County Parks and Recreation","alexis.lipstein@co.ramsey.mn.us","62023700","2024-08-27","3","2025-02-11 13:04:06.04183","Unnamed hardworking surveyor(s)","26","1","0.33",NA,NA,"1",NA,NA,NA,NA,NA,"1",NA,NA,NA,NA,NA,NA,NA,NA,NA,NA,NA,NA,"1",NA,NA,NA,NA,NA,NA,"1",NA,44.9063885331573,-93.0178720405985,NA,NA,NA,NA,NA,NA,FALSE,FALSE
"Ramsey County Parks and Recreation","alexis.lipstein@co.ramsey.mn.us","62023700","2024-08-27","3","2025-02-11 13:04:06.04183","Unnamed hardworking surveyor(s)","27","1","0.33",NA,NA,NA,NA,NA,NA,NA,NA,"1",NA,NA,NA,NA,"1",NA,NA,NA,NA,NA,NA,NA,"1",NA,NA,NA,NA,NA,NA,"1",NA,44.9063886113261,-93.0173653492364,NA,NA,NA,NA,NA,NA,FALSE,FALSE
"Ramsey County Parks and Recreation","alexis.lipstein@co.ramsey.mn.us","62023700","2024-08-27","3","2025-02-11 13:04:06.04183","Unnamed hardworking surveyor(s)","28","1","0.66",NA,NA,NA,NA,NA,NA,NA,NA,NA,NA,NA,NA,NA,NA,NA,NA,NA,NA,NA,NA,NA,"1",NA,NA,NA,NA,NA,NA,"1",NA,44.9063886872469,-93.0168586578724,NA,NA,NA,NA,NA,NA,FALSE,FALSE
"Ramsey County Parks and Recreation","alexis.lipstein@co.ramsey.mn.us","62023700","2024-08-27","3","2025-02-11 13:04:06.04183","Unnamed hardworking surveyor(s)","29",NA,"1.64",NA,NA,NA,"1",NA,NA,NA,NA,NA,NA,NA,NA,NA,NA,NA,NA,NA,NA,NA,NA,NA,"1",NA,NA,NA,NA,NA,NA,"1",NA,44.9063887609197,-93.0163519665063,NA,NA,NA,NA,NA,NA,FALSE,FALSE
"Ramsey County Parks and Recreation","alexis.lipstein@co.ramsey.mn.us","62023700","2024-08-27","3","2025-02-11 13:04:06.04183","Unnamed hardworking surveyor(s)","30","1","1.64",NA,NA,NA,NA,NA,NA,NA,NA,NA,NA,NA,NA,NA,NA,NA,NA,NA,NA,NA,NA,NA,"1",NA,NA,NA,NA,NA,NA,"1",NA,44.9060282870188,-93.0188853054138,NA,NA,NA,NA,NA,NA,FALSE,FALSE
"Ramsey County Parks and Recreation","alexis.lipstein@co.ramsey.mn.us","62023700","2024-08-27","3","2025-02-11 13:04:06.04183","Unnamed hardworking surveyor(s)","31","1","0.33",NA,"1",NA,NA,NA,NA,NA,NA,"1",NA,NA,NA,NA,"1",NA,NA,NA,NA,NA,NA,NA,"1","1",NA,NA,NA,NA,NA,"1",NA,44.9060283696826,-93.0183786172193,NA,NA,NA,NA,NA,NA,FALSE,FALSE
"Ramsey County Parks and Recreation","alexis.lipstein@co.ramsey.mn.us","62023700","2024-08-27","3","2025-02-11 13:04:06.04183","Unnamed hardworking surveyor(s)","32","1","0.33",NA,NA,NA,NA,NA,NA,NA,NA,NA,NA,NA,NA,NA,NA,NA,NA,NA,NA,NA,NA,NA,NA,NA,NA,NA,NA,NA,NA,NA,NA,44.9060284500984,-93.0178719290226,NA,NA,NA,NA,NA,NA,FALSE,FALSE
"Ramsey County Parks and Recreation","alexis.lipstein@co.ramsey.mn.us","62023700","2024-08-27","3","2025-02-11 13:04:06.04183","Unnamed hardworking surveyor(s)","33","1","1.64",NA,NA,NA,NA,NA,NA,NA,NA,NA,NA,NA,NA,NA,NA,NA,NA,NA,NA,NA,NA,NA,"1",NA,NA,NA,NA,NA,NA,"1",NA,44.9060285282662,-93.0173652408238,NA,NA,NA,NA,NA,NA,FALSE,FALSE
"Ramsey County Parks and Recreation","alexis.lipstein@co.ramsey.mn.us","62023700","2024-08-27","3","2025-02-11 13:04:06.04183","Unnamed hardworking surveyor(s)","34",NA,"1.64",NA,NA,NA,NA,NA,NA,NA,NA,NA,NA,NA,NA,NA,NA,NA,NA,NA,NA,NA,NA,NA,"1",NA,NA,NA,NA,NA,NA,"1",NA,44.906028604186,-93.0168585526229,NA,NA,NA,NA,NA,NA,FALSE,FALSE
"Ramsey County Parks and Recreation","alexis.lipstein@co.ramsey.mn.us","62023700","2024-08-27","3","2025-02-11 13:04:06.04183","Unnamed hardworking surveyor(s)","35","1","0.66",NA,"1",NA,"1",NA,NA,NA,NA,"1",NA,NA,NA,NA,NA,NA,NA,NA,NA,NA,NA,NA,"1",NA,NA,NA,NA,NA,NA,"1",NA,44.9060286778579,-93.0163518644201,NA,NA,NA,NA,NA,NA,FALSE,FALSE
"Ramsey County Parks and Recreation","alexis.lipstein@co.ramsey.mn.us","62023700","2024-08-27","3","2025-02-11 13:04:06.04183","Unnamed hardworking surveyor(s)","36","1","0.33",NA,NA,NA,NA,NA,NA,NA,NA,NA,NA,NA,NA,NA,"1",NA,NA,NA,NA,NA,NA,NA,"1",NA,NA,NA,NA,NA,NA,"1",NA,44.9056681190284,-93.0193918725427,NA,NA,NA,NA,NA,NA,FALSE,FALSE
"Ramsey County Parks and Recreation","alexis.lipstein@co.ramsey.mn.us","62023700","2024-08-27","3","2025-02-11 13:04:06.04183","Unnamed hardworking surveyor(s)","37","1","1.31",NA,NA,NA,"1",NA,NA,NA,NA,NA,NA,NA,NA,NA,NA,NA,NA,NA,"1",NA,NA,NA,"3",NA,NA,NA,NA,NA,NA,"3",NA,44.9056682039391,-93.0188851875136,NA,NA,NA,NA,NA,NA,FALSE,FALSE
"Ramsey County Parks and Recreation","alexis.lipstein@co.ramsey.mn.us","62023700","2024-08-27","3","2025-02-11 13:04:06.04183","Unnamed hardworking surveyor(s)","38","1","2.3",NA,NA,NA,NA,NA,NA,NA,NA,NA,NA,NA,NA,NA,NA,NA,NA,NA,NA,NA,NA,NA,"1",NA,NA,NA,NA,NA,NA,"1",NA,44.9056682866019,-93.0183785024823,NA,NA,NA,NA,NA,NA,FALSE,FALSE
"Ramsey County Parks and Recreation","alexis.lipstein@co.ramsey.mn.us","62023700","2024-08-27","3","2025-02-11 13:04:06.04183","Unnamed hardworking surveyor(s)","39","1","2.62",NA,NA,"v",NA,NA,NA,NA,NA,NA,NA,NA,NA,NA,NA,NA,NA,NA,NA,NA,NA,NA,"1",NA,NA,NA,NA,NA,NA,"1",NA,44.9056683670166,-93.0178718174488,NA,NA,NA,NA,NA,NA,FALSE,FALSE
"Ramsey County Parks and Recreation","alexis.lipstein@co.ramsey.mn.us","62023700","2024-08-27","3","2025-02-11 13:04:06.04183","Unnamed hardworking surveyor(s)","40","1","1.64","1",NA,NA,"1",NA,NA,NA,NA,NA,NA,NA,NA,NA,NA,NA,NA,NA,"1",NA,NA,NA,NA,NA,NA,NA,NA,NA,NA,"1",NA,44.9056684451835,-93.0173651324132,NA,NA,NA,NA,NA,NA,FALSE,FALSE
"Ramsey County Parks and Recreation","alexis.lipstein@co.ramsey.mn.us","62023700","2024-08-27","3","2025-02-11 13:04:06.04183","Unnamed hardworking surveyor(s)","41","2","0.33",NA,NA,NA,"2",NA,NA,NA,NA,NA,NA,NA,NA,NA,NA,NA,NA,NA,"1",NA,NA,NA,NA,NA,NA,NA,NA,NA,NA,"2",NA,44.9056685211023,-93.0168584473755,NA,NA,NA,NA,NA,NA,FALSE,FALSE
"Ramsey County Parks and Recreation","alexis.lipstein@co.ramsey.mn.us","62023700","2024-08-27","3","2025-02-11 13:04:06.04183","Unnamed hardworking surveyor(s)","42","1","2.3",NA,NA,NA,NA,NA,NA,NA,NA,NA,NA,NA,NA,NA,NA,NA,NA,NA,NA,NA,NA,NA,"1",NA,NA,NA,NA,NA,NA,"1",NA,44.9056685947733,-93.0163517623359,NA,NA,NA,NA,NA,NA,FALSE,FALSE
"Ramsey County Parks and Recreation","alexis.lipstein@co.ramsey.mn.us","62023700","2024-08-27","3","2025-02-11 13:04:06.04183","Unnamed hardworking surveyor(s)","43","1","2.62",NA,NA,NA,"1",NA,NA,NA,NA,NA,NA,NA,NA,NA,NA,NA,NA,NA,NA,NA,NA,NA,"1",NA,NA,NA,NA,NA,NA,"1",NA,44.9053081208366,-93.0188850696156,NA,NA,NA,NA,NA,NA,FALSE,FALSE
"Ramsey County Parks and Recreation","alexis.lipstein@co.ramsey.mn.us","62023700","2024-08-27","3","2025-02-11 13:04:06.04183","Unnamed hardworking surveyor(s)","44","1","2.62",NA,NA,NA,"1",NA,NA,NA,NA,NA,NA,NA,NA,NA,NA,NA,NA,NA,"1",NA,NA,NA,"1",NA,NA,NA,NA,NA,NA,"1",NA,44.9053082034983,-93.0183783877474,NA,NA,NA,NA,NA,NA,FALSE,FALSE
"Ramsey County Parks and Recreation","alexis.lipstein@co.ramsey.mn.us","62023700","2024-08-27","3","2025-02-11 13:04:06.04183","Unnamed hardworking surveyor(s)","45","2","1.97",NA,"v",NA,"1",NA,NA,NA,NA,NA,NA,NA,NA,NA,NA,NA,NA,NA,NA,NA,NA,NA,"2",NA,NA,NA,NA,NA,NA,"1",NA,44.9053082839121,-93.017871705877,NA,NA,NA,NA,NA,NA,FALSE,FALSE
"Ramsey County Parks and Recreation","alexis.lipstein@co.ramsey.mn.us","62023700","2024-08-27","3","2025-02-11 13:04:06.04183","Unnamed hardworking surveyor(s)","46","2","0.98",NA,NA,NA,"1",NA,NA,NA,NA,NA,NA,NA,NA,NA,NA,NA,NA,NA,"1",NA,NA,NA,"2",NA,NA,NA,NA,NA,NA,"1",NA,44.9053083620779,-93.0173650240046,NA,NA,NA,NA,NA,NA,FALSE,FALSE
"Ramsey County Parks and Recreation","alexis.lipstein@co.ramsey.mn.us","62023700","2024-08-27","3","2025-02-11 13:04:06.04183","Unnamed hardworking surveyor(s)","47","1","1.64",NA,NA,"v",NA,NA,NA,NA,NA,NA,NA,NA,NA,NA,NA,NA,NA,NA,NA,NA,NA,NA,"1",NA,NA,NA,NA,NA,NA,"1",NA,44.9053084379959,-93.0168583421301,NA,NA,NA,NA,NA,NA,FALSE,FALSE
"Ramsey County Parks and Recreation","alexis.lipstein@co.ramsey.mn.us","62023700","2024-08-27","3","2025-02-11 13:04:06.04183","Unnamed hardworking surveyor(s)","48","1","3.28",NA,NA,NA,NA,NA,NA,NA,NA,NA,NA,NA,NA,NA,NA,NA,NA,NA,NA,NA,NA,NA,"1",NA,NA,NA,NA,NA,NA,"1",NA,44.9053085116659,-93.0163516602536,NA,NA,NA,NA,NA,NA,FALSE,FALSE
"Ramsey County Parks and Recreation","alexis.lipstein@co.ramsey.mn.us","62023700","2024-08-27","3","2025-02-11 13:04:06.04183","Unnamed hardworking surveyor(s)","49","3","2.95",NA,NA,"2",NA,NA,NA,NA,NA,NA,NA,NA,NA,NA,NA,NA,NA,NA,"1",NA,NA,NA,"1",NA,NA,NA,NA,NA,NA,"1",NA,44.9049480377113,-93.0188849517198,NA,NA,NA,NA,NA,NA,FALSE,FALSE
"Ramsey County Parks and Recreation","alexis.lipstein@co.ramsey.mn.us","62023700","2024-08-27","3","2025-02-11 13:04:06.04183","Unnamed hardworking surveyor(s)","50","2","2.62",NA,NA,NA,"1",NA,NA,NA,NA,NA,NA,NA,NA,NA,NA,NA,NA,NA,"1",NA,NA,NA,"1",NA,NA,NA,NA,NA,NA,"1",NA,44.904948120372,-93.0183782730147,NA,NA,NA,NA,NA,NA,FALSE,FALSE
"Ramsey County Parks and Recreation","alexis.lipstein@co.ramsey.mn.us","62023700","2024-08-27","3","2025-02-11 13:04:06.04183","Unnamed hardworking surveyor(s)","51","1","1.97",NA,NA,"v",NA,NA,NA,NA,NA,NA,NA,NA,NA,NA,NA,NA,NA,NA,"1",NA,NA,NA,"2",NA,NA,NA,NA,NA,NA,"1",NA,44.9049482007848,-93.0178715943074,NA,NA,NA,NA,NA,NA,FALSE,FALSE
"Ramsey County Parks and Recreation","alexis.lipstein@co.ramsey.mn.us","62023700","2024-08-27","3","2025-02-11 13:04:06.04183","Unnamed hardworking surveyor(s)","52","1","0.98",NA,NA,NA,"1",NA,NA,NA,NA,NA,NA,NA,NA,NA,NA,NA,NA,NA,"1",NA,NA,NA,"2",NA,NA,NA,NA,NA,NA,"1",NA,44.9049482789496,-93.017364915598,NA,NA,NA,NA,NA,NA,FALSE,FALSE
"Ramsey County Parks and Recreation","alexis.lipstein@co.ramsey.mn.us","62023700","2024-08-27","3","2025-02-11 13:04:06.04183","Unnamed hardworking surveyor(s)","53","1","1.64",NA,NA,NA,"1",NA,NA,NA,NA,NA,NA,NA,NA,NA,NA,NA,NA,NA,"1",NA,NA,NA,"1",NA,NA,NA,NA,NA,NA,"1",NA,44.9049483548666,-93.0168582368866,NA,NA,NA,NA,NA,NA,FALSE,FALSE
"Ramsey County Parks and Recreation","alexis.lipstein@co.ramsey.mn.us","62023700","2024-08-27","3","2025-02-11 13:04:06.04183","Unnamed hardworking surveyor(s)","54","2","2.95",NA,NA,NA,"1",NA,NA,NA,NA,NA,NA,NA,NA,NA,NA,NA,NA,NA,NA,NA,NA,NA,"1",NA,NA,NA,NA,NA,NA,"1",NA,44.9045879545632,-93.0188848338262,NA,NA,NA,NA,NA,NA,FALSE,FALSE
"Ramsey County Parks and Recreation","alexis.lipstein@co.ramsey.mn.us","62023700","2024-08-27","3","2025-02-11 13:04:06.04183","Unnamed hardworking surveyor(s)","55","3","3.28",NA,NA,NA,"1",NA,NA,NA,NA,NA,NA,NA,NA,NA,NA,NA,NA,NA,NA,NA,NA,NA,"1",NA,NA,NA,NA,NA,NA,"1",NA,44.9045880372228,-93.0183781582841,NA,NA,NA,NA,NA,NA,FALSE,FALSE
"Ramsey County Parks and Recreation","alexis.lipstein@co.ramsey.mn.us","62023700","2024-08-27","3","2025-02-11 13:04:06.04183","Unnamed hardworking surveyor(s)","56","1","2.62",NA,NA,NA,"1",NA,NA,NA,NA,NA,NA,NA,NA,NA,NA,NA,NA,NA,"1",NA,NA,NA,"1",NA,NA,NA,NA,NA,NA,"1",NA,44.9045881176346,-93.0178714827399,NA,NA,NA,NA,NA,NA,FALSE,FALSE
"Ramsey County Parks and Recreation","alexis.lipstein@co.ramsey.mn.us","62023700","2024-08-27","3","2025-02-11 13:04:06.04183","Unnamed hardworking surveyor(s)","57","1","1.97",NA,NA,NA,NA,NA,NA,NA,NA,NA,NA,NA,NA,NA,NA,NA,NA,NA,NA,NA,NA,NA,"1",NA,NA,NA,NA,NA,NA,"1",NA,44.9045881957985,-93.0173648071935,NA,NA,NA,NA,NA,NA,FALSE,FALSE
"Ramsey County Parks and Recreation","alexis.lipstein@co.ramsey.mn.us","62023700","2024-08-27","3","2025-02-11 13:04:06.04183","Unnamed hardworking surveyor(s)","58","2","1.64",NA,NA,"v","1",NA,NA,NA,NA,NA,NA,NA,NA,NA,NA,NA,NA,NA,"1",NA,NA,NA,"1",NA,NA,NA,NA,NA,NA,"1",NA,44.9045882717145,-93.0168581316451,NA,NA,NA,NA,NA,NA,FALSE,FALSE
"Ramsey County Parks and Recreation","alexis.lipstein@co.ramsey.mn.us","62023700","2024-08-27","3","2025-02-11 13:04:06.04183","Unnamed hardworking surveyor(s)","59","3","1.31",NA,NA,NA,"1",NA,NA,NA,NA,NA,NA,NA,NA,NA,NA,NA,NA,NA,"2",NA,NA,NA,"1",NA,NA,NA,NA,NA,NA,"1",NA,44.9042278713923,-93.0188847159349,NA,NA,NA,NA,NA,NA,FALSE,FALSE
"Ramsey County Parks and Recreation","alexis.lipstein@co.ramsey.mn.us","62023700","2024-08-27","3","2025-02-11 13:04:06.04183","Unnamed hardworking surveyor(s)","60","1","0.33",NA,NA,NA,"1",NA,NA,NA,NA,NA,NA,NA,NA,NA,NA,NA,NA,NA,"1",NA,NA,NA,"1",NA,NA,NA,NA,NA,NA,"2",NA,44.9042279540509,-93.0183780435557,NA,NA,NA,NA,NA,NA,FALSE,FALSE
"Ramsey County Parks and Recreation","alexis.lipstein@co.ramsey.mn.us","62023700","2024-08-27","3","2025-02-11 13:04:06.04183","Unnamed hardworking surveyor(s)","61","1","1.64",NA,NA,NA,"1",NA,NA,NA,NA,NA,NA,NA,NA,NA,NA,NA,NA,NA,"1",NA,NA,NA,"1",NA,NA,NA,NA,NA,NA,"1",NA,44.9042280344616,-93.0178713711744,NA,NA,NA,NA,NA,NA,FALSE,FALSE
"Ramsey County Parks and Recreation","alexis.lipstein@co.ramsey.mn.us","62023700","2024-08-27","3","2025-02-11 13:04:06.04183","Unnamed hardworking surveyor(s)","62","1","2.95",NA,NA,NA,"1",NA,NA,NA,NA,NA,NA,NA,NA,NA,NA,NA,NA,NA,"1",NA,NA,NA,"1",NA,NA,NA,NA,NA,NA,"1",NA,44.9042281126246,-93.017364698791,NA,NA,NA,NA,NA,NA,FALSE,FALSE
"Ramsey County Parks and Recreation","alexis.lipstein@co.ramsey.mn.us","62023700","2024-08-27","3","2025-02-11 13:04:06.04183","Unnamed hardworking surveyor(s)","63","1","2.62",NA,NA,NA,"1",NA,NA,NA,NA,NA,NA,NA,NA,NA,NA,NA,NA,NA,NA,NA,NA,NA,"1",NA,NA,NA,NA,NA,NA,"1",NA,44.9042281885397,-93.0168580264056,NA,NA,NA,NA,NA,NA,FALSE,FALSE
"Ramsey County Parks and Recreation","alexis.lipstein@co.ramsey.mn.us","62023700","2024-08-27","3","2025-02-11 13:04:06.04183","Unnamed hardworking surveyor(s)","64","2","2.3",NA,NA,NA,"1",NA,NA,NA,NA,NA,NA,NA,NA,NA,NA,NA,NA,NA,"1",NA,NA,NA,"1",NA,NA,NA,NA,NA,NA,"1",NA,44.9038678708561,-93.0183779288295,NA,NA,NA,NA,NA,NA,FALSE,FALSE
"Ramsey County Parks and Recreation","alexis.lipstein@co.ramsey.mn.us","62023700","2024-08-27","3","2025-02-11 13:04:06.04183","Unnamed hardworking surveyor(s)","65","1","1.64",NA,NA,NA,NA,NA,NA,NA,NA,NA,NA,NA,NA,NA,NA,NA,NA,NA,NA,NA,NA,NA,"1",NA,NA,NA,NA,NA,NA,"1",NA,44.9038679512659,-93.0178712596111,NA,NA,NA,NA,NA,NA,FALSE,FALSE
"Ramsey County Parks and Recreation","alexis.lipstein@co.ramsey.mn.us","62023700","2024-08-27","3","2025-02-11 13:04:06.04183","Unnamed hardworking surveyor(s)","66","1","1.31",NA,NA,NA,NA,NA,NA,NA,NA,NA,NA,NA,NA,NA,NA,NA,NA,NA,"1",NA,NA,NA,"1",NA,NA,NA,NA,NA,NA,"1",NA,44.9038680294279,-93.0173645903906,NA,NA,NA,NA,NA,NA,FALSE,FALSE
"Ramsey County Parks and Recreation","alexis.lipstein@co.ramsey.mn.us","62023700","2024-08-27","3","2025-02-11 13:04:06.04183","Unnamed hardworking surveyor(s)","67","3","0.98",NA,NA,NA,NA,NA,NA,NA,NA,NA,NA,NA,NA,NA,NA,NA,NA,NA,"2",NA,NA,NA,"1",NA,NA,NA,NA,NA,NA,"1",NA,44.903868105342,-93.0168579211681,NA,NA,NA,NA,NA,NA,FALSE,FALSE
"Ramsey County Parks and Recreation","alexis.lipstein@co.ramsey.mn.us","62023700","2024-08-27","3","2025-02-11 13:04:06.04183","Unnamed hardworking surveyor(s)","68",NA,"1.97",NA,NA,NA,NA,NA,NA,NA,NA,NA,NA,NA,NA,NA,NA,NA,NA,NA,NA,NA,NA,NA,"1",NA,NA,NA,NA,NA,NA,"1",NA,44.9038681790083,-93.0163512519435,NA,NA,NA,NA,NA,NA,FALSE,FALSE
"Ramsey County Parks and Recreation","alexis.lipstein@co.ramsey.mn.us","62023700","2024-08-27","3","2025-02-11 13:04:06.04183","Unnamed hardworking surveyor(s)","69","1","2.62",NA,NA,NA,NA,NA,NA,NA,NA,NA,NA,NA,NA,NA,NA,NA,NA,NA,NA,NA,NA,NA,"1",NA,NA,NA,NA,NA,NA,"1",NA,44.9038682504268,-93.0158445827171,NA,NA,NA,NA,NA,NA,FALSE,FALSE
"Ramsey County Parks and Recreation","alexis.lipstein@co.ramsey.mn.us","62023700","2024-08-27","3","2025-02-11 13:04:06.04183","Unnamed hardworking surveyor(s)","70","1","2.62",NA,NA,NA,NA,NA,NA,NA,NA,NA,NA,NA,NA,NA,NA,NA,NA,NA,NA,NA,NA,NA,"1",NA,NA,NA,NA,NA,NA,"1",NA,44.9035077876386,-93.0183778141054,NA,NA,NA,NA,NA,NA,FALSE,FALSE
"Ramsey County Parks and Recreation","alexis.lipstein@co.ramsey.mn.us","62023700","2024-08-27","3","2025-02-11 13:04:06.04183","Unnamed hardworking surveyor(s)","71","2","2.95",NA,NA,NA,"1",NA,NA,NA,NA,NA,NA,NA,NA,NA,NA,NA,NA,NA,"1",NA,NA,NA,"1",NA,NA,NA,NA,NA,NA,"1",NA,44.9035078680473,-93.0178711480498,NA,NA,NA,NA,NA,NA,FALSE,FALSE
"Ramsey County Parks and Recreation","alexis.lipstein@co.ramsey.mn.us","62023700","2024-08-27","3","2025-02-11 13:04:06.04183","Unnamed hardworking surveyor(s)","72","1","2.62",NA,NA,NA,"1",NA,NA,NA,NA,NA,NA,NA,NA,NA,NA,NA,NA,NA,"1",NA,NA,NA,"1",NA,NA,NA,NA,NA,NA,"1",NA,44.9035079462083,-93.0173644819922,NA,NA,NA,NA,NA,NA,FALSE,FALSE
"Ramsey County Parks and Recreation","alexis.lipstein@co.ramsey.mn.us","62023700","2024-08-27","3","2025-02-11 13:04:06.04183","Unnamed hardworking surveyor(s)","73","2","1.97",NA,"1",NA,NA,NA,NA,NA,NA,NA,NA,NA,NA,NA,NA,NA,NA,NA,"1",NA,NA,NA,"3",NA,NA,NA,NA,NA,NA,"1",NA,44.9035080221215,-93.0168578159325,NA,NA,NA,NA,NA,NA,FALSE,FALSE
"Ramsey County Parks and Recreation","alexis.lipstein@co.ramsey.mn.us","62023700","2024-08-27","3","2025-02-11 13:04:06.04183","Unnamed hardworking surveyor(s)","74","1","1.31",NA,NA,NA,NA,NA,NA,NA,NA,NA,NA,NA,NA,NA,NA,NA,NA,NA,"1",NA,NA,NA,"2",NA,NA,NA,NA,NA,NA,"1",NA,44.9035080957869,-93.0163511498708,NA,NA,NA,NA,NA,NA,FALSE,FALSE
"Ramsey County Parks and Recreation","alexis.lipstein@co.ramsey.mn.us","62023700","2024-08-27","3","2025-02-11 13:04:06.04183","Unnamed hardworking surveyor(s)","75","3","1.64",NA,NA,NA,NA,NA,NA,NA,NA,NA,NA,NA,NA,NA,NA,NA,NA,NA,"1",NA,NA,NA,"1",NA,NA,NA,NA,NA,NA,"1",NA,44.9035081672046,-93.0158444838072,NA,NA,NA,NA,NA,NA,FALSE,FALSE
"Ramsey County Parks and Recreation","alexis.lipstein@co.ramsey.mn.us","62023700","2024-08-27","3","2025-02-11 13:04:06.04183","Unnamed hardworking surveyor(s)","76","2","3.28",NA,"1",NA,NA,NA,NA,NA,NA,NA,NA,NA,NA,NA,NA,NA,NA,NA,"1",NA,NA,NA,"1",NA,NA,NA,NA,NA,NA,"1",NA,44.9031477043982,-93.0183776993835,NA,NA,NA,NA,NA,NA,FALSE,FALSE
"Ramsey County Parks and Recreation","alexis.lipstein@co.ramsey.mn.us","62023700","2024-08-27","3","2025-02-11 13:04:06.04183","Unnamed hardworking surveyor(s)","77","3","1.64",NA,"1",NA,NA,NA,NA,NA,NA,NA,NA,NA,NA,NA,NA,NA,NA,NA,NA,NA,NA,NA,"1",NA,NA,NA,NA,NA,NA,"1",NA,44.903147784806,-93.0178710364907,NA,NA,NA,NA,NA,NA,FALSE,FALSE
"Ramsey County Parks and Recreation","alexis.lipstein@co.ramsey.mn.us","62023700","2024-08-27","3","2025-02-11 13:04:06.04183","Unnamed hardworking surveyor(s)","78","2","2.3",NA,NA,NA,NA,NA,NA,NA,NA,NA,NA,NA,NA,NA,NA,NA,NA,NA,NA,NA,NA,NA,"1",NA,NA,NA,NA,NA,NA,"1",NA,44.903147862966,-93.0173643735958,NA,NA,NA,NA,NA,NA,FALSE,FALSE
"Ramsey County Parks and Recreation","alexis.lipstein@co.ramsey.mn.us","62023700","2024-08-27","3","2025-02-11 13:04:06.04183","Unnamed hardworking surveyor(s)","79","3","1.64",NA,NA,NA,"1",NA,NA,NA,NA,NA,NA,NA,NA,NA,NA,NA,NA,NA,"1",NA,NA,NA,"1",NA,NA,NA,NA,NA,NA,"1",NA,44.9031479388782,-93.0168577106989,NA,NA,NA,NA,NA,NA,FALSE,FALSE
"Ramsey County Parks and Recreation","alexis.lipstein@co.ramsey.mn.us","62023700","2024-08-27","3","2025-02-11 13:04:06.04183","Unnamed hardworking surveyor(s)","80","1","1.31",NA,NA,NA,NA,NA,NA,NA,NA,NA,NA,NA,NA,NA,NA,NA,NA,NA,"1",NA,NA,NA,"2",NA,NA,NA,NA,NA,NA,"1",NA,44.9031480125427,-93.0163510478,NA,NA,NA,NA,NA,NA,FALSE,FALSE
"Ramsey County Parks and Recreation","alexis.lipstein@co.ramsey.mn.us","62023700","2024-08-27","3","2025-02-11 13:04:06.04183","Unnamed hardworking surveyor(s)","81","1","0.66",NA,"1",NA,NA,NA,NA,NA,NA,NA,NA,NA,NA,NA,NA,NA,NA,NA,"2",NA,NA,NA,"2",NA,NA,NA,NA,NA,NA,"1",NA,44.9031480839595,-93.0158443848992,NA,NA,NA,NA,NA,NA,FALSE,FALSE
"Ramsey County Parks and Recreation","alexis.lipstein@co.ramsey.mn.us","62023700","2024-08-27","3","2025-02-11 13:04:06.04183","Unnamed hardworking surveyor(s)","82","3","1.64",NA,NA,NA,NA,NA,NA,NA,NA,NA,NA,NA,NA,NA,NA,NA,NA,NA,"1",NA,NA,NA,"1",NA,NA,NA,NA,NA,NA,"1",NA,44.9031481531285,-93.0153377219965,NA,NA,NA,NA,NA,NA,FALSE,FALSE
"Ramsey County Parks and Recreation","alexis.lipstein@co.ramsey.mn.us","62023700","2024-08-27","3","2025-02-11 13:04:06.04183","Unnamed hardworking surveyor(s)","83","3","1.64",NA,NA,NA,NA,NA,NA,NA,NA,NA,NA,NA,NA,NA,NA,NA,NA,NA,NA,NA,NA,NA,"1",NA,NA,NA,NA,NA,NA,"1",NA,44.9027876211351,-93.0183775846637,NA,NA,NA,NA,NA,NA,FALSE,FALSE
"Ramsey County Parks and Recreation","alexis.lipstein@co.ramsey.mn.us","62023700","2024-08-27","3","2025-02-11 13:04:06.04183","Unnamed hardworking surveyor(s)","84","3","1.64",NA,NA,NA,NA,NA,NA,NA,NA,NA,NA,NA,NA,NA,NA,NA,NA,NA,NA,NA,NA,NA,"1",NA,NA,NA,NA,NA,NA,"1",NA,44.9027877015418,-93.0178709249337,NA,NA,NA,NA,NA,NA,FALSE,FALSE
"Ramsey County Parks and Recreation","alexis.lipstein@co.ramsey.mn.us","62023700","2024-08-27","3","2025-02-11 13:04:06.04183","Unnamed hardworking surveyor(s)","85","3","1.64",NA,NA,NA,NA,NA,NA,NA,NA,NA,NA,NA,NA,NA,NA,NA,NA,NA,NA,NA,NA,NA,"1",NA,NA,NA,NA,NA,NA,"1",NA,44.9027877797009,-93.0173642652015,NA,NA,NA,NA,NA,NA,FALSE,FALSE
"Ramsey County Parks and Recreation","alexis.lipstein@co.ramsey.mn.us","62023700","2024-08-27","3","2025-02-11 13:04:06.04183","Unnamed hardworking surveyor(s)","86","2","1.64",NA,"1",NA,NA,NA,NA,NA,NA,NA,NA,NA,NA,NA,NA,NA,NA,NA,NA,NA,NA,NA,"1",NA,NA,NA,NA,NA,NA,"1",NA,44.9027878556122,-93.0168576054673,NA,NA,NA,NA,NA,NA,FALSE,FALSE
"Ramsey County Parks and Recreation","alexis.lipstein@co.ramsey.mn.us","62023700","2024-08-27","3","2025-02-11 13:04:06.04183","Unnamed hardworking surveyor(s)","87","1","1.31",NA,NA,NA,NA,NA,NA,NA,NA,NA,NA,NA,NA,NA,NA,NA,NA,NA,"1",NA,NA,NA,"1",NA,NA,NA,NA,NA,NA,"1",NA,44.9027879292757,-93.0163509457311,NA,NA,NA,NA,NA,NA,FALSE,FALSE
"Ramsey County Parks and Recreation","alexis.lipstein@co.ramsey.mn.us","62023700","2024-08-27","3","2025-02-11 13:04:06.04183","Unnamed hardworking surveyor(s)","88","3","1.64",NA,NA,NA,NA,NA,NA,NA,NA,NA,NA,NA,NA,NA,NA,NA,NA,NA,"1",NA,NA,NA,"1",NA,NA,NA,NA,NA,NA,"1",NA,44.9027880006916,-93.015844285993,NA,NA,NA,NA,NA,NA,FALSE,FALSE
"Ramsey County Parks and Recreation","alexis.lipstein@co.ramsey.mn.us","62023700","2024-08-27","3","2025-02-11 13:04:06.04183","Unnamed hardworking surveyor(s)","89","3","3.28",NA,"1","1",NA,NA,NA,NA,NA,NA,NA,NA,NA,NA,NA,NA,NA,NA,"1",NA,NA,NA,"1",NA,NA,NA,NA,NA,NA,"1",NA,44.9027880698597,-93.0153376262531,NA,NA,NA,NA,NA,NA,FALSE,FALSE
"Ramsey County Parks and Recreation","alexis.lipstein@co.ramsey.mn.us","62023700","2024-08-27","3","2025-02-11 13:04:06.04183","Unnamed hardworking surveyor(s)","90","3","3.28",NA,"1",NA,NA,NA,NA,NA,NA,NA,NA,NA,NA,NA,NA,NA,NA,NA,NA,NA,NA,NA,"1",NA,NA,NA,NA,NA,NA,"1",NA,44.9027881367801,-93.0148309665113,NA,NA,NA,NA,NA,NA,FALSE,FALSE
"Ramsey County Parks and Recreation","alexis.lipstein@co.ramsey.mn.us","62023700","2024-08-27","3","2025-02-11 13:04:06.04183","Unnamed hardworking surveyor(s)","91","3","2.62",NA,NA,NA,NA,NA,NA,NA,NA,NA,NA,NA,NA,NA,NA,NA,NA,NA,"3",NA,NA,NA,"1",NA,NA,NA,NA,NA,NA,"1",NA,44.9027882014528,-93.0143243067679,NA,NA,NA,NA,NA,NA,FALSE,FALSE
"Ramsey County Parks and Recreation","alexis.lipstein@co.ramsey.mn.us","62023700","2024-08-27","3","2025-02-11 13:04:06.04183","Unnamed hardworking surveyor(s)","92","2","1.64",NA,"1",NA,NA,NA,NA,NA,NA,NA,NA,NA,NA,NA,NA,NA,NA,NA,"1",NA,NA,NA,"1",NA,NA,NA,NA,NA,NA,"1",NA,44.9024276182549,-93.0178708133787,NA,NA,NA,NA,NA,NA,FALSE,FALSE
"Ramsey County Parks and Recreation","alexis.lipstein@co.ramsey.mn.us","62023700","2024-08-27","3","2025-02-11 13:04:06.04183","Unnamed hardworking surveyor(s)","93","3","1.64",NA,"1",NA,NA,NA,NA,NA,NA,NA,NA,NA,NA,NA,NA,NA,NA,NA,"1",NA,NA,NA,"1",NA,NA,NA,NA,NA,NA,"1",NA,44.9024276964129,-93.0173641568092,NA,NA,NA,NA,NA,NA,FALSE,FALSE
"Ramsey County Parks and Recreation","alexis.lipstein@co.ramsey.mn.us","62023700","2024-08-27","3","2025-02-11 13:04:06.04183","Unnamed hardworking surveyor(s)","94","3","1.64",NA,"1",NA,NA,NA,NA,NA,NA,NA,NA,NA,NA,NA,NA,NA,NA,NA,NA,NA,NA,NA,"1",NA,NA,NA,NA,NA,NA,"1",NA,44.9024277723233,-93.0168575002377,NA,NA,NA,NA,NA,NA,FALSE,FALSE
"Ramsey County Parks and Recreation","alexis.lipstein@co.ramsey.mn.us","62023700","2024-08-27","3","2025-02-11 13:04:06.04183","Unnamed hardworking surveyor(s)","95","3","2.62",NA,"1","1",NA,NA,NA,NA,NA,NA,NA,NA,NA,NA,NA,NA,NA,NA,NA,NA,NA,NA,"1",NA,NA,NA,NA,NA,NA,"1",NA,44.9024278459859,-93.0163508436642,NA,NA,NA,NA,NA,NA,FALSE,FALSE
"Ramsey County Parks and Recreation","alexis.lipstein@co.ramsey.mn.us","62023700","2024-08-27","3","2025-02-11 13:04:06.04183","Unnamed hardworking surveyor(s)","96","3","1.64",NA,NA,NA,NA,NA,NA,NA,NA,NA,NA,NA,NA,NA,NA,NA,NA,NA,NA,NA,NA,NA,"1",NA,NA,NA,NA,NA,NA,"1",NA,44.9024279174009,-93.0158441870887,NA,NA,NA,NA,NA,NA,FALSE,FALSE
"Ramsey County Parks and Recreation","alexis.lipstein@co.ramsey.mn.us","62023700","2024-08-27","3","2025-02-11 13:04:06.04183","Unnamed hardworking surveyor(s)","97","3","1.64",NA,NA,NA,NA,NA,NA,NA,NA,NA,NA,NA,NA,NA,"1",NA,NA,NA,"1",NA,NA,NA,"1",NA,NA,NA,NA,NA,NA,"1",NA,44.9024279865681,-93.0153375305115,NA,NA,NA,NA,NA,NA,FALSE,FALSE
"Ramsey County Parks and Recreation","alexis.lipstein@co.ramsey.mn.us","62023700","2024-08-27","3","2025-02-11 13:04:06.04183","Unnamed hardworking surveyor(s)","98","2","2.62",NA,NA,NA,NA,NA,NA,NA,NA,NA,NA,NA,NA,NA,"1",NA,NA,NA,NA,NA,NA,NA,"1",NA,NA,NA,NA,NA,NA,"1",NA,44.9024280534877,-93.0148308739324,NA,NA,NA,NA,NA,NA,FALSE,FALSE
"Ramsey County Parks and Recreation","alexis.lipstein@co.ramsey.mn.us","62023700","2024-08-27","3","2025-02-11 13:04:06.04183","Unnamed hardworking surveyor(s)","99","3","2.62",NA,NA,NA,NA,NA,NA,NA,NA,NA,NA,NA,NA,NA,NA,NA,NA,NA,NA,NA,NA,NA,"1",NA,NA,NA,NA,NA,NA,"1",NA,44.9024281181596,-93.0143242173515,NA,NA,NA,NA,NA,NA,FALSE,FALSE
"Ramsey County Parks and Recreation","alexis.lipstein@co.ramsey.mn.us","62023700","2024-08-27","3","2025-02-11 13:04:06.04183","Unnamed hardworking surveyor(s)","100","2","2.62",NA,NA,NA,NA,NA,NA,NA,NA,NA,NA,NA,NA,NA,NA,NA,NA,NA,"1",NA,NA,NA,"1",NA,NA,NA,NA,NA,NA,"1",NA,44.9020675349451,-93.0178707018259,NA,NA,NA,NA,NA,NA,FALSE,FALSE
"Ramsey County Parks and Recreation","alexis.lipstein@co.ramsey.mn.us","62023700","2024-08-27","3","2025-02-11 13:04:06.04183","Unnamed hardworking surveyor(s)","101","3","3.28",NA,NA,NA,NA,NA,NA,NA,NA,"1",NA,NA,NA,NA,NA,NA,NA,NA,"2",NA,NA,NA,"1",NA,NA,NA,NA,NA,NA,"1",NA,44.9020676131022,-93.017364048419,NA,NA,NA,NA,NA,NA,FALSE,FALSE
"Ramsey County Parks and Recreation","alexis.lipstein@co.ramsey.mn.us","62023700","2024-08-27","3","2025-02-11 13:04:06.04183","Unnamed hardworking surveyor(s)","102","1","0.98",NA,"1",NA,"1",NA,NA,NA,NA,"1",NA,NA,NA,NA,"1",NA,NA,NA,"1",NA,NA,NA,"1",NA,NA,NA,NA,NA,NA,"1",NA,44.9020676890116,-93.01685739501,NA,NA,NA,NA,NA,NA,FALSE,FALSE
"Ramsey County Parks and Recreation","alexis.lipstein@co.ramsey.mn.us","62023700","2024-08-27","3","2025-02-11 13:04:06.04183","Unnamed hardworking surveyor(s)","103","1","1.64",NA,NA,"1","1",NA,NA,NA,NA,NA,NA,NA,NA,NA,"1",NA,NA,NA,"1",NA,NA,NA,"1",NA,NA,NA,NA,NA,NA,"2",NA,44.9020677626733,-93.0163507415991,NA,NA,NA,NA,NA,NA,FALSE,FALSE
"Ramsey County Parks and Recreation","alexis.lipstein@co.ramsey.mn.us","62023700","2024-08-27","3","2025-02-11 13:04:06.04183","Unnamed hardworking surveyor(s)","104","2","2.95",NA,"1",NA,"1",NA,NA,NA,NA,NA,NA,NA,NA,NA,NA,NA,NA,NA,"1",NA,NA,NA,"1",NA,NA,NA,NA,NA,NA,"1",NA,44.9020678340874,-93.0158440881863,NA,NA,NA,NA,NA,NA,FALSE,FALSE
"Ramsey County Parks and Recreation","alexis.lipstein@co.ramsey.mn.us","62023700","2024-08-27","3","2025-02-11 13:04:06.04183","Unnamed hardworking surveyor(s)","105","3","2.62",NA,NA,NA,NA,NA,NA,NA,NA,NA,NA,NA,NA,NA,NA,NA,NA,NA,"1",NA,NA,NA,"1",NA,NA,NA,NA,NA,NA,"1",NA,44.9020679032538,-93.0153374347716,NA,NA,NA,NA,NA,NA,FALSE,FALSE
"Ramsey County Parks and Recreation","alexis.lipstein@co.ramsey.mn.us","62023700","2024-08-27","3","2025-02-11 13:04:06.04183","Unnamed hardworking surveyor(s)","106","1","1.64",NA,NA,NA,NA,NA,NA,NA,NA,NA,NA,NA,NA,NA,NA,NA,NA,NA,"1",NA,NA,NA,"2",NA,NA,NA,NA,NA,NA,"1",NA,44.9020679701725,-93.0148307813551,NA,NA,NA,NA,NA,NA,FALSE,FALSE
"Ramsey County Parks and Recreation","alexis.lipstein@co.ramsey.mn.us","62023700","2024-08-27","3","2025-02-11 13:04:06.04183","Unnamed hardworking surveyor(s)","107","1","1.64","1",NA,NA,"1",NA,NA,NA,NA,NA,NA,NA,NA,NA,NA,NA,NA,NA,"1",NA,NA,NA,"1",NA,NA,NA,NA,NA,NA,"1",NA,44.9020680348436,-93.0143241279369,NA,NA,NA,NA,NA,NA,FALSE,FALSE
"Ramsey County Parks and Recreation","alexis.lipstein@co.ramsey.mn.us","62023700","2024-08-27","3","2025-02-11 13:04:06.04183","Unnamed hardworking surveyor(s)","108","2","0.98","1",NA,NA,"1",NA,NA,NA,NA,NA,NA,NA,NA,NA,NA,NA,NA,NA,"1",NA,NA,NA,"1",NA,NA,NA,NA,NA,NA,"1",NA,44.9017074516125,-93.0178705902751,NA,NA,NA,NA,NA,NA,FALSE,FALSE
"Ramsey County Parks and Recreation","alexis.lipstein@co.ramsey.mn.us","62023700","2024-08-27","3","2025-02-11 13:04:06.04183","Unnamed hardworking surveyor(s)","109","1","1.31",NA,"1",NA,"1",NA,NA,NA,NA,NA,NA,NA,NA,NA,NA,NA,NA,NA,NA,NA,NA,NA,"1",NA,NA,NA,NA,NA,NA,"1",NA,44.9017075297686,-93.0173639400307,NA,NA,NA,NA,NA,NA,FALSE,FALSE
"Ramsey County Parks and Recreation","alexis.lipstein@co.ramsey.mn.us","62023700","2024-08-27","3","2025-02-11 13:04:06.04183","Unnamed hardworking surveyor(s)","110","2","2.3",NA,NA,NA,NA,NA,NA,NA,NA,NA,NA,NA,NA,NA,NA,NA,NA,NA,NA,NA,NA,NA,"1",NA,NA,NA,NA,NA,NA,"1",NA,44.9017076056771,-93.0168572897844,NA,NA,NA,NA,NA,NA,FALSE,FALSE
"Ramsey County Parks and Recreation","alexis.lipstein@co.ramsey.mn.us","62023700","2024-08-27","3","2025-02-11 13:04:06.04183","Unnamed hardworking surveyor(s)","111","2","2.95",NA,NA,NA,NA,NA,NA,NA,NA,NA,NA,NA,NA,NA,NA,NA,NA,NA,NA,NA,NA,NA,"1",NA,NA,NA,NA,NA,NA,"1",NA,44.901707679338,-93.016350639536,NA,NA,NA,NA,NA,NA,FALSE,FALSE
"Ramsey County Parks and Recreation","alexis.lipstein@co.ramsey.mn.us","62023700","2024-08-27","3","2025-02-11 13:04:06.04183","Unnamed hardworking surveyor(s)","112","3","1.64",NA,NA,NA,NA,NA,NA,NA,NA,NA,NA,NA,NA,NA,NA,NA,NA,NA,"2",NA,NA,NA,"1",NA,NA,NA,NA,NA,NA,"2",NA,44.9017077507511,-93.0158439892857,NA,NA,NA,NA,NA,NA,FALSE,FALSE
"Ramsey County Parks and Recreation","alexis.lipstein@co.ramsey.mn.us","62023700","2024-08-27","3","2025-02-11 13:04:06.04183","Unnamed hardworking surveyor(s)","113","1","1.31",NA,NA,NA,"1",NA,NA,NA,NA,NA,NA,NA,NA,NA,NA,NA,NA,NA,"2",NA,NA,NA,"1",NA,NA,NA,NA,NA,NA,"1",NA,44.9017078199166,-93.0153373390336,NA,NA,NA,NA,NA,NA,FALSE,FALSE
"Ramsey County Parks and Recreation","alexis.lipstein@co.ramsey.mn.us","62023700","2024-08-27","3","2025-02-11 13:04:06.04183","Unnamed hardworking surveyor(s)","114","2","0.98",NA,NA,NA,"1",NA,NA,NA,NA,NA,NA,NA,NA,NA,NA,NA,NA,NA,"2",NA,NA,NA,"2",NA,NA,NA,NA,NA,NA,"2",NA,44.9017078868346,-93.0148306887796,NA,NA,NA,NA,NA,NA,FALSE,FALSE
"Ramsey County Parks and Recreation","alexis.lipstein@co.ramsey.mn.us","62023700","2024-08-27","3","2025-02-11 13:04:06.04183","Unnamed hardworking surveyor(s)","115","2","1.31",NA,"1",NA,NA,NA,NA,NA,NA,NA,NA,NA,NA,NA,NA,NA,NA,NA,NA,NA,NA,NA,"1",NA,NA,NA,NA,NA,NA,"1",NA,44.9017079515048,-93.014324038524,NA,NA,NA,NA,NA,NA,FALSE,FALSE
"Ramsey County Parks and Recreation","alexis.lipstein@co.ramsey.mn.us","62023700","2024-08-27","3","2025-02-11 13:04:06.04183","Unnamed hardworking surveyor(s)","116","1","1.64",NA,NA,NA,NA,NA,NA,NA,NA,NA,NA,NA,NA,NA,NA,NA,NA,NA,NA,NA,NA,NA,"1",NA,NA,NA,NA,NA,NA,"1",NA,44.9013474464123,-93.0173638316446,NA,NA,NA,NA,NA,NA,FALSE,FALSE
"Ramsey County Parks and Recreation","alexis.lipstein@co.ramsey.mn.us","62023700","2024-08-27","3","2025-02-11 13:04:06.04183","Unnamed hardworking surveyor(s)","117","2","2.3",NA,NA,NA,"1",NA,NA,NA,NA,NA,NA,NA,NA,NA,NA,NA,NA,NA,NA,NA,NA,NA,"1",NA,NA,NA,NA,NA,NA,"1",NA,44.9013475223198,-93.0168571845607,NA,NA,NA,NA,NA,NA,FALSE,FALSE
"Ramsey County Parks and Recreation","alexis.lipstein@co.ramsey.mn.us","62023700","2024-08-27","3","2025-02-11 13:04:06.04183","Unnamed hardworking surveyor(s)","118","2","1.97",NA,"1",NA,"1",NA,NA,NA,NA,NA,NA,NA,NA,NA,NA,NA,NA,NA,"2",NA,NA,NA,"1",NA,NA,NA,NA,NA,NA,"1",NA,44.9013475959797,-93.0163505374748,NA,NA,NA,NA,NA,NA,FALSE,FALSE
"Ramsey County Parks and Recreation","alexis.lipstein@co.ramsey.mn.us","62023700","2024-08-27","3","2025-02-11 13:04:06.04183","Unnamed hardworking surveyor(s)","119","1","1.31",NA,"1",NA,NA,NA,NA,NA,NA,NA,NA,NA,NA,NA,NA,NA,NA,NA,"2",NA,NA,NA,"1",NA,NA,NA,NA,NA,NA,"1",NA,44.901347667392,-93.015843890387,NA,NA,NA,NA,NA,NA,FALSE,FALSE
"Ramsey County Parks and Recreation","alexis.lipstein@co.ramsey.mn.us","62023700","2024-08-27","3","2025-02-11 13:04:06.04183","Unnamed hardworking surveyor(s)","120","1","0.66",NA,NA,NA,"1",NA,NA,NA,NA,NA,NA,NA,NA,NA,NA,NA,NA,NA,"1",NA,NA,"1","1",NA,NA,NA,NA,NA,NA,"1",NA,44.9013477365567,-93.0153372432973,NA,NA,NA,NA,NA,NA,FALSE,FALSE
"Ramsey County Parks and Recreation","alexis.lipstein@co.ramsey.mn.us","62023700","2024-08-27","3","2025-02-11 13:04:06.04183","Unnamed hardworking surveyor(s)","121","1","0.66",NA,NA,NA,NA,NA,NA,NA,NA,NA,NA,NA,NA,NA,"1",NA,NA,NA,"1",NA,NA,"v","1",NA,NA,NA,NA,NA,NA,"1",NA,44.9013478034737,-93.0148305962059,NA,NA,NA,NA,NA,NA,FALSE,FALSE
"Ramsey County Parks and Recreation","alexis.lipstein@co.ramsey.mn.us","62023700","2024-08-27","3","2025-02-11 13:04:06.04183","Unnamed hardworking surveyor(s)","122","1","1.97",NA,NA,NA,"1",NA,NA,NA,NA,NA,NA,NA,NA,NA,NA,NA,NA,NA,"1",NA,NA,NA,"1",NA,NA,NA,NA,NA,NA,"1",NA,44.9013478681432,-93.0143239491127,NA,NA,NA,NA,NA,NA,FALSE,FALSE
"Ramsey County Parks and Recreation","alexis.lipstein@co.ramsey.mn.us","62023700","2024-08-27","3","2025-02-11 13:04:06.04183","Unnamed hardworking surveyor(s)","123","1","2.62",NA,NA,NA,NA,NA,NA,NA,NA,NA,NA,NA,NA,NA,NA,NA,NA,NA,NA,NA,NA,NA,NA,NA,NA,NA,NA,NA,NA,"1",NA,44.9009874389397,-93.0168570793389,NA,NA,NA,NA,NA,NA,FALSE,FALSE
"Ramsey County Parks and Recreation","alexis.lipstein@co.ramsey.mn.us","62023700","2024-08-27","3","2025-02-11 13:04:06.04183","Unnamed hardworking surveyor(s)","124","2","1.97",NA,NA,NA,NA,NA,NA,NA,NA,NA,NA,NA,NA,NA,NA,NA,NA,NA,"2",NA,NA,NA,"1",NA,NA,NA,NA,NA,NA,"1",NA,44.9009875125987,-93.0163504354155,NA,NA,NA,NA,NA,NA,FALSE,FALSE
"Ramsey County Parks and Recreation","alexis.lipstein@co.ramsey.mn.us","62023700","2024-08-27","3","2025-02-11 13:04:06.04183","Unnamed hardworking surveyor(s)","125","2","1.64",NA,NA,NA,NA,NA,NA,NA,NA,NA,NA,NA,NA,NA,"1",NA,NA,NA,"2",NA,NA,NA,"2",NA,NA,NA,NA,NA,NA,"1",NA,44.9009875840101,-93.0158437914901,NA,NA,NA,NA,NA,NA,FALSE,FALSE
"Ramsey County Parks and Recreation","alexis.lipstein@co.ramsey.mn.us","62023700","2024-08-27","3","2025-02-11 13:04:06.04183","Unnamed hardworking surveyor(s)","126","1","1.97",NA,NA,NA,"1",NA,NA,NA,NA,NA,NA,NA,NA,NA,NA,NA,NA,NA,"2",NA,NA,NA,"1",NA,NA,NA,NA,NA,NA,"2",NA,44.9009876531739,-93.0153371475629,NA,NA,NA,NA,NA,NA,FALSE,FALSE
"Ramsey County Parks and Recreation","alexis.lipstein@co.ramsey.mn.us","62023700","2024-08-27","3","2025-02-11 13:04:06.04183","Unnamed hardworking surveyor(s)","127","1","2.62",NA,"1","1","1",NA,NA,NA,NA,NA,NA,NA,NA,NA,NA,NA,NA,NA,"1",NA,NA,NA,"1",NA,NA,NA,NA,NA,NA,"1",NA,44.9009877200901,-93.0148305036338,NA,NA,NA,NA,NA,NA,FALSE,FALSE
"Ramsey County Parks and Recreation","alexis.lipstein@co.ramsey.mn.us","62023700","2024-08-27","3","2025-02-11 13:04:06.04183","Unnamed hardworking surveyor(s)","128","1","1.64",NA,NA,NA,NA,NA,NA,NA,NA,NA,NA,NA,NA,NA,NA,NA,NA,NA,"1",NA,NA,NA,"1",NA,NA,NA,NA,NA,NA,NA,NA,44.9009877847588,-93.0143238597031,NA,NA,NA,NA,NA,NA,FALSE,FALSE
"Ramsey County Parks and Recreation","alexis.lipstein@co.ramsey.mn.us","62023700","2024-08-27","3","2025-02-11 13:04:06.04183","Unnamed hardworking surveyor(s)","129","2","0.98",NA,NA,NA,NA,NA,NA,NA,NA,NA,NA,NA,NA,NA,"1",NA,NA,NA,"1",NA,NA,NA,"1",NA,NA,NA,NA,NA,NA,"1",NA,44.9006272796313,-93.0173636148783,NA,NA,NA,NA,NA,NA,FALSE,FALSE
"Ramsey County Parks and Recreation","alexis.lipstein@co.ramsey.mn.us","62023700","2024-08-27","3","2025-02-11 13:04:06.04183","Unnamed hardworking surveyor(s)","130","1","1.31",NA,"1",NA,NA,NA,NA,NA,NA,NA,NA,NA,NA,NA,NA,NA,NA,NA,NA,NA,NA,NA,"1",NA,NA,NA,NA,NA,NA,"1",NA,44.9006273555369,-93.0168569741192,NA,NA,NA,NA,NA,NA,FALSE,FALSE
"Ramsey County Parks and Recreation","alexis.lipstein@co.ramsey.mn.us","62023700","2024-08-27","3","2025-02-11 13:04:06.04183","Unnamed hardworking surveyor(s)","131","1","1.31",NA,NA,NA,NA,NA,NA,NA,NA,NA,NA,NA,NA,NA,NA,NA,NA,NA,NA,NA,NA,NA,"1",NA,NA,NA,NA,NA,NA,"1",NA,44.9006274291949,-93.0163503333581,NA,NA,NA,NA,NA,NA,FALSE,FALSE
"Ramsey County Parks and Recreation","alexis.lipstein@co.ramsey.mn.us","62023700","2024-08-27","3","2025-02-11 13:04:06.04183","Unnamed hardworking surveyor(s)","132","1","1.31",NA,NA,NA,NA,NA,NA,NA,NA,NA,NA,NA,NA,NA,NA,NA,NA,NA,NA,NA,NA,NA,"1",NA,NA,NA,NA,NA,NA,"1",NA,44.9006275006054,-93.0158436925951,NA,NA,NA,NA,NA,NA,FALSE,FALSE
"Ramsey County Parks and Recreation","alexis.lipstein@co.ramsey.mn.us","62023700","2024-08-27","3","2025-02-11 13:04:06.04183","Unnamed hardworking surveyor(s)","133","1","0.98",NA,NA,NA,NA,NA,NA,NA,NA,NA,NA,NA,NA,NA,"1",NA,NA,NA,"3",NA,NA,NA,"1",NA,NA,NA,NA,NA,NA,"2",NA,44.9006275697684,-93.0153370518302,NA,NA,NA,NA,NA,NA,FALSE,FALSE
"Ramsey County Parks and Recreation","alexis.lipstein@co.ramsey.mn.us","62023700","2024-08-27","3","2025-02-11 13:04:06.04183","Unnamed hardworking surveyor(s)","134","1","2.62",NA,"1",NA,NA,NA,NA,NA,NA,NA,NA,NA,NA,NA,NA,NA,NA,NA,NA,NA,NA,NA,"1",NA,NA,NA,NA,NA,NA,"1",NA,44.9006276366838,-93.0148304110636,NA,NA,NA,NA,NA,NA,FALSE,FALSE
"Ramsey County Parks and Recreation","alexis.lipstein@co.ramsey.mn.us","62023700","2024-08-27","3","2025-02-11 13:04:06.04183","Unnamed hardworking surveyor(s)","135","2","1.64",NA,"1",NA,NA,NA,NA,NA,NA,NA,NA,NA,NA,NA,NA,NA,NA,NA,NA,NA,NA,NA,"1",NA,NA,NA,NA,NA,NA,"1",NA,44.9006277013516,-93.0143237702952,NA,NA,NA,NA,NA,NA,FALSE,FALSE
"Ramsey County Parks and Recreation","alexis.lipstein@co.ramsey.mn.us","62023700","2024-08-27","3","2025-02-11 13:04:06.04183","Unnamed hardworking surveyor(s)","136","1","1.64",NA,"1",NA,NA,NA,NA,NA,NA,NA,NA,NA,NA,NA,"1",NA,NA,NA,NA,NA,NA,NA,"1",NA,NA,NA,NA,NA,NA,"1",NA,44.9002671962065,-93.0173635064983,NA,NA,NA,NA,NA,NA,FALSE,FALSE
"Ramsey County Parks and Recreation","alexis.lipstein@co.ramsey.mn.us","62023700","2024-08-27","3","2025-02-11 13:04:06.04183","Unnamed hardworking surveyor(s)","137","2","1.64",NA,NA,NA,NA,NA,NA,NA,NA,NA,NA,NA,NA,NA,NA,NA,NA,NA,NA,NA,NA,NA,"1",NA,NA,NA,NA,NA,NA,"1",NA,44.9002672721112,-93.0168568689014,NA,NA,NA,NA,NA,NA,FALSE,FALSE
"Ramsey County Parks and Recreation","alexis.lipstein@co.ramsey.mn.us","62023700","2024-08-27","3","2025-02-11 13:04:06.04183","Unnamed hardworking surveyor(s)","138","2","1.64",NA,"1",NA,NA,NA,NA,NA,NA,NA,NA,NA,NA,NA,NA,NA,NA,NA,NA,NA,NA,NA,"1",NA,NA,NA,NA,NA,NA,"1",NA,44.9002673457683,-93.0163502313027,NA,NA,NA,NA,NA,NA,FALSE,FALSE
"Ramsey County Parks and Recreation","alexis.lipstein@co.ramsey.mn.us","62023700","2024-08-27","3","2025-02-11 13:04:06.04183","Unnamed hardworking surveyor(s)","139","1","1.64",NA,"1",NA,NA,NA,NA,NA,NA,NA,NA,NA,NA,NA,"1",NA,NA,NA,NA,NA,NA,NA,"1",NA,NA,"1",NA,NA,NA,"1",NA,44.9002674171779,-93.015843593702,NA,NA,NA,NA,NA,NA,FALSE,FALSE
"Ramsey County Parks and Recreation","alexis.lipstein@co.ramsey.mn.us","62023700","2024-08-27","3","2025-02-11 13:04:06.04183","Unnamed hardworking surveyor(s)","140","1","0.66",NA,NA,NA,NA,NA,NA,NA,NA,"1",NA,NA,NA,NA,"1",NA,NA,NA,"1",NA,NA,NA,"1",NA,NA,NA,NA,NA,NA,"1",NA,44.90026748634,-93.0153369560994,NA,NA,NA,NA,NA,NA,FALSE,FALSE
"Ramsey County Parks and Recreation","alexis.lipstein@co.ramsey.mn.us","62023700","2024-08-27","3","2025-02-11 13:04:06.04183","Unnamed hardworking surveyor(s)","141","1","1.64",NA,"1","1",NA,NA,NA,NA,NA,NA,NA,NA,NA,NA,NA,NA,NA,NA,NA,NA,NA,NA,"1",NA,NA,NA,NA,NA,NA,"1",NA,44.9002675532546,-93.014830318495,NA,NA,NA,NA,NA,NA,FALSE,FALSE
"Ramsey County Parks and Recreation","alexis.lipstein@co.ramsey.mn.us","62023700","2024-08-27","3","2025-02-11 13:04:06.04183","Unnamed hardworking surveyor(s)","142","1","2.62",NA,"1",NA,NA,NA,NA,NA,NA,NA,NA,NA,NA,NA,NA,NA,NA,NA,NA,NA,NA,NA,"1",NA,NA,NA,NA,NA,NA,"1",NA,44.9002676179216,-93.0143236808889,NA,NA,NA,NA,NA,NA,FALSE,FALSE
"Ramsey County Parks and Recreation","alexis.lipstein@co.ramsey.mn.us","62023700","2024-08-27","3","2025-02-11 13:04:06.04183","Unnamed hardworking surveyor(s)","143","2","1.64",NA,"1",NA,NA,NA,NA,NA,NA,NA,NA,NA,NA,NA,NA,NA,NA,NA,NA,NA,NA,NA,NA,NA,NA,NA,NA,NA,NA,NA,NA,44.9002676803411,-93.0138170432812,NA,NA,NA,NA,NA,NA,FALSE,FALSE
"Ramsey County Parks and Recreation","alexis.lipstein@co.ramsey.mn.us","62023700","2024-08-27","3","2025-02-11 13:04:06.04183","Unnamed hardworking surveyor(s)","144","1","2.62",NA,"1",NA,NA,NA,NA,NA,NA,"1",NA,NA,NA,NA,NA,NA,NA,NA,NA,NA,NA,NA,"1",NA,NA,NA,NA,NA,NA,"1",NA,44.8999071886627,-93.0168567636857,NA,NA,NA,NA,NA,NA,FALSE,FALSE
"Ramsey County Parks and Recreation","alexis.lipstein@co.ramsey.mn.us","62023700","2024-08-27","3","2025-02-11 13:04:06.04183","Unnamed hardworking surveyor(s)","145","1","2.46",NA,"1",NA,NA,NA,NA,NA,NA,"1",NA,NA,NA,NA,NA,NA,NA,NA,NA,NA,NA,NA,"1",NA,NA,NA,NA,NA,NA,"1",NA,44.8999072623189,-93.0163501292491,NA,NA,NA,NA,NA,NA,FALSE,FALSE
"Ramsey County Parks and Recreation","alexis.lipstein@co.ramsey.mn.us","62023700","2024-08-27","3","2025-02-11 13:04:06.04183","Unnamed hardworking surveyor(s)","146","2","2.62",NA,NA,NA,NA,NA,NA,NA,NA,NA,NA,NA,NA,NA,"1",NA,NA,NA,NA,NA,NA,NA,"1",NA,NA,NA,NA,NA,NA,"1",NA,44.8999073337276,-93.0158434948107,NA,NA,NA,NA,NA,NA,FALSE,FALSE
"Ramsey County Parks and Recreation","alexis.lipstein@co.ramsey.mn.us","62023700","2024-08-27","3","2025-02-11 13:04:06.04183","Unnamed hardworking surveyor(s)","147","1","1.64",NA,"1",NA,NA,NA,NA,NA,NA,"1",NA,NA,NA,NA,"1",NA,NA,NA,NA,NA,NA,NA,"1",NA,NA,NA,NA,NA,NA,"1",NA,44.8999074028889,-93.0153368603704,NA,NA,NA,NA,NA,NA,FALSE,FALSE
"Ramsey County Parks and Recreation","alexis.lipstein@co.ramsey.mn.us","62023700","2024-08-27","3","2025-02-11 13:04:06.04183","Unnamed hardworking surveyor(s)","148","2","1.64",NA,"1",NA,NA,NA,NA,NA,NA,NA,NA,NA,NA,NA,"1",NA,NA,NA,NA,NA,NA,NA,NA,NA,NA,NA,NA,NA,NA,"1",NA,44.8999074698026,-93.0148302259282,NA,NA,NA,NA,NA,NA,FALSE,FALSE
"Ramsey County Parks and Recreation","alexis.lipstein@co.ramsey.mn.us","62023700","2024-08-27","3","2025-02-11 13:04:06.04183","Unnamed hardworking surveyor(s)","149","1","0.33",NA,"1",NA,NA,NA,NA,NA,NA,"1",NA,NA,NA,NA,"1",NA,NA,NA,"1",NA,NA,NA,"1",NA,NA,NA,NA,NA,NA,"1",NA,44.8999075344688,-93.0143235914844,NA,NA,NA,NA,NA,NA,FALSE,FALSE
"Ramsey County Parks and Recreation","alexis.lipstein@co.ramsey.mn.us","62023700","2024-08-27","3","2025-02-11 13:04:06.04183","Unnamed hardworking surveyor(s)","150","1","1.31",NA,"1",NA,NA,NA,NA,NA,NA,"1",NA,NA,NA,NA,"1",NA,NA,NA,"1",NA,NA,NA,"1",NA,NA,NA,NA,NA,NA,"1",NA,44.8999075968875,-93.0138169570388,NA,NA,NA,NA,NA,NA,FALSE,FALSE
"Ramsey County Parks and Recreation","alexis.lipstein@co.ramsey.mn.us","62023700","2024-08-27","3","2025-02-11 13:04:06.04183","Unnamed hardworking surveyor(s)","151","1","1.31",NA,"2",NA,NA,NA,NA,NA,NA,"1",NA,NA,NA,NA,"1",NA,NA,NA,"1",NA,NA,NA,"1",NA,NA,NA,NA,NA,NA,"1",NA,44.8999076570587,-93.0133103225917,NA,NA,NA,NA,NA,NA,FALSE,FALSE
"Ramsey County Parks and Recreation","alexis.lipstein@co.ramsey.mn.us","62023700","2024-08-27","3","2025-02-11 13:04:06.04183","Unnamed hardworking surveyor(s)","152",NA,"0.66",NA,"1",NA,NA,NA,NA,NA,NA,"1",NA,NA,NA,NA,NA,NA,NA,NA,"1",NA,NA,NA,NA,NA,NA,NA,NA,"1",NA,NA,NA,44.8995471051914,-93.0168566584719,NA,NA,NA,NA,NA,NA,FALSE,FALSE
"Ramsey County Parks and Recreation","alexis.lipstein@co.ramsey.mn.us","62023700","2024-08-27","3","2025-02-11 13:04:06.04183","Unnamed hardworking surveyor(s)","153","1","0.66",NA,"1",NA,NA,NA,NA,NA,NA,"1",NA,NA,NA,NA,NA,NA,NA,NA,"1",NA,NA,NA,NA,NA,NA,NA,NA,NA,NA,"1",NA,44.8995471788467,-93.0163500271975,NA,NA,NA,NA,NA,NA,FALSE,FALSE
"Ramsey County Parks and Recreation","alexis.lipstein@co.ramsey.mn.us","62023700","2024-08-27","3","2025-02-11 13:04:06.04183","Unnamed hardworking surveyor(s)","154","1","0.33",NA,NA,NA,"1",NA,NA,NA,NA,NA,NA,NA,NA,NA,NA,NA,NA,NA,"1",NA,NA,NA,"3",NA,NA,NA,NA,NA,NA,"2",NA,44.8995472502545,-93.0158433959212,NA,NA,NA,NA,NA,NA,FALSE,FALSE
"Ramsey County Parks and Recreation","alexis.lipstein@co.ramsey.mn.us","62001000","2024-08-02","3","2025-02-13 11:33:48.009721","Unnamed hardworking surveyor(s)","1",NA,"2.95",NA,NA,NA,"1","1","1",NA,NA,NA,"1",NA,NA,NA,NA,NA,NA,NA,"1","01",NA,NA,"1","1",NA,NA,NA,NA,NA,"1",NA,45.0141745243901,-93.0652103251828,NA,NA,NA,NA,NA,NA,FALSE,FALSE
"Ramsey County Parks and Recreation","alexis.lipstein@co.ramsey.mn.us","62001000","2024-08-02","3","2025-02-13 11:33:48.009721","Unnamed hardworking surveyor(s)","2","1","1.64",NA,NA,NA,"1",NA,NA,NA,NA,NA,NA,NA,NA,NA,NA,NA,NA,NA,"1","01",NA,NA,"1",NA,NA,NA,NA,NA,NA,"1","1",45.013455945864,-93.0652095096977,NA,NA,NA,NA,NA,NA,FALSE,FALSE
"Ramsey County Parks and Recreation","alexis.lipstein@co.ramsey.mn.us","62001000","2024-08-02","3","2025-02-13 11:33:48.009721","Unnamed hardworking surveyor(s)","3","2","3.61",NA,NA,NA,"1",NA,NA,NA,NA,NA,"1",NA,NA,NA,NA,NA,NA,NA,"1","01",NA,NA,"1",NA,NA,NA,NA,NA,NA,"1","1",45.0134562390259,-93.0646940350091,NA,NA,NA,NA,NA,"1",FALSE,FALSE
"Ramsey County Parks and Recreation","alexis.lipstein@co.ramsey.mn.us","62001000","2024-08-02","3","2025-02-13 11:33:48.009721","Unnamed hardworking surveyor(s)","4","1","4.27",NA,NA,NA,"1",NA,NA,NA,NA,NA,"1",NA,NA,NA,NA,NA,NA,NA,"1","01",NA,NA,"1",NA,NA,NA,NA,NA,NA,"1","1",45.0131002777283,-93.0646936342479,NA,NA,NA,NA,NA,"1",FALSE,FALSE
"Ramsey County Parks and Recreation","alexis.lipstein@co.ramsey.mn.us","62001000","2024-08-02","3","2025-02-13 11:33:48.009721","Unnamed hardworking surveyor(s)","5","1","2.62",NA,NA,NA,"1","1",NA,NA,NA,NA,NA,NA,NA,NA,NA,NA,NA,NA,"1","01",NA,NA,"1","1",NA,NA,NA,NA,NA,"1",NA,45.0131005650069,-93.0641844852904,NA,NA,NA,NA,NA,NA,FALSE,FALSE
"Ramsey County Parks and Recreation","alexis.lipstein@co.ramsey.mn.us","62001000","2024-08-02","3","2025-02-13 11:33:48.009721","Unnamed hardworking surveyor(s)","6","1","4.59",NA,NA,NA,"1",NA,NA,NA,NA,NA,"1",NA,NA,NA,NA,NA,NA,NA,NA,"01",NA,NA,"1",NA,NA,NA,NA,NA,NA,"1",NA,45.012733625749,-93.0646932214584,NA,NA,NA,NA,NA,"1",FALSE,FALSE
"Ramsey County Parks and Recreation","alexis.lipstein@co.ramsey.mn.us","62001000","2024-08-02","3","2025-02-13 11:33:48.009721","Unnamed hardworking surveyor(s)","7","1","5.58",NA,NA,NA,NA,NA,NA,NA,NA,NA,NA,NA,NA,NA,NA,NA,NA,NA,"1","01",NA,NA,NA,NA,NA,NA,NA,NA,NA,NA,"1",45.0127339130239,-93.0641840757496,NA,NA,NA,NA,NA,"1",FALSE,FALSE
"Ramsey County Parks and Recreation","alexis.lipstein@co.ramsey.mn.us","62001000","2024-08-02","3","2025-02-13 11:33:48.009721","Unnamed hardworking surveyor(s)","8","1","1.97",NA,NA,NA,"1","1",NA,NA,NA,NA,NA,NA,NA,NA,NA,NA,NA,NA,"1","01",NA,NA,"1",NA,NA,NA,NA,NA,NA,"1",NA,45.012734198327,-93.0636743957549,NA,NA,NA,NA,NA,"1",FALSE,FALSE
"Ramsey County Parks and Recreation","alexis.lipstein@co.ramsey.mn.us","62001000","2024-08-02","3","2025-02-13 11:33:48.009721","Unnamed hardworking surveyor(s)","9","1","2.62",NA,NA,NA,"1","1",NA,NA,NA,NA,NA,NA,NA,NA,NA,NA,NA,NA,"1","01",NA,NA,"1",NA,NA,NA,NA,NA,NA,"1",NA,45.0123576207686,-93.0646927981472,NA,NA,NA,NA,NA,NA,FALSE,FALSE
"Ramsey County Parks and Recreation","alexis.lipstein@co.ramsey.mn.us","62001000","2024-08-02","3","2025-02-13 11:33:48.009721","Unnamed hardworking surveyor(s)","10",NA,"3.94",NA,NA,NA,"1","1",NA,NA,NA,NA,NA,NA,NA,NA,NA,NA,NA,NA,"1","01",NA,NA,"1",NA,NA,NA,NA,NA,NA,"1",NA,45.0123579080399,-93.0641836557699,NA,NA,NA,NA,NA,"1",FALSE,FALSE
"Ramsey County Parks and Recreation","alexis.lipstein@co.ramsey.mn.us","62001000","2024-08-02","3","2025-02-13 11:33:48.009721","Unnamed hardworking surveyor(s)","11","1","4.92",NA,NA,NA,NA,NA,NA,NA,NA,NA,NA,NA,NA,NA,NA,NA,NA,NA,"1","01",NA,NA,"1",NA,NA,NA,NA,NA,NA,"1",NA,45.0123581933392,-93.0636739791102,NA,NA,NA,NA,NA,"1",FALSE,FALSE
"Ramsey County Parks and Recreation","alexis.lipstein@co.ramsey.mn.us","62001000","2024-08-02","3","2025-02-13 11:33:48.009721","Unnamed hardworking surveyor(s)","12","1","4.27",NA,NA,NA,"1",NA,NA,NA,NA,"1",NA,NA,NA,NA,NA,NA,NA,NA,"1","01",NA,NA,"1",NA,NA,NA,NA,NA,NA,"1",NA,45.0123584795651,-93.0631585142534,NA,NA,NA,NA,NA,"1",FALSE,FALSE
"Ramsey County Parks and Recreation","alexis.lipstein@co.ramsey.mn.us","62001000","2024-08-02","3","2025-02-13 11:33:48.009721","Unnamed hardworking surveyor(s)","13","1","1.97",NA,NA,NA,"2","1",NA,NA,NA,NA,NA,NA,NA,NA,NA,NA,NA,NA,"1","01",NA,NA,"2",NA,NA,NA,NA,NA,NA,"1",NA,45.0119994441407,-93.0641832553905,NA,NA,NA,NA,NA,NA,FALSE,FALSE
"Ramsey County Parks and Recreation","alexis.lipstein@co.ramsey.mn.us","62001000","2024-08-02","3","2025-02-13 11:33:48.009721","Unnamed hardworking surveyor(s)","14","1","1.64",NA,NA,NA,"1","2",NA,NA,NA,NA,"1",NA,NA,NA,NA,NA,NA,NA,"1","01",NA,NA,"1",NA,NA,NA,NA,NA,NA,"1","1",45.0119997294365,-93.0636735819101,NA,NA,NA,NA,NA,NA,FALSE,FALSE
"Ramsey County Parks and Recreation","alexis.lipstein@co.ramsey.mn.us","62001000","2024-08-02","3","2025-02-13 11:33:48.009721","Unnamed hardworking surveyor(s)","15","2","4.92",NA,NA,NA,"1","1",NA,NA,NA,NA,"1",NA,NA,NA,NA,NA,NA,NA,"1","01",NA,NA,"1",NA,NA,NA,NA,NA,NA,"1",NA,45.0120000156588,-93.0631581202688,NA,NA,NA,NA,NA,NA,FALSE,FALSE
"Ramsey County Parks and Recreation","alexis.lipstein@co.ramsey.mn.us","62003900","2024-07-19","3","2025-02-13 11:40:21.88261","Unnamed hardworking surveyor(s)","1","1","7.22",NA,NA,NA,"1",NA,NA,NA,NA,"1","1",NA,NA,NA,NA,NA,NA,NA,NA,NA,NA,NA,NA,NA,NA,NA,"1",NA,NA,NA,NA,45.0422857255236,-93.0921093393834,NA,NA,NA,NA,NA,NA,FALSE,FALSE
"Ramsey County Parks and Recreation","alexis.lipstein@co.ramsey.mn.us","62003900","2024-07-19","3","2025-02-13 11:40:21.88261","Unnamed hardworking surveyor(s)","2","1","16.08",NA,NA,NA,NA,NA,NA,NA,NA,NA,NA,NA,NA,NA,NA,NA,NA,NA,NA,NA,NA,NA,NA,NA,NA,NA,NA,NA,NA,NA,NA,45.0422857249501,-93.0914693898359,NA,NA,NA,NA,NA,NA,FALSE,FALSE
"Ramsey County Parks and Recreation","alexis.lipstein@co.ramsey.mn.us","62003900","2024-07-19","3","2025-02-13 11:40:21.88261","Unnamed hardworking surveyor(s)","3",NA,"15.09",NA,NA,NA,NA,NA,NA,NA,NA,NA,NA,NA,NA,NA,NA,NA,NA,NA,NA,NA,NA,NA,NA,NA,NA,NA,NA,NA,NA,NA,NA,45.0422857252915,-93.0908294402899,NA,NA,NA,NA,NA,NA,FALSE,FALSE
"Ramsey County Parks and Recreation","alexis.lipstein@co.ramsey.mn.us","62003900","2024-07-19","3","2025-02-13 11:40:21.88261","Unnamed hardworking surveyor(s)","4","2","9.84",NA,NA,NA,NA,NA,NA,NA,NA,NA,NA,NA,NA,NA,NA,NA,NA,NA,NA,NA,NA,NA,NA,NA,NA,NA,"1",NA,NA,NA,NA,45.0422857248345,-93.090198499431,NA,NA,NA,NA,NA,NA,FALSE,FALSE
"Ramsey County Parks and Recreation","alexis.lipstein@co.ramsey.mn.us","62003900","2024-07-19","3","2025-02-13 11:40:21.88261","Unnamed hardworking surveyor(s)","5",NA,"15.09",NA,NA,NA,NA,NA,NA,NA,NA,NA,NA,NA,NA,NA,NA,NA,NA,NA,NA,NA,NA,NA,NA,NA,NA,NA,NA,NA,NA,NA,NA,45.0418335453302,-93.0898740195985,NA,NA,NA,NA,NA,NA,FALSE,FALSE
"Ramsey County Parks and Recreation","alexis.lipstein@co.ramsey.mn.us","62003900","2024-07-19","3","2025-02-13 11:40:21.88261","Unnamed hardworking surveyor(s)","6",NA,"22.97",NA,NA,NA,NA,NA,NA,NA,NA,NA,NA,NA,NA,NA,NA,NA,NA,NA,NA,NA,NA,NA,NA,NA,NA,NA,NA,NA,NA,NA,NA,45.0418335449402,-93.0905139704521,NA,NA,NA,NA,NA,NA,FALSE,FALSE
"Ramsey County Parks and Recreation","alexis.lipstein@co.ramsey.mn.us","62003900","2024-07-19","3","2025-02-13 11:40:21.88261","Unnamed hardworking surveyor(s)","7",NA,"23.95",NA,NA,NA,NA,NA,NA,NA,NA,NA,NA,NA,NA,NA,NA,NA,NA,NA,NA,NA,NA,NA,NA,NA,NA,NA,NA,NA,NA,NA,NA,45.0418335454663,-93.0911539200374,NA,NA,NA,NA,NA,NA,FALSE,FALSE
"Ramsey County Parks and Recreation","alexis.lipstein@co.ramsey.mn.us","62003900","2024-07-19","3","2025-02-13 11:40:21.88261","Unnamed hardworking surveyor(s)","8",NA,"25.59",NA,NA,NA,NA,NA,NA,NA,NA,NA,NA,NA,NA,NA,NA,NA,NA,NA,NA,NA,NA,NA,NA,NA,NA,NA,NA,NA,NA,NA,NA,45.0418335451469,-93.0917848597342,NA,NA,NA,NA,NA,NA,FALSE,FALSE
"Ramsey County Parks and Recreation","alexis.lipstein@co.ramsey.mn.us","62003900","2024-07-19","3","2025-02-13 11:40:21.88261","Unnamed hardworking surveyor(s)","9",NA,"22.31",NA,NA,NA,NA,NA,NA,NA,NA,NA,NA,NA,NA,NA,NA,NA,NA,NA,NA,NA,NA,NA,NA,NA,NA,NA,NA,NA,NA,NA,NA,45.0418335449508,-93.0924157892734,NA,NA,NA,NA,NA,NA,FALSE,FALSE
"Ramsey County Parks and Recreation","alexis.lipstein@co.ramsey.mn.us","62003900","2024-07-19","3","2025-02-13 11:40:21.88261","Unnamed hardworking surveyor(s)","10","2","11.48",NA,NA,NA,NA,NA,NA,NA,NA,NA,NA,NA,NA,NA,NA,NA,NA,NA,NA,NA,NA,NA,NA,NA,NA,NA,NA,NA,NA,NA,NA,45.0418335457618,-93.0930467289721,NA,NA,NA,NA,NA,NA,FALSE,FALSE
"Ramsey County Parks and Recreation","alexis.lipstein@co.ramsey.mn.us","62003900","2024-07-19","3","2025-02-13 11:40:21.88261","Unnamed hardworking surveyor(s)","11","1","13.12",NA,NA,NA,NA,NA,NA,NA,NA,NA,NA,NA,NA,NA,NA,NA,NA,NA,NA,NA,NA,NA,NA,NA,NA,NA,NA,NA,NA,NA,NA,45.0413813651671,-93.0930467299333,NA,NA,NA,NA,NA,NA,FALSE,FALSE
"Ramsey County Parks and Recreation","alexis.lipstein@co.ramsey.mn.us","62003900","2024-07-19","3","2025-02-13 11:40:21.88261","Unnamed hardworking surveyor(s)","12",NA,"22.97",NA,NA,NA,NA,NA,NA,NA,NA,NA,NA,NA,NA,NA,NA,NA,NA,NA,NA,NA,NA,NA,NA,NA,NA,NA,NA,NA,NA,NA,NA,45.0413877349745,-93.0924157889544,NA,NA,NA,NA,NA,NA,FALSE,FALSE
"Ramsey County Parks and Recreation","alexis.lipstein@co.ramsey.mn.us","62003900","2024-07-19","3","2025-02-13 11:40:21.88261","Unnamed hardworking surveyor(s)","13",NA,"31.5",NA,NA,NA,NA,NA,NA,NA,NA,NA,NA,NA,NA,NA,NA,NA,NA,NA,NA,NA,NA,NA,NA,NA,NA,NA,NA,NA,NA,NA,NA,45.0413877351708,-93.0917848592361,NA,NA,NA,NA,NA,NA,FALSE,FALSE
"Ramsey County Parks and Recreation","alexis.lipstein@co.ramsey.mn.us","62003900","2024-07-19","3","2025-02-13 11:40:21.88261","Unnamed hardworking surveyor(s)","14",NA,"33.79",NA,NA,NA,NA,NA,NA,NA,NA,NA,NA,NA,NA,NA,NA,NA,NA,NA,NA,NA,NA,NA,NA,NA,NA,NA,NA,NA,NA,NA,NA,45.0413877354904,-93.0911539193604,NA,NA,NA,NA,NA,NA,FALSE,FALSE
"Ramsey County Parks and Recreation","alexis.lipstein@co.ramsey.mn.us","62003900","2024-07-19","3","2025-02-13 11:40:21.88261","Unnamed hardworking surveyor(s)","15",NA,"27.56",NA,NA,NA,NA,NA,NA,NA,NA,NA,NA,NA,NA,NA,NA,NA,NA,NA,NA,NA,NA,NA,NA,NA,NA,NA,NA,NA,NA,NA,NA,45.0413877349644,-93.0905139696661,NA,NA,NA,NA,NA,NA,FALSE,FALSE
"Ramsey County Parks and Recreation","alexis.lipstein@co.ramsey.mn.us","62003900","2024-07-19","3","2025-02-13 11:40:21.88261","Unnamed hardworking surveyor(s)","16",NA,"20.34",NA,NA,NA,NA,NA,NA,NA,NA,NA,NA,NA,NA,NA,NA,NA,NA,NA,NA,NA,NA,NA,NA,NA,NA,NA,NA,NA,NA,NA,NA,45.0413877353535,-93.0898740199733,NA,NA,NA,NA,NA,NA,FALSE,FALSE
"Ramsey County Parks and Recreation","alexis.lipstein@co.ramsey.mn.us","62003900","2024-07-19","3","2025-02-13 11:40:21.88261","Unnamed hardworking surveyor(s)","17","1","6.56",NA,NA,NA,NA,"1",NA,NA,NA,"1","1",NA,NA,NA,NA,NA,NA,NA,NA,NA,NA,NA,NA,NA,NA,"1",NA,NA,NA,NA,NA,45.040935545387,-93.0892430805377,NA,NA,NA,NA,NA,NA,FALSE,FALSE
"Ramsey County Parks and Recreation","alexis.lipstein@co.ramsey.mn.us","62003900","2024-07-19","3","2025-02-13 11:40:21.88261","Unnamed hardworking surveyor(s)","18",NA,"23.95",NA,NA,NA,NA,NA,NA,NA,NA,NA,NA,NA,NA,NA,NA,NA,NA,NA,NA,NA,NA,NA,NA,NA,NA,NA,NA,NA,NA,NA,NA,45.0409355448216,-93.0898740205219,NA,NA,NA,NA,NA,NA,FALSE,FALSE
"Ramsey County Parks and Recreation","alexis.lipstein@co.ramsey.mn.us","62003900","2024-07-19","3","2025-02-13 11:40:21.88261","Unnamed hardworking surveyor(s)","19",NA,"33.79",NA,NA,NA,NA,NA,NA,NA,NA,NA,NA,NA,NA,NA,NA,NA,NA,NA,NA,NA,NA,NA,NA,NA,NA,NA,NA,NA,NA,NA,NA,45.0409355453327,-93.090513970254,NA,NA,NA,NA,NA,NA,FALSE,FALSE
"Ramsey County Parks and Recreation","alexis.lipstein@co.ramsey.mn.us","62003900","2024-07-19","3","2025-02-13 11:40:21.88261","Unnamed hardworking surveyor(s)","20",NA,"34.45",NA,NA,NA,NA,NA,NA,NA,NA,NA,NA,NA,NA,NA,NA,NA,NA,NA,NA,NA,NA,NA,NA,NA,NA,NA,NA,NA,NA,NA,NA,45.0409355449585,-93.0911539199847,NA,NA,NA,NA,NA,NA,FALSE,FALSE
"Ramsey County Parks and Recreation","alexis.lipstein@co.ramsey.mn.us","62003900","2024-07-19","3","2025-02-13 11:40:21.88261","Unnamed hardworking surveyor(s)","21",NA,"26.57",NA,NA,NA,NA,NA,NA,NA,NA,NA,NA,NA,NA,NA,NA,NA,NA,NA,NA,NA,NA,NA,NA,NA,NA,NA,NA,NA,NA,NA,NA,45.040935545539,-93.0917848599707,NA,NA,NA,NA,NA,NA,FALSE,FALSE
"Ramsey County Parks and Recreation","alexis.lipstein@co.ramsey.mn.us","62003900","2024-07-19","3","2025-02-13 11:40:21.88261","Unnamed hardworking surveyor(s)","22",NA,"13.45",NA,NA,NA,NA,NA,NA,NA,NA,NA,NA,NA,NA,NA,NA,NA,NA,NA,NA,NA,NA,NA,NA,NA,NA,NA,NA,NA,NA,NA,"1",45.0409355453426,-93.0924157897979,NA,NA,NA,NA,NA,NA,FALSE,FALSE
"Ramsey County Parks and Recreation","alexis.lipstein@co.ramsey.mn.us","62003900","2024-07-19","3","2025-02-13 11:40:21.88261","Unnamed hardworking surveyor(s)","23",NA,"16.4",NA,NA,NA,NA,NA,NA,NA,NA,NA,NA,NA,NA,NA,NA,NA,NA,NA,NA,NA,NA,NA,NA,NA,NA,NA,NA,NA,NA,NA,NA,45.0404833558722,-93.0917848594413,NA,NA,NA,NA,NA,NA,FALSE,FALSE
"Ramsey County Parks and Recreation","alexis.lipstein@co.ramsey.mn.us","62003900","2024-07-19","3","2025-02-13 11:40:21.88261","Unnamed hardworking surveyor(s)","24",NA,"26.25",NA,NA,NA,NA,NA,NA,NA,NA,NA,NA,NA,NA,NA,NA,NA,NA,NA,NA,NA,NA,NA,NA,NA,NA,NA,NA,NA,NA,NA,NA,45.0404833552908,-93.0911539206161,NA,NA,NA,NA,NA,NA,FALSE,FALSE
"Ramsey County Parks and Recreation","alexis.lipstein@co.ramsey.mn.us","62003900","2024-07-19","3","2025-02-13 11:40:21.88261","Unnamed hardworking surveyor(s)","25",NA,"36.42",NA,NA,NA,NA,NA,NA,NA,NA,NA,NA,NA,NA,NA,NA,NA,NA,NA,NA,NA,NA,NA,NA,NA,NA,NA,NA,NA,NA,NA,NA,45.0404833556661,-93.0905139695778,NA,NA,NA,NA,NA,NA,FALSE,FALSE
"Ramsey County Parks and Recreation","alexis.lipstein@co.ramsey.mn.us","62003900","2024-07-19","3","2025-02-13 11:40:21.88261","Unnamed hardworking surveyor(s)","26",NA,"31.5",NA,NA,NA,NA,NA,NA,NA,NA,NA,NA,NA,NA,NA,NA,NA,NA,NA,NA,NA,NA,NA,NA,NA,NA,NA,NA,NA,NA,NA,NA,45.040483355155,-93.0898740198078,NA,NA,NA,NA,NA,NA,FALSE,FALSE
"Ramsey County Parks and Recreation","alexis.lipstein@co.ramsey.mn.us","62003900","2024-07-19","3","2025-02-13 11:40:21.88261","Unnamed hardworking surveyor(s)","27",NA,"21.65",NA,NA,NA,NA,NA,NA,NA,NA,NA,NA,NA,NA,NA,NA,NA,NA,NA,NA,NA,NA,NA,NA,NA,NA,NA,NA,NA,NA,NA,NA,45.0404833557195,-93.0892430809844,NA,NA,NA,NA,NA,NA,FALSE,FALSE
"Ramsey County Parks and Recreation","alexis.lipstein@co.ramsey.mn.us","62003900","2024-07-19","3","2025-02-13 11:40:21.88261","Unnamed hardworking surveyor(s)","28","3","14.44",NA,NA,NA,NA,NA,NA,NA,NA,NA,NA,NA,NA,NA,NA,NA,NA,NA,NA,NA,NA,NA,NA,NA,NA,NA,NA,NA,NA,NA,NA,45.040483355492,-93.0886121510475,NA,NA,NA,NA,NA,NA,FALSE,FALSE
"Ramsey County Parks and Recreation","alexis.lipstein@co.ramsey.mn.us","62003900","2024-07-19","3","2025-02-13 11:40:21.88261","Unnamed hardworking surveyor(s)","29",NA,"18.04",NA,NA,NA,NA,NA,NA,NA,NA,NA,NA,NA,NA,NA,NA,NA,NA,NA,NA,NA,NA,NA,NA,NA,NA,NA,NA,NA,NA,NA,NA,45.0400375248532,-93.0882876706723,NA,NA,NA,NA,NA,NA,FALSE,FALSE
"Ramsey County Parks and Recreation","alexis.lipstein@co.ramsey.mn.us","62003900","2024-07-19","3","2025-02-13 11:40:21.88261","Unnamed hardworking surveyor(s)","30",NA,"26.25",NA,NA,NA,NA,NA,NA,NA,NA,NA,NA,NA,NA,NA,NA,NA,NA,NA,NA,NA,NA,NA,NA,NA,NA,NA,NA,NA,NA,NA,NA,45.0400375252513,-93.088927620551,NA,NA,NA,NA,NA,NA,FALSE,FALSE
"Ramsey County Parks and Recreation","alexis.lipstein@co.ramsey.mn.us","62003900","2024-07-19","3","2025-02-13 11:40:21.88261","Unnamed hardworking surveyor(s)","31",NA,"32.81",NA,NA,NA,NA,NA,NA,NA,NA,NA,NA,NA,NA,NA,NA,NA,NA,NA,NA,NA,NA,NA,NA,NA,NA,NA,NA,NA,NA,NA,NA,45.0400375255362,-93.0895585506669,NA,NA,NA,NA,NA,NA,FALSE,FALSE
"Ramsey County Parks and Recreation","alexis.lipstein@co.ramsey.mn.us","62003900","2024-07-19","3","2025-02-13 11:40:21.88261","Unnamed hardworking surveyor(s)","32",NA,"34.78",NA,NA,NA,NA,NA,NA,NA,NA,NA,NA,NA,NA,NA,NA,NA,NA,NA,NA,NA,NA,NA,NA,NA,NA,NA,NA,NA,NA,NA,NA,45.0400375251144,-93.0901985005443,NA,NA,NA,NA,NA,NA,FALSE,FALSE
"Ramsey County Parks and Recreation","alexis.lipstein@co.ramsey.mn.us","62003900","2024-07-19","3","2025-02-13 11:40:21.88261","Unnamed hardworking surveyor(s)","33",NA,"25.59",NA,NA,NA,NA,NA,NA,NA,NA,NA,NA,NA,NA,NA,NA,NA,NA,NA,NA,NA,NA,NA,NA,NA,NA,NA,NA,NA,NA,NA,NA,45.0400375255728,-93.0908294395481,NA,NA,NA,NA,NA,NA,FALSE,FALSE
"Ramsey County Parks and Recreation","alexis.lipstein@co.ramsey.mn.us","62003900","2024-07-19","3","2025-02-13 11:40:21.88261","Unnamed hardworking surveyor(s)","34",NA,"15.75",NA,NA,NA,NA,NA,NA,NA,NA,NA,NA,NA,NA,NA,NA,NA,NA,NA,NA,NA,NA,NA,NA,NA,NA,NA,NA,NA,NA,NA,NA,45.0400375252533,-93.0914603696629,NA,NA,NA,NA,NA,NA,FALSE,FALSE
"Ramsey County Parks and Recreation","alexis.lipstein@co.ramsey.mn.us","62003900","2024-07-19","3","2025-02-13 11:40:21.88261","Unnamed hardworking surveyor(s)","35",NA,"13.12",NA,NA,NA,NA,NA,NA,NA,NA,NA,NA,NA,NA,NA,NA,NA,NA,NA,NA,NA,NA,NA,NA,NA,NA,NA,NA,NA,NA,NA,NA,45.0395853257539,-93.0911449097472,NA,NA,NA,NA,NA,NA,FALSE,FALSE
"Ramsey County Parks and Recreation","alexis.lipstein@co.ramsey.mn.us","62003900","2024-07-19","3","2025-02-13 11:40:21.88261","Unnamed hardworking surveyor(s)","36",NA,"21.65",NA,NA,NA,NA,NA,NA,NA,NA,NA,NA,NA,NA,NA,NA,NA,NA,NA,NA,NA,NA,NA,NA,NA,NA,NA,NA,NA,NA,NA,NA,45.039585325238,-93.0905139706345,NA,NA,NA,NA,NA,NA,FALSE,FALSE
"Ramsey County Parks and Recreation","alexis.lipstein@co.ramsey.mn.us","62003900","2024-07-19","3","2025-02-13 11:40:21.88261","Unnamed hardworking surveyor(s)","37",NA,"26.9",NA,NA,NA,NA,NA,NA,NA,NA,NA,NA,NA,NA,NA,NA,NA,NA,NA,NA,NA,NA,NA,NA,NA,NA,NA,NA,NA,NA,NA,NA,45.0395853256272,-93.0898740207191,NA,NA,NA,NA,NA,NA,FALSE,FALSE
"Ramsey County Parks and Recreation","alexis.lipstein@co.ramsey.mn.us","62003900","2024-07-19","3","2025-02-13 11:40:21.88261","Unnamed hardworking surveyor(s)","38",NA,"29.2",NA,NA,NA,NA,NA,NA,NA,NA,NA,NA,NA,NA,NA,NA,NA,NA,NA,NA,NA,NA,NA,NA,NA,NA,NA,NA,NA,NA,NA,NA,45.0395853252928,-93.089243080337,NA,NA,NA,NA,NA,NA,FALSE,FALSE
"Ramsey County Parks and Recreation","alexis.lipstein@co.ramsey.mn.us","62003900","2024-07-19","3","2025-02-13 11:40:21.88261","Unnamed hardworking surveyor(s)","39",NA,"28.22",NA,NA,NA,NA,NA,NA,NA,NA,NA,NA,NA,NA,NA,NA,NA,NA,NA,NA,NA,NA,NA,NA,NA,NA,NA,NA,NA,NA,NA,NA,45.0395853250646,-93.088612151382,NA,NA,NA,NA,NA,NA,FALSE,FALSE
"Ramsey County Parks and Recreation","alexis.lipstein@co.ramsey.mn.us","62003900","2024-07-19","3","2025-02-13 11:40:21.88261","Unnamed hardworking surveyor(s)","40",NA,"20.01",NA,NA,NA,NA,NA,NA,NA,NA,NA,NA,NA,NA,NA,NA,NA,NA,NA,NA,NA,NA,NA,NA,NA,NA,NA,NA,NA,NA,NA,NA,45.0395853255993,-93.0879722014669,NA,NA,NA,NA,NA,NA,FALSE,FALSE
"Ramsey County Parks and Recreation","alexis.lipstein@co.ramsey.mn.us","62003900","2024-07-19","3","2025-02-13 11:40:21.88261","Unnamed hardworking surveyor(s)","41","1","13.12",NA,NA,NA,NA,NA,NA,NA,NA,NA,NA,NA,NA,NA,NA,NA,NA,NA,NA,NA,NA,NA,NA,NA,NA,NA,NA,NA,NA,NA,NA,45.0395916949684,-93.0873322510829,NA,NA,NA,NA,NA,NA,FALSE,FALSE
"Ramsey County Parks and Recreation","alexis.lipstein@co.ramsey.mn.us","62003900","2024-07-19","3","2025-02-13 11:40:21.88261","Unnamed hardworking surveyor(s)","42","2","3.94",NA,NA,NA,"1","1",NA,NA,NA,NA,NA,NA,NA,NA,NA,NA,NA,"2",NA,NA,NA,NA,NA,NA,NA,NA,NA,NA,NA,NA,NA,45.0391394957406,-93.0870167817011,NA,NA,NA,NA,NA,NA,FALSE,FALSE
"Ramsey County Parks and Recreation","alexis.lipstein@co.ramsey.mn.us","62003900","2024-07-19","3","2025-02-13 11:40:21.88261","Unnamed hardworking surveyor(s)","43",NA,"17.06",NA,NA,NA,NA,NA,NA,NA,NA,NA,NA,NA,NA,NA,NA,NA,NA,NA,NA,NA,NA,NA,NA,NA,NA,NA,NA,NA,NA,NA,NA,45.0391394951583,-93.0876567317251,NA,NA,NA,NA,NA,NA,FALSE,FALSE
"Ramsey County Parks and Recreation","alexis.lipstein@co.ramsey.mn.us","62003900","2024-07-19","3","2025-02-13 11:40:21.88261","Unnamed hardworking surveyor(s)","44",NA,"20.01",NA,NA,NA,NA,NA,NA,NA,NA,NA,NA,NA,NA,NA,NA,NA,NA,NA,NA,NA,NA,NA,NA,NA,NA,NA,NA,NA,NA,NA,NA,45.0391331255355,-93.0882876713777,NA,NA,NA,NA,NA,NA,FALSE,FALSE
"Ramsey County Parks and Recreation","alexis.lipstein@co.ramsey.mn.us","62003900","2024-07-19","3","2025-02-13 11:40:21.88261","Unnamed hardworking surveyor(s)","45",NA,"17.06",NA,NA,NA,NA,NA,NA,NA,NA,NA,NA,NA,NA,NA,NA,NA,NA,NA,NA,NA,NA,NA,NA,NA,NA,NA,NA,NA,NA,NA,NA,45.0391331250333,-93.0889276213308,NA,NA,NA,NA,NA,NA,FALSE,FALSE
"Ramsey County Parks and Recreation","alexis.lipstein@co.ramsey.mn.us","62003900","2024-07-19","3","2025-02-13 11:40:21.88261","Unnamed hardworking surveyor(s)","46","2","6.23",NA,NA,NA,"1",NA,NA,NA,NA,"1","1",NA,NA,NA,NA,NA,NA,"1",NA,NA,NA,NA,NA,NA,NA,NA,"1",NA,NA,NA,NA,45.039133125319,-93.0895585503948,NA,NA,NA,NA,NA,NA,FALSE,FALSE
"Ramsey County Parks and Recreation","alexis.lipstein@co.ramsey.mn.us","62003900","2024-07-19","3","2025-02-13 11:40:21.88261","Unnamed hardworking surveyor(s)","47",NA,"3.28",NA,NA,NA,"1","1",NA,"1",NA,"1","1",NA,NA,NA,NA,NA,NA,"1",NA,NA,NA,NA,NA,NA,NA,NA,"1",NA,NA,NA,NA,45.039133125711,-93.0901894908859,NA,NA,NA,NA,NA,NA,FALSE,FALSE
"Ramsey County Parks and Recreation","alexis.lipstein@co.ramsey.mn.us","62003900","2024-07-19","3","2025-02-13 11:40:21.88261","Unnamed hardworking surveyor(s)","48","1","3.28",NA,NA,NA,"1","2",NA,NA,NA,"1",NA,NA,NA,NA,NA,NA,NA,NA,NA,NA,NA,NA,NA,NA,NA,NA,"1",NA,NA,NA,NA,45.0386872951849,-93.0886031410762,NA,NA,NA,NA,NA,NA,FALSE,FALSE
"Ramsey County Parks and Recreation","alexis.lipstein@co.ramsey.mn.us","62003900","2024-07-19","3","2025-02-13 11:40:21.88261","Unnamed hardworking surveyor(s)","49","1","1.97",NA,NA,NA,"1","2",NA,NA,NA,"1",NA,NA,NA,NA,NA,NA,NA,"1",NA,NA,NA,NA,NA,NA,NA,NA,"1",NA,NA,NA,NA,45.0386872950301,-93.0879722016762,NA,NA,NA,NA,NA,NA,FALSE,FALSE
"Ramsey County Parks and Recreation","alexis.lipstein@co.ramsey.mn.us","62003900","2024-07-19","3","2025-02-13 11:40:21.88261","Unnamed hardworking surveyor(s)","50","1","3.61",NA,"1",NA,"1","2",NA,NA,NA,"1",NA,NA,NA,NA,NA,NA,NA,NA,"1",NA,NA,NA,NA,NA,NA,NA,NA,NA,NA,NA,NA,45.0386872955798,-93.0873322516142,NA,NA,NA,NA,NA,NA,FALSE,FALSE
"Ramsey County Parks and Recreation","alexis.lipstein@co.ramsey.mn.us","62003900","2024-07-19","3","2025-02-13 11:40:21.88261","Unnamed hardworking surveyor(s)","51","1","4.59",NA,NA,NA,NA,"2",NA,NA,NA,"1","1",NA,NA,NA,NA,NA,NA,NA,NA,NA,NA,NA,NA,NA,NA,NA,"1",NA,NA,NA,NA,45.0400375256559,-93.0876567316705,NA,NA,NA,NA,NA,NA,FALSE,FALSE
"Ramsey County Parks and Recreation","alexis.lipstein@co.ramsey.mn.us","62001200","2024-06-19","3","2025-02-13 11:51:17.669522","Unnamed hardworking surveyor(s)","1","1","2.95",NA,NA,NA,"1",NA,NA,NA,NA,NA,NA,NA,NA,NA,NA,NA,NA,NA,NA,NA,NA,NA,"1",NA,NA,NA,NA,NA,NA,NA,NA,44.9952096100001,-93.06016464,NA,NA,NA,NA,NA,NA,FALSE,FALSE
"Ramsey County Parks and Recreation","alexis.lipstein@co.ramsey.mn.us","62001200","2024-06-19","3","2025-02-13 11:51:17.669522","Unnamed hardworking surveyor(s)","2","1","2.3",NA,NA,NA,"1",NA,NA,NA,NA,"1",NA,NA,NA,NA,NA,NA,NA,NA,NA,NA,NA,NA,"1",NA,NA,NA,NA,"1",NA,NA,NA,44.99491641,-93.06008352,NA,NA,NA,NA,NA,NA,FALSE,FALSE
"Ramsey County Parks and Recreation","alexis.lipstein@co.ramsey.mn.us","62001200","2024-06-19","3","2025-02-13 11:51:17.669522","Unnamed hardworking surveyor(s)","3","1","1.31",NA,"1",NA,NA,NA,NA,NA,NA,"1","1",NA,NA,NA,NA,NA,NA,NA,NA,NA,NA,NA,"1","2",NA,NA,NA,NA,NA,NA,NA,44.9947124400001,-93.05996635,NA,NA,NA,NA,NA,NA,FALSE,FALSE
"Ramsey County Parks and Recreation","alexis.lipstein@co.ramsey.mn.us","62001200","2024-06-19","3","2025-02-13 11:51:17.669522","Unnamed hardworking surveyor(s)","4","1","1.64",NA,NA,NA,"1","3",NA,NA,NA,NA,NA,NA,NA,NA,NA,NA,NA,NA,NA,NA,NA,NA,"1",NA,NA,NA,NA,NA,NA,"1",NA,44.99490366,-93.06041701,NA,NA,NA,NA,NA,NA,FALSE,FALSE
"Ramsey County Parks and Recreation","alexis.lipstein@co.ramsey.mn.us","62001200","2024-06-19","3","2025-02-13 11:51:17.669522","Unnamed hardworking surveyor(s)","5","3","3.61",NA,NA,NA,NA,"1",NA,NA,NA,"1",NA,NA,NA,NA,NA,NA,NA,NA,NA,NA,NA,NA,"1",NA,NA,NA,NA,NA,NA,NA,NA,44.9946487,-93.0604530699999,NA,NA,NA,NA,NA,NA,FALSE,FALSE
"Ramsey County Parks and Recreation","alexis.lipstein@co.ramsey.mn.us","62001200","2024-06-19","3","2025-02-13 11:51:17.669522","Unnamed hardworking surveyor(s)","6","1","1.64",NA,NA,NA,"1","1",NA,NA,NA,NA,NA,NA,NA,NA,NA,NA,NA,NA,"2",NA,NA,NA,"1",NA,NA,NA,NA,NA,NA,NA,NA,44.99434912,-93.0604079999999,NA,NA,NA,NA,NA,NA,FALSE,FALSE
"Ramsey County Parks and Recreation","alexis.lipstein@co.ramsey.mn.us","62001200","2024-06-19","3","2025-02-13 11:51:17.669522","Unnamed hardworking surveyor(s)","7","1","2.3",NA,NA,NA,"1","2",NA,NA,NA,NA,NA,NA,NA,NA,NA,NA,NA,NA,"3",NA,NA,NA,"1",NA,NA,NA,NA,NA,NA,"1",NA,44.99408778,-93.0604530699999,NA,NA,NA,NA,NA,NA,FALSE,FALSE
"Ramsey County Parks and Recreation","alexis.lipstein@co.ramsey.mn.us","62001200","2024-06-19","3","2025-02-13 11:51:17.669522","Unnamed hardworking surveyor(s)","8","2","2.62",NA,NA,NA,NA,"1",NA,NA,NA,NA,NA,NA,NA,NA,NA,NA,NA,NA,"3",NA,NA,NA,"2",NA,NA,NA,NA,NA,NA,NA,NA,44.99382007,-93.06047109,NA,NA,NA,NA,NA,NA,FALSE,FALSE
"Ramsey County Parks and Recreation","alexis.lipstein@co.ramsey.mn.us","62001200","2024-06-19","3","2025-02-13 11:51:17.669522","Unnamed hardworking surveyor(s)","9","3","1.64",NA,NA,NA,"1",NA,NA,NA,NA,NA,NA,NA,NA,NA,NA,NA,NA,NA,"1",NA,NA,NA,"2",NA,NA,NA,NA,NA,NA,NA,NA,44.9935651100001,-93.06043504,NA,NA,NA,NA,NA,NA,FALSE,FALSE
"Ramsey County Parks and Recreation","alexis.lipstein@co.ramsey.mn.us","62001200","2024-06-19","3","2025-02-13 11:51:17.669522","Unnamed hardworking surveyor(s)","10","2","1.31","1",NA,NA,"1",NA,NA,NA,NA,NA,NA,NA,NA,NA,"1",NA,NA,NA,"2",NA,NA,NA,"1",NA,NA,NA,NA,NA,NA,NA,NA,44.99305517,-93.06084064,NA,NA,NA,NA,NA,NA,FALSE,FALSE
"Ramsey County Parks and Recreation","alexis.lipstein@co.ramsey.mn.us","62001200","2024-06-19","3","2025-02-13 11:51:17.669522","Unnamed hardworking surveyor(s)","11","3","3.94",NA,NA,NA,"1","1",NA,NA,NA,NA,NA,NA,NA,NA,"1",NA,NA,NA,"2",NA,NA,NA,"1",NA,NA,NA,NA,NA,NA,NA,NA,44.9932973900001,-93.06085867,NA,NA,NA,NA,NA,NA,FALSE,FALSE
"Ramsey County Parks and Recreation","alexis.lipstein@co.ramsey.mn.us","62001200","2024-06-19","3","2025-02-13 11:51:17.669522","Unnamed hardworking surveyor(s)","12","2","4.92",NA,NA,NA,"1","1",NA,NA,NA,NA,NA,NA,NA,NA,NA,NA,NA,NA,"2",NA,NA,NA,"1",NA,NA,NA,NA,NA,NA,NA,NA,44.9935523600001,-93.06084966,NA,NA,NA,NA,NA,NA,FALSE,FALSE
"Ramsey County Parks and Recreation","alexis.lipstein@co.ramsey.mn.us","62001200","2024-06-19","3","2025-02-13 11:51:17.669522","Unnamed hardworking surveyor(s)","13","1","4.92",NA,NA,NA,"1","1",NA,NA,NA,NA,NA,NA,NA,NA,NA,NA,NA,NA,"3",NA,NA,NA,"1",NA,NA,NA,NA,NA,NA,NA,NA,44.99380732,-93.0608136,NA,NA,NA,NA,NA,NA,FALSE,FALSE
"Ramsey County Parks and Recreation","alexis.lipstein@co.ramsey.mn.us","62001200","2024-06-19","3","2025-02-13 11:51:17.669522","Unnamed hardworking surveyor(s)","14","2","3.28",NA,NA,NA,"1","1",NA,NA,NA,NA,NA,NA,NA,NA,NA,NA,NA,NA,"2",NA,NA,NA,"1",NA,NA,NA,NA,NA,NA,NA,NA,44.99410053,-93.0608136,NA,NA,NA,NA,NA,NA,FALSE,FALSE
"Ramsey County Parks and Recreation","alexis.lipstein@co.ramsey.mn.us","62001200","2024-06-19","3","2025-02-13 11:51:17.669522","Unnamed hardworking surveyor(s)","15","2","2.95",NA,NA,NA,"1","1",NA,NA,NA,NA,NA,NA,NA,NA,NA,NA,NA,NA,"1",NA,NA,NA,"1",NA,NA,NA,NA,NA,NA,NA,NA,44.9943873600001,-93.06079558,NA,NA,NA,NA,NA,NA,FALSE,FALSE
"Ramsey County Parks and Recreation","alexis.lipstein@co.ramsey.mn.us","62001200","2024-06-19","3","2025-02-13 11:51:17.669522","Unnamed hardworking surveyor(s)","16","3","2.62",NA,NA,NA,"1","1",NA,NA,NA,NA,NA,NA,NA,NA,NA,NA,NA,NA,"1",NA,NA,NA,"1",NA,NA,NA,NA,NA,NA,NA,NA,44.99462958,-93.0608316299999,NA,NA,NA,NA,NA,NA,FALSE,FALSE
"Ramsey County Parks and Recreation","alexis.lipstein@co.ramsey.mn.us","62001200","2024-06-19","3","2025-02-13 11:51:17.669522","Unnamed hardworking surveyor(s)","17","2","2.95",NA,NA,NA,"2",NA,NA,NA,NA,NA,NA,NA,NA,NA,NA,NA,NA,NA,"1",NA,NA,NA,"1","1",NA,NA,NA,NA,NA,NA,NA,44.9946487,-93.06111104,NA,NA,NA,NA,NA,NA,FALSE,FALSE
"Ramsey County Parks and Recreation","alexis.lipstein@co.ramsey.mn.us","62001200","2024-06-19","3","2025-02-13 11:51:17.669522","Unnamed hardworking surveyor(s)","18","3","4.92",NA,NA,NA,"1",NA,NA,NA,NA,NA,NA,NA,NA,NA,NA,NA,NA,NA,"1",NA,NA,NA,NA,NA,NA,NA,NA,NA,NA,NA,NA,44.99437462,-93.06119216,NA,NA,NA,NA,NA,NA,FALSE,FALSE
"Ramsey County Parks and Recreation","alexis.lipstein@co.ramsey.mn.us","62001200","2024-06-19","3","2025-02-13 11:51:17.669522","Unnamed hardworking surveyor(s)","19","3","4.59",NA,NA,NA,"1",NA,NA,NA,NA,NA,NA,NA,NA,NA,NA,NA,NA,NA,"1",NA,NA,NA,NA,NA,NA,NA,NA,NA,NA,NA,NA,44.99408778,-93.06117414,NA,NA,NA,NA,NA,NA,FALSE,FALSE
"Ramsey County Parks and Recreation","alexis.lipstein@co.ramsey.mn.us","62001200","2024-06-19","3","2025-02-13 11:51:17.669522","Unnamed hardworking surveyor(s)","20","3","3.61",NA,NA,NA,"1",NA,NA,NA,NA,NA,NA,NA,NA,NA,NA,NA,NA,NA,"2",NA,NA,NA,"1",NA,NA,NA,NA,NA,NA,"1",NA,44.99380732,-93.0612101899999,NA,NA,NA,NA,NA,NA,FALSE,FALSE
"Ramsey County Parks and Recreation","alexis.lipstein@co.ramsey.mn.us","62001200","2024-06-19","3","2025-02-13 11:51:17.669522","Unnamed hardworking surveyor(s)","21","3","3.94","v",NA,NA,"1",NA,NA,NA,NA,NA,NA,NA,NA,NA,NA,NA,NA,NA,"1",NA,NA,NA,NA,NA,NA,NA,NA,NA,NA,NA,NA,44.9935587300001,-93.06119216,NA,NA,NA,NA,NA,NA,FALSE,FALSE
"Ramsey County Parks and Recreation","alexis.lipstein@co.ramsey.mn.us","62001200","2024-06-19","3","2025-02-13 11:51:17.669522","Unnamed hardworking surveyor(s)","22","3","4.92",NA,NA,NA,NA,"1",NA,NA,NA,NA,NA,NA,NA,NA,NA,NA,NA,NA,"1",NA,NA,NA,NA,NA,NA,NA,NA,NA,NA,NA,NA,44.9932910200001,-93.06120118,NA,NA,NA,NA,NA,NA,FALSE,FALSE
"Ramsey County Parks and Recreation","alexis.lipstein@co.ramsey.mn.us","62001200","2024-06-19","3","2025-02-13 11:51:17.669522","Unnamed hardworking surveyor(s)","23","3","3.61",NA,NA,"v","1",NA,"v",NA,NA,NA,NA,NA,NA,NA,NA,NA,NA,NA,"1",NA,NA,"v","1",NA,NA,NA,NA,NA,NA,NA,NA,44.9930105500001,-93.06118315,NA,NA,NA,NA,NA,NA,FALSE,FALSE
"Ramsey County Parks and Recreation","alexis.lipstein@co.ramsey.mn.us","62001200","2024-06-19","3","2025-02-13 11:51:17.669522","Unnamed hardworking surveyor(s)","24","1","2.3",NA,NA,NA,"1","1",NA,NA,NA,NA,NA,NA,NA,NA,"1",NA,NA,NA,"1",NA,NA,NA,"1",NA,NA,NA,NA,NA,NA,"1",NA,44.99279383,-93.06159777,NA,NA,NA,NA,NA,NA,FALSE,FALSE
"Ramsey County Parks and Recreation","alexis.lipstein@co.ramsey.mn.us","62001200","2024-06-19","3","2025-02-13 11:51:17.669522","Unnamed hardworking surveyor(s)","25","3","3.28",NA,NA,NA,"1","1",NA,NA,NA,NA,NA,NA,NA,NA,NA,NA,NA,NA,"2",NA,NA,NA,"1",NA,NA,NA,NA,NA,NA,NA,NA,44.9930105500001,-93.06159777,NA,NA,NA,NA,NA,NA,FALSE,FALSE
"Ramsey County Parks and Recreation","alexis.lipstein@co.ramsey.mn.us","62001200","2024-06-19","3","2025-02-13 11:51:17.669522","Unnamed hardworking surveyor(s)","26","3","3.61",NA,NA,NA,NA,NA,NA,NA,NA,NA,NA,NA,NA,NA,NA,NA,NA,NA,"1",NA,NA,NA,NA,NA,NA,NA,NA,NA,NA,NA,NA,44.9932973900001,-93.06157974,NA,NA,NA,NA,NA,NA,FALSE,FALSE
"Ramsey County Parks and Recreation","alexis.lipstein@co.ramsey.mn.us","62001200","2024-06-19","3","2025-02-13 11:51:17.669522","Unnamed hardworking surveyor(s)","27","3","3.94",NA,NA,NA,"1",NA,NA,NA,NA,NA,NA,NA,NA,NA,NA,NA,NA,NA,"1",NA,NA,NA,NA,NA,NA,NA,NA,NA,NA,NA,NA,44.9935778600001,-93.06160678,NA,NA,NA,NA,NA,NA,FALSE,FALSE
"Ramsey County Parks and Recreation","alexis.lipstein@co.ramsey.mn.us","62001200","2024-06-19","3","2025-02-13 11:51:17.669522","Unnamed hardworking surveyor(s)","28","1","3.94",NA,NA,NA,NA,NA,NA,NA,NA,NA,NA,NA,NA,NA,NA,NA,NA,NA,"1",NA,NA,NA,NA,NA,NA,NA,NA,NA,NA,NA,NA,44.9938455700001,-93.0615887499999,NA,NA,NA,NA,NA,NA,FALSE,FALSE
"Ramsey County Parks and Recreation","alexis.lipstein@co.ramsey.mn.us","62001200","2024-06-19","3","2025-02-13 11:51:17.669522","Unnamed hardworking surveyor(s)","29","3","3.28",NA,NA,NA,NA,NA,NA,NA,NA,NA,NA,NA,NA,NA,NA,NA,NA,NA,"1",NA,NA,NA,NA,NA,NA,NA,NA,NA,NA,NA,NA,44.99410053,-93.0615887499999,NA,NA,NA,NA,NA,NA,FALSE,FALSE
"Ramsey County Parks and Recreation","alexis.lipstein@co.ramsey.mn.us","62001200","2024-06-19","3","2025-02-13 11:51:17.669522","Unnamed hardworking surveyor(s)","30","2","4.59",NA,NA,NA,"1","1",NA,NA,NA,NA,NA,NA,NA,NA,NA,NA,NA,NA,"2",NA,NA,NA,"1",NA,NA,NA,NA,NA,NA,NA,NA,44.9943937400001,-93.06157974,NA,NA,NA,NA,NA,NA,FALSE,FALSE
"Ramsey County Parks and Recreation","alexis.lipstein@co.ramsey.mn.us","62001200","2024-06-19","3","2025-02-13 11:51:17.669522","Unnamed hardworking surveyor(s)","31","3","2.95","1",NA,NA,"1","2",NA,NA,NA,NA,NA,NA,NA,NA,NA,NA,NA,NA,"2",NA,NA,NA,"1",NA,NA,NA,NA,NA,NA,NA,NA,44.9946487,-93.0615887499999,NA,NA,NA,NA,NA,NA,FALSE,FALSE
"Ramsey County Parks and Recreation","alexis.lipstein@co.ramsey.mn.us","62001200","2024-06-19","3","2025-02-13 11:51:17.669522","Unnamed hardworking surveyor(s)","32","3","2.3",NA,"1",NA,"1",NA,NA,NA,NA,"1",NA,NA,NA,NA,NA,NA,NA,NA,"1",NA,NA,NA,"1",NA,NA,NA,NA,NA,NA,"1",NA,44.99491641,-93.06162481,NA,NA,NA,NA,NA,NA,FALSE,FALSE
"Ramsey County Parks and Recreation","alexis.lipstein@co.ramsey.mn.us","62001200","2024-06-19","3","2025-02-13 11:51:17.669522","Unnamed hardworking surveyor(s)","33","1","2.3",NA,NA,NA,"1",NA,NA,NA,NA,NA,NA,NA,NA,NA,NA,NA,NA,NA,"1",NA,NA,NA,"2",NA,NA,NA,NA,NA,NA,"1",NA,44.9950693800001,-93.0619673099999,NA,NA,NA,NA,NA,NA,FALSE,FALSE
"Ramsey County Parks and Recreation","alexis.lipstein@co.ramsey.mn.us","62001200","2024-06-19","3","2025-02-13 11:51:17.669522","Unnamed hardworking surveyor(s)","34","1","2.3",NA,NA,NA,"1","2",NA,NA,NA,NA,NA,NA,NA,NA,NA,NA,NA,NA,"1",NA,NA,NA,"1",NA,NA,NA,NA,NA,NA,"1",NA,44.99491003,-93.06198534,NA,NA,NA,NA,NA,NA,FALSE,FALSE
"Ramsey County Parks and Recreation","alexis.lipstein@co.ramsey.mn.us","62001200","2024-06-19","3","2025-02-13 11:51:17.669522","Unnamed hardworking surveyor(s)","35","3","3.94",NA,NA,NA,"1",NA,NA,NA,NA,NA,NA,NA,NA,NA,NA,NA,NA,NA,"1",NA,NA,NA,NA,"v",NA,NA,NA,NA,NA,NA,NA,44.99463595,-93.06198534,NA,NA,NA,NA,NA,NA,FALSE,FALSE
"Ramsey County Parks and Recreation","alexis.lipstein@co.ramsey.mn.us","62001200","2024-06-19","3","2025-02-13 11:51:17.669522","Unnamed hardworking surveyor(s)","36","2","6.23",NA,NA,NA,NA,NA,NA,NA,NA,NA,NA,NA,NA,NA,NA,NA,NA,NA,"1",NA,NA,NA,NA,NA,NA,NA,NA,NA,NA,NA,NA,44.99436824,-93.0619763299999,NA,NA,NA,NA,NA,NA,FALSE,FALSE
"Ramsey County Parks and Recreation","alexis.lipstein@co.ramsey.mn.us","62001200","2024-06-19","3","2025-02-13 11:51:17.669522","Unnamed hardworking surveyor(s)","37","3","4.92",NA,NA,NA,NA,NA,NA,NA,NA,NA,NA,NA,NA,NA,NA,NA,NA,NA,"1",NA,NA,NA,NA,NA,NA,NA,NA,NA,NA,NA,NA,44.9941132800001,-93.06199435,NA,NA,NA,NA,NA,NA,FALSE,FALSE
"Ramsey County Parks and Recreation","alexis.lipstein@co.ramsey.mn.us","62001200","2024-06-19","3","2025-02-13 11:51:17.669522","Unnamed hardworking surveyor(s)","38",NA,"13.78",NA,NA,NA,NA,NA,NA,NA,NA,NA,NA,NA,NA,NA,NA,NA,NA,NA,NA,NA,NA,NA,NA,NA,NA,NA,NA,NA,NA,NA,NA,44.9938391900001,-93.06198534,NA,NA,NA,NA,NA,NA,FALSE,FALSE
"Ramsey County Parks and Recreation","alexis.lipstein@co.ramsey.mn.us","62001200","2024-06-19","3","2025-02-13 11:51:17.669522","Unnamed hardworking surveyor(s)","39","1","5.58",NA,NA,NA,NA,NA,NA,NA,NA,NA,NA,NA,NA,NA,NA,NA,NA,NA,NA,NA,NA,NA,NA,NA,NA,NA,NA,NA,NA,NA,NA,44.9935651100001,-93.0619583,NA,NA,NA,NA,NA,NA,FALSE,FALSE
"Ramsey County Parks and Recreation","alexis.lipstein@co.ramsey.mn.us","62001200","2024-06-19","3","2025-02-13 11:51:17.669522","Unnamed hardworking surveyor(s)","40","3","4.92",NA,NA,NA,NA,NA,NA,NA,NA,NA,NA,NA,NA,NA,NA,NA,NA,NA,"1",NA,NA,NA,NA,NA,NA,NA,NA,NA,NA,NA,NA,44.9932782700001,-93.06198534,NA,NA,NA,NA,NA,NA,FALSE,FALSE
"Ramsey County Parks and Recreation","alexis.lipstein@co.ramsey.mn.us","62001200","2024-06-19","3","2025-02-13 11:51:17.669522","Unnamed hardworking surveyor(s)","41","1","4.27",NA,NA,NA,"1","2",NA,NA,NA,NA,NA,NA,NA,NA,NA,NA,NA,NA,"2",NA,NA,NA,"2",NA,NA,NA,NA,NA,NA,"1",NA,44.9930041800001,-93.0619763299999,NA,NA,NA,NA,NA,NA,FALSE,FALSE
"Ramsey County Parks and Recreation","alexis.lipstein@co.ramsey.mn.us","62001200","2024-06-19","3","2025-02-13 11:51:17.669522","Unnamed hardworking surveyor(s)","42","1","3.61",NA,"1",NA,"1","2",NA,NA,NA,NA,NA,NA,NA,NA,"1",NA,NA,NA,"1",NA,NA,NA,"2","1",NA,NA,NA,NA,NA,"1",NA,44.9927555900001,-93.0619583,NA,NA,NA,NA,NA,NA,FALSE,FALSE
"Ramsey County Parks and Recreation","alexis.lipstein@co.ramsey.mn.us","62001200","2024-06-19","3","2025-02-13 11:51:17.669522","Unnamed hardworking surveyor(s)","43","3","2.3",NA,NA,NA,"1","1",NA,NA,NA,NA,"v",NA,NA,NA,"1",NA,NA,NA,"2",NA,NA,NA,"1",NA,NA,NA,NA,NA,NA,"1",NA,44.9927492100001,-93.06238193,"v",NA,NA,NA,NA,NA,FALSE,FALSE
"Ramsey County Parks and Recreation","alexis.lipstein@co.ramsey.mn.us","62001200","2024-06-19","3","2025-02-13 11:51:17.669522","Unnamed hardworking surveyor(s)","44","1","3.94","1",NA,NA,"1","3",NA,NA,NA,NA,NA,NA,NA,NA,NA,NA,NA,NA,"3",NA,NA,NA,"2",NA,NA,NA,NA,NA,NA,NA,NA,44.9930296800001,-93.0623639,NA,NA,NA,NA,NA,NA,FALSE,FALSE
"Ramsey County Parks and Recreation","alexis.lipstein@co.ramsey.mn.us","62001200","2024-06-19","3","2025-02-13 11:51:17.669522","Unnamed hardworking surveyor(s)","45","2","3.94","1",NA,NA,NA,NA,NA,NA,NA,NA,NA,NA,NA,NA,NA,NA,NA,NA,NA,NA,NA,NA,NA,NA,NA,NA,NA,NA,NA,NA,NA,44.9932910200001,-93.06233686,NA,NA,NA,NA,NA,NA,FALSE,FALSE
"Ramsey County Parks and Recreation","alexis.lipstein@co.ramsey.mn.us","62001200","2024-06-19","3","2025-02-13 11:51:17.669522","Unnamed hardworking surveyor(s)","46",NA,"16.4",NA,NA,NA,NA,NA,NA,NA,NA,NA,NA,NA,NA,NA,NA,NA,NA,NA,NA,NA,NA,NA,NA,NA,NA,NA,NA,NA,NA,NA,NA,44.9935651100001,-93.06234588,NA,NA,NA,NA,NA,NA,FALSE,FALSE
"Ramsey County Parks and Recreation","alexis.lipstein@co.ramsey.mn.us","62001200","2024-06-19","3","2025-02-13 11:51:17.669522","Unnamed hardworking surveyor(s)","47",NA,"16.4",NA,NA,NA,NA,NA,NA,NA,NA,NA,NA,NA,NA,NA,NA,NA,NA,NA,NA,NA,NA,NA,NA,NA,NA,NA,NA,NA,NA,NA,NA,44.9938391900001,-93.06233686,NA,NA,NA,NA,NA,NA,FALSE,FALSE
"Ramsey County Parks and Recreation","alexis.lipstein@co.ramsey.mn.us","62001200","2024-06-19","3","2025-02-13 11:51:17.669522","Unnamed hardworking surveyor(s)","48","1","13.12",NA,NA,NA,NA,NA,NA,NA,NA,NA,NA,NA,NA,NA,NA,NA,NA,NA,NA,NA,NA,NA,NA,NA,NA,NA,NA,NA,NA,NA,NA,44.99409416,-93.0623098199999,NA,NA,NA,NA,NA,NA,FALSE,FALSE
"Ramsey County Parks and Recreation","alexis.lipstein@co.ramsey.mn.us","62001200","2024-06-19","3","2025-02-13 11:51:17.669522","Unnamed hardworking surveyor(s)","49","2","3.94","1",NA,NA,NA,NA,NA,NA,NA,NA,NA,NA,NA,NA,NA,NA,NA,NA,NA,NA,NA,NA,NA,NA,NA,NA,NA,NA,NA,NA,NA,44.99437462,-93.0623548899999,NA,NA,NA,NA,NA,NA,FALSE,FALSE
"Ramsey County Parks and Recreation","alexis.lipstein@co.ramsey.mn.us","62001200","2024-06-19","3","2025-02-13 11:51:17.669522","Unnamed hardworking surveyor(s)","50","3","2.62",NA,NA,NA,NA,NA,NA,NA,NA,NA,NA,NA,NA,NA,NA,NA,NA,NA,"1",NA,NA,NA,NA,NA,NA,NA,NA,NA,NA,NA,NA,44.9946550700001,-93.06232785,NA,NA,NA,NA,NA,NA,FALSE,FALSE
"Ramsey County Parks and Recreation","alexis.lipstein@co.ramsey.mn.us","62001200","2024-06-19","3","2025-02-13 11:51:17.669522","Unnamed hardworking surveyor(s)","51","1","4.92",NA,NA,NA,"1","3",NA,NA,NA,NA,NA,NA,NA,NA,NA,NA,NA,NA,NA,NA,NA,NA,"1",NA,NA,NA,NA,NA,NA,"1",NA,44.99488454,-93.06234588,NA,NA,NA,NA,NA,NA,FALSE,FALSE
"Ramsey County Parks and Recreation","alexis.lipstein@co.ramsey.mn.us","62001200","2024-06-19","3","2025-02-13 11:51:17.669522","Unnamed hardworking surveyor(s)","52","3","3.28","v",NA,NA,"1","1",NA,NA,NA,NA,NA,NA,NA,NA,NA,NA,NA,NA,"1",NA,NA,NA,"1",NA,"v",NA,NA,NA,NA,"1",NA,44.99517774,-93.0623639,NA,NA,NA,NA,NA,NA,FALSE,FALSE
"Ramsey County Parks and Recreation","alexis.lipstein@co.ramsey.mn.us","62001200","2024-06-19","3","2025-02-13 11:51:17.669522","Unnamed hardworking surveyor(s)","53","1","4.59","v",NA,NA,"1","3","v",NA,NA,NA,NA,NA,NA,NA,NA,NA,NA,NA,"1",NA,NA,NA,"1",NA,NA,NA,NA,NA,NA,NA,NA,44.9951968600001,-93.06276049,NA,NA,NA,NA,NA,NA,FALSE,FALSE
"Ramsey County Parks and Recreation","alexis.lipstein@co.ramsey.mn.us","62001200","2024-06-19","3","2025-02-13 11:51:17.669522","Unnamed hardworking surveyor(s)","54","3","4.27",NA,NA,NA,"1","1",NA,NA,NA,NA,NA,NA,NA,NA,NA,NA,NA,NA,"3",NA,NA,NA,"1",NA,NA,NA,NA,NA,NA,"1",NA,44.99491641,-93.0627694999999,NA,NA,NA,NA,NA,NA,FALSE,FALSE
"Ramsey County Parks and Recreation","alexis.lipstein@co.ramsey.mn.us","62001200","2024-06-19","3","2025-02-13 11:51:17.669522","Unnamed hardworking surveyor(s)","55","2","3.94",NA,NA,NA,NA,NA,NA,NA,NA,NA,NA,NA,NA,NA,NA,NA,NA,NA,"1",NA,NA,NA,NA,NA,NA,NA,NA,NA,NA,NA,NA,44.99462958,-93.06270641,NA,NA,NA,NA,NA,NA,FALSE,FALSE
"Ramsey County Parks and Recreation","alexis.lipstein@co.ramsey.mn.us","62001200","2024-06-19","3","2025-02-13 11:51:17.669522","Unnamed hardworking surveyor(s)","56","2","4.59",NA,NA,NA,NA,NA,NA,NA,NA,NA,NA,NA,NA,NA,NA,NA,NA,NA,"1",NA,NA,NA,NA,NA,NA,NA,NA,NA,NA,NA,NA,44.99436187,-93.06276049,NA,NA,NA,NA,NA,NA,FALSE,FALSE
"Ramsey County Parks and Recreation","alexis.lipstein@co.ramsey.mn.us","62001200","2024-06-19","3","2025-02-13 11:51:17.669522","Unnamed hardworking surveyor(s)","57",NA,"13.12",NA,NA,NA,NA,NA,NA,NA,NA,NA,NA,NA,NA,NA,NA,NA,NA,NA,NA,NA,NA,NA,NA,NA,NA,NA,NA,NA,NA,NA,NA,44.99408778,-93.06279655,NA,NA,NA,NA,NA,NA,FALSE,FALSE
"Ramsey County Parks and Recreation","alexis.lipstein@co.ramsey.mn.us","62001200","2024-06-19","3","2025-02-13 11:51:17.669522","Unnamed hardworking surveyor(s)","58",NA,"17.06",NA,NA,NA,NA,NA,NA,NA,NA,NA,NA,NA,NA,NA,NA,NA,NA,NA,NA,NA,NA,NA,NA,NA,NA,NA,NA,NA,NA,NA,NA,44.9938328200001,-93.06276049,NA,NA,NA,NA,NA,NA,FALSE,FALSE
"Ramsey County Parks and Recreation","alexis.lipstein@co.ramsey.mn.us","62001200","2024-06-19","3","2025-02-13 11:51:17.669522","Unnamed hardworking surveyor(s)","59","1","10.17",NA,NA,NA,NA,NA,NA,NA,NA,NA,NA,NA,NA,NA,NA,NA,NA,NA,NA,NA,NA,NA,NA,NA,NA,NA,NA,NA,NA,NA,NA,44.9935651100001,-93.06274246,NA,NA,NA,NA,NA,NA,FALSE,FALSE
"Ramsey County Parks and Recreation","alexis.lipstein@co.ramsey.mn.us","62001200","2024-06-19","3","2025-02-13 11:51:17.669522","Unnamed hardworking surveyor(s)","60","1","4.59",NA,NA,NA,NA,NA,NA,NA,NA,NA,NA,NA,NA,NA,NA,NA,NA,NA,NA,NA,NA,NA,NA,NA,NA,NA,NA,NA,NA,NA,NA,44.9932719,-93.0627334499999,NA,NA,NA,NA,NA,NA,FALSE,FALSE
"Ramsey County Parks and Recreation","alexis.lipstein@co.ramsey.mn.us","62001200","2024-06-19","3","2025-02-13 11:51:17.669522","Unnamed hardworking surveyor(s)","61","1","4.27",NA,NA,NA,"2","1",NA,NA,NA,NA,NA,NA,NA,NA,"1",NA,NA,NA,"3",NA,NA,NA,"1","1",NA,NA,NA,NA,NA,"1",NA,44.9930233000001,-93.06274246,NA,NA,NA,NA,NA,NA,FALSE,FALSE
"Ramsey County Parks and Recreation","alexis.lipstein@co.ramsey.mn.us","62001200","2024-06-19","3","2025-02-13 11:51:17.669522","Unnamed hardworking surveyor(s)","62","2","1.31",NA,NA,NA,"1",NA,NA,NA,NA,NA,"1",NA,NA,NA,"1",NA,NA,NA,"1",NA,NA,NA,"1","1",NA,NA,NA,NA,NA,NA,NA,44.9927555900001,-93.06274246,NA,NA,NA,NA,NA,NA,FALSE,FALSE
"Ramsey County Parks and Recreation","alexis.lipstein@co.ramsey.mn.us","62001200","2024-06-19","3","2025-02-13 11:51:17.669522","Unnamed hardworking surveyor(s)","63","1","2.62",NA,NA,NA,NA,"1",NA,NA,NA,NA,NA,NA,NA,NA,"1",NA,NA,NA,NA,NA,NA,NA,"1",NA,NA,NA,NA,NA,NA,NA,NA,44.9930041800001,-93.06312103,NA,NA,NA,NA,NA,NA,FALSE,FALSE
"Ramsey County Parks and Recreation","alexis.lipstein@co.ramsey.mn.us","62001200","2024-06-19","3","2025-02-13 11:51:17.669522","Unnamed hardworking surveyor(s)","64","2","2.95",NA,NA,NA,NA,"1",NA,NA,NA,"1",NA,NA,NA,NA,NA,NA,NA,NA,"2",NA,NA,NA,"1",NA,NA,NA,NA,NA,NA,NA,NA,44.9933037700001,-93.06313004,NA,NA,NA,NA,NA,NA,FALSE,FALSE
"Ramsey County Parks and Recreation","alexis.lipstein@co.ramsey.mn.us","62001200","2024-06-19","3","2025-02-13 11:51:17.669522","Unnamed hardworking surveyor(s)","65","3","4.92",NA,NA,NA,"1",NA,NA,NA,NA,NA,NA,NA,NA,NA,NA,NA,NA,NA,"1",NA,NA,NA,NA,NA,NA,NA,NA,NA,NA,NA,NA,44.9935714800001,-93.06313905,NA,NA,NA,NA,NA,NA,FALSE,FALSE
"Ramsey County Parks and Recreation","alexis.lipstein@co.ramsey.mn.us","62001200","2024-06-19","3","2025-02-13 11:51:17.669522","Unnamed hardworking surveyor(s)","66",NA,"10.5",NA,NA,NA,NA,NA,NA,NA,NA,NA,NA,NA,NA,NA,NA,NA,NA,NA,NA,NA,NA,NA,NA,NA,NA,NA,NA,NA,NA,NA,NA,44.99382645,-93.06313004,NA,NA,NA,NA,NA,NA,FALSE,FALSE
"Ramsey County Parks and Recreation","alexis.lipstein@co.ramsey.mn.us","62001200","2024-06-19","3","2025-02-13 11:51:17.669522","Unnamed hardworking surveyor(s)","67",NA,"12.47",NA,NA,NA,"1",NA,NA,NA,NA,NA,NA,NA,NA,NA,NA,NA,NA,NA,NA,NA,NA,NA,NA,NA,NA,NA,NA,NA,NA,NA,NA,44.99410053,-93.0631120099999,NA,NA,NA,NA,NA,NA,FALSE,FALSE
"Ramsey County Parks and Recreation","alexis.lipstein@co.ramsey.mn.us","62001200","2024-06-19","3","2025-02-13 11:51:17.669522","Unnamed hardworking surveyor(s)","68","3","4.59",NA,NA,NA,NA,NA,NA,NA,NA,NA,NA,NA,NA,NA,NA,NA,NA,NA,"1",NA,NA,NA,NA,NA,NA,NA,NA,NA,NA,NA,NA,44.99435549,-93.06313905,NA,NA,NA,NA,NA,NA,FALSE,FALSE
"Ramsey County Parks and Recreation","alexis.lipstein@co.ramsey.mn.us","62001200","2024-06-19","3","2025-02-13 11:51:17.669522","Unnamed hardworking surveyor(s)","69","2","4.59",NA,NA,"v",NA,"1",NA,NA,NA,NA,NA,NA,NA,NA,NA,NA,NA,NA,"1",NA,NA,NA,"1",NA,NA,NA,NA,NA,NA,NA,NA,44.9946805700001,-93.06314807,NA,NA,NA,NA,NA,NA,FALSE,FALSE
"Ramsey County Parks and Recreation","alexis.lipstein@co.ramsey.mn.us","62001200","2024-06-19","3","2025-02-13 11:51:17.669522","Unnamed hardworking surveyor(s)","70","3","3.61",NA,NA,NA,NA,NA,NA,NA,NA,NA,NA,NA,NA,NA,NA,NA,NA,NA,"1",NA,NA,NA,"1",NA,NA,NA,NA,NA,NA,NA,NA,44.99489729,-93.06313905,NA,NA,NA,NA,NA,NA,FALSE,FALSE
"Ramsey County Parks and Recreation","alexis.lipstein@co.ramsey.mn.us","62001200","2024-06-19","3","2025-02-13 11:51:17.669522","Unnamed hardworking surveyor(s)","71","1","2.95","v",NA,"1",NA,NA,"2",NA,NA,NA,NA,NA,NA,NA,NA,NA,NA,NA,"1",NA,NA,NA,"1",NA,NA,NA,NA,NA,NA,NA,NA,44.99517774,-93.06313004,NA,NA,NA,NA,NA,NA,FALSE,FALSE
"Ramsey County Parks and Recreation","alexis.lipstein@co.ramsey.mn.us","62001200","2024-06-19","3","2025-02-13 11:51:17.669522","Unnamed hardworking surveyor(s)","72",NA,"1.64","1",NA,"1","1",NA,"1",NA,NA,NA,NA,NA,NA,NA,NA,NA,NA,NA,"1",NA,NA,NA,"2",NA,NA,NA,NA,NA,NA,"1",NA,44.99539445,-93.06313905,NA,NA,NA,NA,NA,NA,FALSE,FALSE
"Ramsey County Parks and Recreation","alexis.lipstein@co.ramsey.mn.us","62001200","2024-06-19","3","2025-02-13 11:51:17.669522","Unnamed hardworking surveyor(s)","73","1","1.64",NA,NA,NA,"1","1","2",NA,NA,NA,NA,NA,NA,NA,NA,NA,NA,NA,"3",NA,NA,NA,"1",NA,NA,NA,NA,NA,NA,"1",NA,44.99516499,-93.06351761,NA,NA,NA,NA,NA,NA,FALSE,FALSE
"Ramsey County Parks and Recreation","alexis.lipstein@co.ramsey.mn.us","62001200","2024-06-19","3","2025-02-13 11:51:17.669522","Unnamed hardworking surveyor(s)","74","2","3.94",NA,NA,NA,"1","2",NA,NA,NA,NA,NA,NA,NA,NA,NA,NA,NA,NA,"2",NA,NA,NA,"1",NA,NA,NA,NA,NA,NA,"1",NA,44.99491641,-93.0634995899999,NA,NA,NA,NA,NA,NA,FALSE,FALSE
"Ramsey County Parks and Recreation","alexis.lipstein@co.ramsey.mn.us","62001200","2024-06-19","3","2025-02-13 11:51:17.669522","Unnamed hardworking surveyor(s)","75","3","5.25",NA,NA,NA,"1",NA,NA,NA,NA,NA,NA,NA,NA,NA,NA,NA,NA,NA,"2",NA,NA,NA,"1",NA,NA,NA,NA,NA,NA,NA,NA,44.99464233,-93.06351761,NA,NA,NA,NA,NA,NA,FALSE,FALSE
"Ramsey County Parks and Recreation","alexis.lipstein@co.ramsey.mn.us","62001200","2024-06-19","3","2025-02-13 11:51:17.669522","Unnamed hardworking surveyor(s)","76",NA,"7.22","1",NA,NA,"1",NA,NA,NA,NA,NA,NA,NA,NA,NA,NA,NA,NA,NA,"1",NA,NA,NA,NA,NA,NA,NA,NA,NA,NA,NA,NA,44.99435549,-93.0634995899999,NA,NA,NA,NA,NA,NA,FALSE,FALSE
"Ramsey County Parks and Recreation","alexis.lipstein@co.ramsey.mn.us","62001200","2024-06-19","3","2025-02-13 11:51:17.669522","Unnamed hardworking surveyor(s)","77","1","11.81",NA,NA,NA,NA,NA,NA,NA,NA,NA,NA,NA,NA,NA,NA,NA,NA,NA,NA,NA,NA,NA,NA,NA,NA,NA,NA,NA,NA,NA,NA,44.99409416,-93.0635086,NA,NA,NA,NA,NA,NA,FALSE,FALSE
"Ramsey County Parks and Recreation","alexis.lipstein@co.ramsey.mn.us","62001200","2024-06-19","3","2025-02-13 11:51:17.669522","Unnamed hardworking surveyor(s)","78","3","4.92",NA,NA,NA,NA,NA,NA,NA,NA,NA,NA,NA,NA,NA,NA,NA,NA,NA,"1",NA,NA,NA,NA,NA,NA,NA,NA,NA,NA,NA,NA,44.9938137,-93.0635086,NA,NA,NA,NA,NA,NA,FALSE,FALSE
"Ramsey County Parks and Recreation","alexis.lipstein@co.ramsey.mn.us","62001200","2024-06-19","3","2025-02-13 11:51:17.669522","Unnamed hardworking surveyor(s)","79","3","2.62",NA,NA,NA,NA,NA,NA,NA,NA,NA,NA,NA,NA,NA,NA,NA,NA,NA,"2",NA,NA,NA,"1",NA,NA,NA,NA,NA,NA,NA,NA,44.9935714800001,-93.06352663,NA,NA,NA,NA,NA,NA,FALSE,FALSE
"Ramsey County Parks and Recreation","alexis.lipstein@co.ramsey.mn.us","62001200","2024-06-19","3","2025-02-13 11:51:17.669522","Unnamed hardworking surveyor(s)","80","2","2.95",NA,NA,NA,"1","1",NA,NA,NA,NA,NA,NA,NA,NA,NA,NA,NA,NA,"2",NA,NA,NA,"1",NA,NA,NA,NA,NA,NA,"1",NA,44.9933037700001,-93.0634995899999,NA,NA,NA,NA,NA,NA,FALSE,FALSE
"Ramsey County Parks and Recreation","alexis.lipstein@co.ramsey.mn.us","62001200","2024-06-19","3","2025-02-13 11:51:17.669522","Unnamed hardworking surveyor(s)","81","1","1.64",NA,NA,NA,"1",NA,NA,NA,NA,NA,NA,NA,NA,NA,"1",NA,NA,NA,NA,NA,NA,NA,"1",NA,NA,NA,NA,NA,NA,"1",NA,44.9933101400001,-93.0638781499999,NA,NA,NA,NA,NA,NA,FALSE,FALSE
"Ramsey County Parks and Recreation","alexis.lipstein@co.ramsey.mn.us","62001200","2024-06-19","3","2025-02-13 11:51:17.669522","Unnamed hardworking surveyor(s)","82","2","3.94",NA,NA,NA,"1","2",NA,NA,NA,NA,NA,NA,NA,NA,NA,NA,NA,NA,"1",NA,NA,NA,"1",NA,NA,NA,NA,NA,NA,NA,NA,44.9935651100001,-93.06386914,NA,NA,NA,NA,NA,NA,FALSE,FALSE
"Ramsey County Parks and Recreation","alexis.lipstein@co.ramsey.mn.us","62001200","2024-06-19","3","2025-02-13 11:51:17.669522","Unnamed hardworking surveyor(s)","83","3","6.23",NA,NA,NA,NA,NA,NA,NA,NA,NA,NA,NA,NA,NA,NA,NA,NA,NA,"1",NA,NA,NA,NA,NA,NA,NA,NA,NA,NA,NA,NA,44.9938455700001,-93.06386914,NA,NA,NA,NA,NA,NA,FALSE,FALSE
"Ramsey County Parks and Recreation","alexis.lipstein@co.ramsey.mn.us","62001200","2024-06-19","3","2025-02-13 11:51:17.669522","Unnamed hardworking surveyor(s)","84","3","4.92",NA,NA,NA,NA,NA,NA,NA,NA,NA,NA,NA,NA,NA,NA,NA,NA,NA,"1",NA,NA,NA,NA,NA,NA,NA,NA,NA,NA,NA,NA,44.99408778,-93.06388716,NA,NA,NA,NA,NA,NA,FALSE,FALSE
"Ramsey County Parks and Recreation","alexis.lipstein@co.ramsey.mn.us","62001200","2024-06-19","3","2025-02-13 11:51:17.669522","Unnamed hardworking surveyor(s)","85","2","6.23",NA,NA,NA,NA,NA,NA,NA,NA,NA,NA,NA,NA,NA,NA,NA,NA,NA,NA,NA,NA,NA,NA,NA,NA,NA,NA,NA,NA,NA,NA,44.99436824,-93.06389618,NA,NA,NA,NA,NA,NA,FALSE,FALSE
"Ramsey County Parks and Recreation","alexis.lipstein@co.ramsey.mn.us","62001200","2024-06-19","3","2025-02-13 11:51:17.669522","Unnamed hardworking surveyor(s)","86","2","3.94",NA,NA,NA,"1","2",NA,NA,NA,"1",NA,NA,NA,NA,NA,NA,NA,NA,"2",NA,NA,NA,"1",NA,NA,NA,NA,NA,NA,NA,NA,44.9946550700001,-93.06390519,NA,NA,NA,NA,NA,NA,FALSE,FALSE
"Ramsey County Parks and Recreation","alexis.lipstein@co.ramsey.mn.us","62001200","2024-06-19","3","2025-02-13 11:51:17.669522","Unnamed hardworking surveyor(s)","87","1","3.61",NA,NA,NA,"1","3",NA,NA,NA,NA,NA,NA,NA,NA,NA,NA,NA,NA,NA,NA,NA,NA,"1",NA,NA,NA,NA,NA,NA,NA,NA,44.99489729,-93.06390519,NA,NA,NA,NA,NA,NA,FALSE,FALSE
"Ramsey County Parks and Recreation","alexis.lipstein@co.ramsey.mn.us","62001200","2024-06-19","3","2025-02-13 11:51:17.669522","Unnamed hardworking surveyor(s)","88","1","1.97",NA,NA,NA,"1","2",NA,NA,NA,NA,NA,NA,NA,NA,NA,NA,NA,NA,"1",NA,NA,NA,"1",NA,NA,NA,NA,NA,NA,"1",NA,44.99490366,-93.06427474,NA,NA,NA,NA,NA,NA,FALSE,FALSE
"Ramsey County Parks and Recreation","alexis.lipstein@co.ramsey.mn.us","62001200","2024-06-19","3","2025-02-13 11:51:17.669522","Unnamed hardworking surveyor(s)","89","2","2.3",NA,NA,NA,"1","2",NA,NA,NA,NA,NA,NA,NA,NA,NA,NA,NA,NA,NA,NA,NA,NA,"1",NA,NA,NA,NA,NA,NA,"1",NA,44.99461046,-93.06431079,NA,NA,NA,NA,NA,NA,FALSE,FALSE
"Ramsey County Parks and Recreation","alexis.lipstein@co.ramsey.mn.us","62001200","2024-06-19","3","2025-02-13 11:51:17.669522","Unnamed hardworking surveyor(s)","90","2","6.56",NA,NA,NA,"1",NA,NA,NA,NA,NA,NA,NA,NA,NA,NA,NA,NA,NA,"2",NA,NA,NA,"2",NA,NA,NA,NA,NA,NA,"1",NA,44.99436824,-93.06431079,NA,NA,NA,NA,NA,NA,FALSE,FALSE
"Ramsey County Parks and Recreation","alexis.lipstein@co.ramsey.mn.us","62001200","2024-06-19","3","2025-02-13 11:51:17.669522","Unnamed hardworking surveyor(s)","91","2","3.61",NA,NA,NA,NA,"1",NA,NA,NA,NA,NA,NA,NA,NA,NA,NA,NA,NA,"1",NA,NA,NA,"1",NA,NA,NA,NA,NA,NA,NA,NA,44.99409416,-93.06428375,NA,NA,NA,NA,NA,NA,FALSE,FALSE
"Ramsey County Parks and Recreation","alexis.lipstein@co.ramsey.mn.us","62001200","2024-06-19","3","2025-02-13 11:51:17.669522","Unnamed hardworking surveyor(s)","92","2","4.92",NA,NA,NA,NA,"1",NA,NA,NA,NA,NA,NA,NA,NA,NA,NA,NA,NA,"2",NA,NA,NA,"1",NA,NA,NA,NA,NA,NA,NA,NA,44.9938328200001,-93.0643017799999,NA,NA,NA,NA,NA,NA,FALSE,FALSE
"Ramsey County Parks and Recreation","alexis.lipstein@co.ramsey.mn.us","62001200","2024-06-19","3","2025-02-13 11:51:17.669522","Unnamed hardworking surveyor(s)","93","1","1.64",NA,NA,NA,NA,NA,NA,NA,NA,NA,NA,NA,NA,NA,NA,NA,NA,NA,NA,NA,NA,NA,NA,NA,NA,NA,NA,NA,NA,NA,NA,44.9935651100001,-93.06428375,NA,NA,NA,NA,NA,NA,FALSE,FALSE
"Ramsey County Parks and Recreation","alexis.lipstein@co.ramsey.mn.us","62001200","2024-06-19","3","2025-02-13 11:51:17.669522","Unnamed hardworking surveyor(s)","94","3","3.61",NA,NA,NA,"1","2",NA,NA,NA,NA,NA,NA,NA,NA,NA,NA,NA,NA,"1",NA,NA,NA,"1",NA,NA,NA,NA,NA,NA,NA,NA,44.9938137,-93.0646803399999,NA,NA,NA,NA,NA,NA,FALSE,FALSE
"Ramsey County Parks and Recreation","alexis.lipstein@co.ramsey.mn.us","62001200","2024-06-19","3","2025-02-13 11:51:17.669522","Unnamed hardworking surveyor(s)","95","3","2.62",NA,NA,NA,NA,NA,NA,NA,NA,NA,NA,NA,NA,NA,NA,NA,NA,NA,"2",NA,NA,NA,NA,NA,NA,NA,NA,NA,NA,NA,NA,44.99410691,-93.06469837,NA,NA,NA,NA,NA,NA,FALSE,FALSE
"Ramsey County Parks and Recreation","alexis.lipstein@co.ramsey.mn.us","62001200","2024-06-19","3","2025-02-13 11:51:17.669522","Unnamed hardworking surveyor(s)","96","3","5.58",NA,NA,NA,NA,"1",NA,NA,NA,NA,NA,NA,NA,NA,NA,NA,NA,NA,"2",NA,NA,NA,NA,NA,NA,NA,NA,NA,NA,NA,NA,44.99436824,-93.0647254099999,NA,NA,NA,NA,NA,NA,FALSE,FALSE
"Ramsey County Parks and Recreation","alexis.lipstein@co.ramsey.mn.us","62001200","2024-06-19","3","2025-02-13 11:51:17.669522","Unnamed hardworking surveyor(s)","97","1","3.61",NA,NA,NA,NA,"1",NA,NA,NA,NA,NA,NA,NA,NA,NA,NA,NA,NA,"2",NA,NA,NA,NA,NA,NA,NA,NA,NA,NA,NA,NA,44.99464233,-93.0646533,NA,NA,NA,NA,NA,NA,FALSE,FALSE
"Ramsey County Parks and Recreation","alexis.lipstein@co.ramsey.mn.us","62001200","2024-06-19","3","2025-02-13 11:51:17.669522","Unnamed hardworking surveyor(s)","98","1","1.97",NA,NA,NA,"1","3",NA,NA,NA,NA,NA,NA,NA,NA,NA,NA,NA,NA,NA,NA,NA,NA,"1",NA,NA,NA,NA,NA,NA,"1",NA,44.99490366,-93.06467133,NA,NA,NA,NA,NA,NA,FALSE,FALSE
"Ramsey County Parks and Recreation","alexis.lipstein@co.ramsey.mn.us","62001200","2024-06-19","3","2025-02-13 11:51:17.669522","Unnamed hardworking surveyor(s)","99","2","1.64","v",NA,NA,"1","1",NA,NA,NA,NA,NA,NA,NA,NA,NA,NA,NA,NA,NA,NA,NA,NA,"1","1",NA,NA,NA,NA,NA,NA,NA,44.9946487,-93.0650588999999,NA,NA,NA,NA,NA,NA,FALSE,FALSE
"Ramsey County Parks and Recreation","alexis.lipstein@co.ramsey.mn.us","62001200","2024-06-19","3","2025-02-13 11:51:17.669522","Unnamed hardworking surveyor(s)","100","1","2.3",NA,NA,NA,"1","1",NA,NA,NA,NA,NA,NA,NA,NA,NA,NA,NA,NA,"1",NA,NA,NA,"1",NA,NA,NA,NA,NA,NA,"1",NA,44.99435549,-93.0651039699999,NA,NA,NA,NA,NA,NA,FALSE,FALSE
"Ramsey County Parks and Recreation","alexis.lipstein@co.ramsey.mn.us","62001200","2024-06-19","3","2025-02-13 11:51:17.669522","Unnamed hardworking surveyor(s)","101","2","2.95","1","1",NA,"1","1",NA,NA,NA,NA,NA,NA,NA,NA,NA,NA,NA,NA,"1",NA,NA,NA,"1",NA,"1",NA,NA,NA,NA,"1",NA,44.99409416,-93.06506791,NA,NA,NA,NA,NA,NA,FALSE,FALSE
"Ramsey County Parks and Recreation","alexis.lipstein@co.ramsey.mn.us","62001200","2024-06-19","3","2025-02-13 11:51:17.669522","Unnamed hardworking surveyor(s)","102","1","1.64",NA,NA,NA,"1","1",NA,NA,NA,NA,NA,NA,NA,NA,NA,NA,NA,NA,"1",NA,NA,NA,"1","1",NA,NA,NA,NA,NA,"1",NA,44.9938391900001,-93.06508594,NA,NA,NA,NA,NA,NA,FALSE,FALSE
"Ramsey County Parks and Recreation","alexis.lipstein@co.ramsey.mn.us","62001600","2023-08-21","3","2024-06-07 13:58:39.283865","Justin Townsend, Alexis Kreider, Al Henderson","1","2","2.95",NA,NA,NA,"1","2",NA,NA,NA,NA,NA,NA,NA,NA,NA,NA,NA,NA,"1",NA,NA,NA,"3",NA,NA,NA,NA,NA,NA,"1",NA,44.9695024679641,-93.0080675016241,NA,NA,NA,NA,NA,NA,FALSE,FALSE
"Ramsey County Parks and Recreation","alexis.lipstein@co.ramsey.mn.us","62001600","2023-08-21","3","2024-06-07 13:58:39.283865","Justin Townsend, Alexis Kreider, Al Henderson","2","1","3.28",NA,NA,NA,"1","1",NA,NA,NA,NA,NA,NA,NA,NA,NA,NA,NA,NA,"1",NA,NA,NA,"1",NA,NA,NA,NA,NA,NA,"1",NA,44.9706683267799,-93.0083862414649,NA,NA,NA,NA,NA,NA,FALSE,FALSE
"Ramsey County Parks and Recreation","alexis.lipstein@co.ramsey.mn.us","62001600","2023-08-21","3","2024-06-07 13:58:39.283865","Justin Townsend, Alexis Kreider, Al Henderson","3","1","4.27",NA,NA,NA,"1",NA,NA,NA,NA,NA,NA,NA,NA,NA,NA,NA,NA,NA,NA,NA,NA,NA,NA,NA,NA,NA,NA,NA,NA,NA,NA,44.9702472352915,-93.0079302684754,NA,NA,NA,NA,NA,NA,FALSE,FALSE
"Ramsey County Parks and Recreation","alexis.lipstein@co.ramsey.mn.us","62001600","2023-08-21","3","2024-06-07 13:58:39.283865","Justin Townsend, Alexis Kreider, Al Henderson","4","3","1.97",NA,"1",NA,"1",NA,"v",NA,NA,NA,NA,NA,NA,NA,NA,NA,NA,NA,"1",NA,NA,NA,"1",NA,NA,NA,NA,NA,NA,"1",NA,44.9698261410508,-93.0074743034269,NA,NA,NA,NA,NA,NA,FALSE,FALSE
"Ramsey County Parks and Recreation","alexis.lipstein@co.ramsey.mn.us","62001600","2023-08-21","3","2024-06-07 13:58:39.283865","Justin Townsend, Alexis Kreider, Al Henderson","5","1","3.28",NA,"1",NA,"1","2",NA,NA,NA,NA,NA,NA,NA,NA,NA,NA,NA,NA,"1",NA,NA,NA,"1",NA,NA,NA,NA,NA,NA,NA,NA,44.9694050449581,-93.007018343783,NA,NA,NA,NA,NA,NA,FALSE,FALSE
"Ramsey County Parks and Recreation","alexis.lipstein@co.ramsey.mn.us","62001600","2023-08-21","3","2024-06-07 13:58:39.283865","Justin Townsend, Alexis Kreider, Al Henderson","6","3","3.94",NA,NA,NA,NA,NA,NA,NA,NA,NA,NA,NA,NA,NA,NA,NA,NA,NA,"1",NA,NA,NA,NA,NA,NA,NA,NA,NA,NA,NA,NA,44.9718341853664,-93.008704992956,NA,NA,NA,NA,NA,NA,FALSE,FALSE
"Ramsey County Parks and Recreation","alexis.lipstein@co.ramsey.mn.us","62001600","2023-08-21","3","2024-06-07 13:58:39.283865","Justin Townsend, Alexis Kreider, Al Henderson","7","3","14.76",NA,NA,NA,NA,NA,NA,NA,NA,NA,NA,NA,NA,NA,NA,NA,NA,NA,"1",NA,NA,NA,NA,NA,NA,NA,NA,NA,NA,NA,NA,44.9714130952379,-93.0082490071272,NA,NA,NA,NA,NA,NA,FALSE,FALSE
"Ramsey County Parks and Recreation","alexis.lipstein@co.ramsey.mn.us","62001600","2023-08-21","3","2024-06-07 13:58:39.283865","Justin Townsend, Alexis Kreider, Al Henderson","8","1","4.27",NA,NA,NA,NA,NA,NA,NA,NA,NA,NA,NA,NA,NA,NA,NA,NA,NA,NA,NA,NA,NA,NA,NA,NA,NA,NA,NA,NA,NA,NA,44.9709920032571,-93.0077930292399,NA,NA,NA,NA,NA,NA,FALSE,FALSE
"Ramsey County Parks and Recreation","alexis.lipstein@co.ramsey.mn.us","62001600","2023-08-21","3","2024-06-07 13:58:39.283865","Justin Townsend, Alexis Kreider, Al Henderson","9","2","5.25",NA,NA,NA,"1",NA,NA,NA,NA,NA,NA,NA,NA,NA,NA,NA,NA,NA,NA,NA,NA,NA,NA,NA,NA,NA,NA,NA,NA,NA,NA,44.9705709094241,-93.0073370592939,NA,NA,NA,NA,NA,NA,FALSE,FALSE
"Ramsey County Parks and Recreation","alexis.lipstein@co.ramsey.mn.us","62001600","2023-08-21","3","2024-06-07 13:58:39.283865","Justin Townsend, Alexis Kreider, Al Henderson","10","1","2.62",NA,"1",NA,"1",NA,"v",NA,NA,NA,NA,NA,NA,NA,NA,NA,NA,NA,"1",NA,NA,NA,"1",NA,NA,NA,NA,NA,NA,NA,NA,44.9701498119387,-93.0068810960208,NA,NA,NA,NA,NA,NA,FALSE,FALSE
"Ramsey County Parks and Recreation","alexis.lipstein@co.ramsey.mn.us","62001600","2023-08-21","3","2024-06-07 13:58:39.283865","Justin Townsend, Alexis Kreider, Al Henderson","11","2","3.94",NA,NA,NA,"1","2",NA,NA,NA,NA,NA,NA,NA,NA,NA,NA,NA,NA,"1",NA,NA,NA,"2",NA,NA,NA,NA,NA,NA,"1",NA,44.9697287144017,-93.0064251381526,NA,NA,NA,NA,NA,NA,FALSE,FALSE
"Ramsey County Parks and Recreation","alexis.lipstein@co.ramsey.mn.us","62001600","2023-08-21","3","2024-06-07 13:58:39.283865","Justin Townsend, Alexis Kreider, Al Henderson","12","3","2.62",NA,"1",NA,"1",NA,NA,NA,NA,NA,NA,NA,NA,NA,NA,NA,NA,NA,"1",NA,NA,NA,"2",NA,NA,NA,NA,NA,NA,"1",NA,44.9693076132125,-93.0059691869569,NA,NA,NA,NA,NA,NA,FALSE,FALSE
"Ramsey County Parks and Recreation","alexis.lipstein@co.ramsey.mn.us","62001600","2023-08-21","3","2024-06-07 13:58:39.283865","Justin Townsend, Alexis Kreider, Al Henderson","13","2","6.56",NA,NA,NA,NA,NA,NA,NA,NA,NA,NA,NA,NA,NA,NA,NA,NA,NA,"1",NA,NA,NA,"1",NA,NA,NA,NA,NA,NA,NA,NA,44.9725789549548,-93.0085677612339,NA,NA,NA,NA,NA,NA,FALSE,FALSE
"Ramsey County Parks and Recreation","alexis.lipstein@co.ramsey.mn.us","62001600","2023-08-21","3","2024-06-07 13:58:39.283865","Justin Townsend, Alexis Kreider, Al Henderson","14","2","5.58",NA,"1",NA,NA,NA,NA,NA,NA,NA,NA,NA,NA,NA,NA,NA,NA,NA,"1",NA,NA,NA,"1",NA,NA,NA,NA,NA,NA,NA,NA,44.9721578634336,-93.0081117717749,NA,NA,NA,NA,NA,NA,FALSE,FALSE
"Ramsey County Parks and Recreation","alexis.lipstein@co.ramsey.mn.us","62001600","2023-08-21","3","2024-06-07 13:58:39.283865","Justin Townsend, Alexis Kreider, Al Henderson","15","1","6.23",NA,NA,NA,NA,NA,NA,NA,NA,NA,NA,NA,NA,NA,NA,NA,NA,NA,NA,NA,NA,NA,NA,NA,NA,NA,NA,NA,NA,NA,NA,44.9717367709604,-93.0076557889897,NA,NA,NA,NA,NA,NA,FALSE,FALSE
"Ramsey County Parks and Recreation","alexis.lipstein@co.ramsey.mn.us","62001600","2023-08-21","3","2024-06-07 13:58:39.283865","Justin Townsend, Alexis Kreider, Al Henderson","16","2","5.91",NA,NA,NA,NA,NA,NA,NA,NA,NA,NA,NA,NA,NA,NA,NA,NA,NA,NA,NA,NA,NA,NA,NA,NA,NA,NA,NA,NA,NA,NA,44.9713156766349,-93.007199814146,NA,NA,NA,NA,NA,NA,FALSE,FALSE
"Ramsey County Parks and Recreation","alexis.lipstein@co.ramsey.mn.us","62001600","2023-08-21","3","2024-06-07 13:58:39.283865","Justin Townsend, Alexis Kreider, Al Henderson","17","1","5.25",NA,"1",NA,"1",NA,NA,NA,NA,NA,NA,NA,NA,NA,NA,NA,NA,NA,NA,NA,NA,NA,NA,NA,NA,NA,NA,NA,NA,NA,NA,44.9708945786571,-93.0067438434392,NA,NA,NA,NA,NA,NA,FALSE,FALSE
"Ramsey County Parks and Recreation","alexis.lipstein@co.ramsey.mn.us","62001600","2023-08-21","3","2024-06-07 13:58:39.283865","Justin Townsend, Alexis Kreider, Al Henderson","18","2","4.92",NA,"1",NA,"1",NA,NA,NA,NA,NA,NA,NA,NA,NA,NA,NA,NA,NA,"1",NA,NA,NA,NA,NA,NA,NA,NA,NA,NA,NA,NA,44.9704734797273,-93.0062878819418,NA,NA,NA,NA,NA,NA,FALSE,FALSE
"Ramsey County Parks and Recreation","alexis.lipstein@co.ramsey.mn.us","62001600","2023-08-21","3","2024-06-07 13:58:39.283865","Justin Townsend, Alexis Kreider, Al Henderson","19","1","3.28",NA,NA,NA,"1","2",NA,NA,NA,NA,NA,NA,NA,NA,NA,NA,NA,NA,"1",NA,NA,NA,"1",NA,NA,NA,NA,NA,NA,"1",NA,44.9733237224807,-93.0084305246924,NA,NA,NA,NA,NA,NA,FALSE,FALSE
"Ramsey County Parks and Recreation","alexis.lipstein@co.ramsey.mn.us","62001600","2023-08-21","3","2024-06-07 13:58:39.283865","Justin Townsend, Alexis Kreider, Al Henderson","20","3","6.56",NA,"1",NA,NA,NA,NA,NA,NA,NA,NA,NA,NA,NA,NA,NA,NA,NA,"1",NA,NA,NA,"1",NA,NA,NA,NA,NA,NA,NA,NA,44.972902630467,-93.0079745303351,NA,NA,NA,NA,NA,NA,FALSE,FALSE
"Ramsey County Parks and Recreation","alexis.lipstein@co.ramsey.mn.us","62001600","2023-08-21","3","2024-06-07 13:58:39.283865","Justin Townsend, Alexis Kreider, Al Henderson","21","2","5.25",NA,NA,NA,"1",NA,NA,NA,NA,NA,NA,NA,NA,NA,NA,NA,NA,NA,"1",NA,NA,NA,"1",NA,NA,NA,NA,NA,NA,NA,NA,44.9724815375011,-93.0075185464563,NA,NA,NA,NA,NA,NA,FALSE,FALSE
"Ramsey County Parks and Recreation","alexis.lipstein@co.ramsey.mn.us","62001600","2023-08-21","3","2024-06-07 13:58:39.283865","Justin Townsend, Alexis Kreider, Al Henderson","22","1","7.87",NA,NA,NA,"1",NA,NA,NA,NA,NA,NA,NA,NA,NA,NA,NA,NA,NA,NA,NA,NA,NA,NA,NA,NA,NA,NA,NA,NA,NA,NA,44.9720604426833,-93.0070625641785,NA,NA,NA,NA,NA,NA,FALSE,FALSE
"Ramsey County Parks and Recreation","alexis.lipstein@co.ramsey.mn.us","62001600","2023-08-21","3","2024-06-07 13:58:39.283865","Justin Townsend, Alexis Kreider, Al Henderson","23","2","6.23",NA,NA,NA,"1",NA,NA,NA,NA,NA,NA,NA,NA,NA,NA,NA,NA,NA,"1",NA,NA,NA,"1",NA,NA,NA,NA,NA,NA,NA,NA,44.9716393460133,-93.0066065898425,NA,NA,NA,NA,NA,NA,FALSE,FALSE
"Ramsey County Parks and Recreation","alexis.lipstein@co.ramsey.mn.us","62001600","2023-08-21","3","2024-06-07 13:58:39.283865","Justin Townsend, Alexis Kreider, Al Henderson","24","1","5.58",NA,"1",NA,"1",NA,NA,NA,NA,NA,NA,NA,NA,NA,NA,NA,NA,NA,NA,NA,NA,NA,NA,NA,NA,NA,NA,NA,NA,NA,NA,44.9712182456908,-93.0061506221796,NA,NA,NA,NA,NA,NA,FALSE,FALSE
"Ramsey County Parks and Recreation","alexis.lipstein@co.ramsey.mn.us","62001600","2023-08-21","3","2024-06-07 13:58:39.283865","Justin Townsend, Alexis Kreider, Al Henderson","25","1","4.92",NA,"2",NA,NA,"1",NA,NA,NA,"1",NA,NA,NA,NA,NA,NA,NA,NA,"1",NA,NA,NA,"1",NA,NA,NA,NA,NA,NA,NA,NA,44.9707971453168,-93.00569466119,NA,NA,NA,NA,NA,NA,FALSE,FALSE
"Ramsey County Parks and Recreation","alexis.lipstein@co.ramsey.mn.us","62001600","2023-08-21","3","2024-06-07 13:58:39.283865","Justin Townsend, Alexis Kreider, Al Henderson","26","1","4.59",NA,"1",NA,NA,"1",NA,NA,NA,NA,NA,NA,NA,NA,NA,NA,NA,NA,"1",NA,NA,NA,"1",NA,NA,NA,NA,NA,NA,NA,NA,44.9736473990385,-93.0078372878807,NA,NA,NA,NA,NA,NA,FALSE,FALSE
"Ramsey County Parks and Recreation","alexis.lipstein@co.ramsey.mn.us","62001600","2023-08-21","3","2024-06-07 13:58:39.283865","Justin Townsend, Alexis Kreider, Al Henderson","27","3","4.27",NA,"1",NA,NA,NA,NA,NA,NA,NA,NA,NA,NA,NA,NA,NA,NA,NA,NA,NA,NA,NA,"1",NA,NA,NA,NA,NA,NA,NA,NA,44.97322630468,-93.0073812965672,NA,NA,NA,NA,NA,NA,FALSE,FALSE
"Ramsey County Parks and Recreation","alexis.lipstein@co.ramsey.mn.us","62001600","2023-08-21","3","2024-06-07 13:58:39.283865","Justin Townsend, Alexis Kreider, Al Henderson","28","1","3.61",NA,NA,NA,NA,NA,NA,NA,NA,NA,NA,NA,NA,NA,NA,NA,NA,NA,NA,NA,NA,NA,NA,NA,NA,NA,NA,NA,NA,NA,NA,44.9728052075692,-93.0069253106594,NA,NA,NA,NA,NA,NA,FALSE,FALSE
"Ramsey County Parks and Recreation","alexis.lipstein@co.ramsey.mn.us","62001600","2023-08-21","3","2024-06-07 13:58:39.283865","Justin Townsend, Alexis Kreider, Al Henderson","29","3","5.91",NA,NA,NA,NA,NA,NA,NA,NA,NA,NA,NA,NA,NA,NA,NA,NA,NA,"1",NA,NA,NA,"1",NA,NA,NA,NA,NA,NA,NA,NA,44.9723841104065,-93.0064693326938,NA,NA,NA,NA,NA,NA,FALSE,FALSE
"Ramsey County Parks and Recreation","alexis.lipstein@co.ramsey.mn.us","62001600","2023-08-21","3","2024-06-07 13:58:39.283865","Justin Townsend, Alexis Kreider, Al Henderson","30","3","5.91",NA,NA,NA,NA,NA,NA,NA,NA,NA,NA,NA,NA,NA,NA,NA,NA,NA,NA,NA,NA,NA,NA,NA,NA,NA,NA,NA,NA,NA,NA,44.9719630104917,-93.0060133601335,NA,NA,NA,NA,NA,NA,FALSE,FALSE
"Ramsey County Parks and Recreation","alexis.lipstein@co.ramsey.mn.us","62001600","2023-08-21","3","2024-06-07 13:58:39.283865","Justin Townsend, Alexis Kreider, Al Henderson","31","1","3.94",NA,"1",NA,NA,NA,NA,NA,NA,NA,NA,NA,NA,NA,NA,NA,NA,NA,"1",NA,NA,NA,NA,NA,NA,NA,NA,NA,NA,NA,NA,44.9715419096251,-93.0055573929786,NA,NA,NA,NA,NA,NA,FALSE,FALSE
"Ramsey County Parks and Recreation","alexis.lipstein@co.ramsey.mn.us","62001600","2023-08-21","3","2024-06-07 13:58:39.283865","Justin Townsend, Alexis Kreider, Al Henderson","32","1","4.92",NA,"1",NA,NA,NA,NA,NA,NA,NA,NA,NA,NA,NA,NA,NA,NA,NA,"2",NA,NA,NA,NA,NA,NA,NA,NA,NA,NA,NA,NA,44.9739710706963,-93.0072440456628,NA,NA,NA,NA,NA,NA,FALSE,FALSE
"Ramsey County Parks and Recreation","alexis.lipstein@co.ramsey.mn.us","62001600","2023-08-21","3","2024-06-07 13:58:39.283865","Justin Townsend, Alexis Kreider, Al Henderson","33","3","5.91",NA,NA,NA,NA,NA,NA,NA,NA,NA,NA,NA,NA,NA,NA,NA,NA,NA,NA,NA,NA,NA,NA,NA,NA,NA,NA,NA,NA,NA,NA,44.9735499739931,-93.0067880561252,NA,NA,NA,NA,NA,NA,FALSE,FALSE
"Ramsey County Parks and Recreation","alexis.lipstein@co.ramsey.mn.us","62001600","2023-08-21","3","2024-06-07 13:58:39.283865","Justin Townsend, Alexis Kreider, Al Henderson","34","3","6.23",NA,NA,NA,NA,NA,NA,NA,NA,NA,NA,NA,NA,NA,NA,NA,NA,NA,"1",NA,NA,NA,NA,NA,NA,NA,NA,NA,NA,NA,NA,44.9731288754378,-93.0063320707252,NA,NA,NA,NA,NA,NA,FALSE,FALSE
"Ramsey County Parks and Recreation","alexis.lipstein@co.ramsey.mn.us","62001600","2023-08-21","3","2024-06-07 13:58:39.283865","Justin Townsend, Alexis Kreider, Al Henderson","35","3","5.58",NA,NA,NA,NA,NA,NA,NA,NA,NA,NA,NA,NA,NA,NA,NA,NA,NA,"1",NA,NA,NA,"1",NA,NA,NA,NA,NA,NA,NA,NA,44.9727077759305,-93.0058760945356,NA,NA,NA,NA,NA,NA,FALSE,FALSE
"Ramsey County Parks and Recreation","alexis.lipstein@co.ramsey.mn.us","62001600","2023-08-21","3","2024-06-07 13:58:39.283865","Justin Townsend, Alexis Kreider, Al Henderson","36","2","6.89",NA,NA,NA,NA,NA,NA,NA,NA,NA,NA,NA,NA,NA,NA,NA,NA,NA,"1",NA,NA,NA,NA,NA,NA,NA,NA,NA,NA,NA,NA,44.9722866745712,-93.0054201237514,NA,NA,NA,NA,NA,NA,FALSE,FALSE
"Ramsey County Parks and Recreation","alexis.lipstein@co.ramsey.mn.us","62001600","2023-08-21","3","2024-06-07 13:58:39.283865","Justin Townsend, Alexis Kreider, Al Henderson","37","1","5.91",NA,"1",NA,NA,NA,NA,NA,NA,NA,NA,NA,NA,NA,NA,NA,NA,NA,"1",NA,NA,NA,NA,NA,NA,NA,NA,NA,NA,NA,NA,44.97186557136,-93.0049641583726,NA,NA,NA,NA,NA,NA,FALSE,FALSE
"Ramsey County Parks and Recreation","alexis.lipstein@co.ramsey.mn.us","62001600","2023-08-21","3","2024-06-07 13:58:39.283865","Justin Townsend, Alexis Kreider, Al Henderson","38","1","5.25",NA,NA,NA,"1","1",NA,NA,NA,NA,NA,NA,NA,NA,NA,NA,NA,NA,"2",NA,NA,NA,"1",NA,NA,NA,NA,NA,NA,"1",NA,44.9747158382508,-93.0071067912068,NA,NA,NA,NA,NA,NA,FALSE,FALSE
"Ramsey County Parks and Recreation","alexis.lipstein@co.ramsey.mn.us","62001600","2023-08-21","3","2024-06-07 13:58:39.283865","Justin Townsend, Alexis Kreider, Al Henderson","39","3","9.84",NA,NA,NA,NA,NA,NA,NA,NA,NA,NA,NA,NA,NA,NA,NA,NA,NA,NA,NA,NA,NA,"1",NA,NA,NA,NA,NA,NA,NA,NA,44.9742947410551,-93.0066507942345,NA,NA,NA,NA,NA,NA,FALSE,FALSE
"Ramsey County Parks and Recreation","alexis.lipstein@co.ramsey.mn.us","62001600","2023-08-21","3","2024-06-07 13:58:39.283865","Justin Townsend, Alexis Kreider, Al Henderson","40","3","5.91",NA,NA,NA,NA,NA,NA,NA,NA,NA,NA,NA,NA,NA,NA,NA,NA,NA,"1",NA,NA,NA,NA,NA,NA,NA,NA,NA,NA,NA,NA,44.9738736411069,-93.0061948064728,NA,NA,NA,NA,NA,NA,FALSE,FALSE
"Ramsey County Parks and Recreation","alexis.lipstein@co.ramsey.mn.us","62001600","2023-08-21","3","2024-06-07 13:58:39.283865","Justin Townsend, Alexis Kreider, Al Henderson","41","3","5.91",NA,NA,NA,"1",NA,NA,NA,NA,NA,NA,NA,NA,NA,NA,NA,NA,NA,"1",NA,NA,NA,"1",NA,NA,NA,NA,NA,NA,NA,NA,44.9734525402068,-93.0057388228489,NA,NA,NA,NA,NA,NA,FALSE,FALSE
"Ramsey County Parks and Recreation","alexis.lipstein@co.ramsey.mn.us","62001600","2023-08-21","3","2024-06-07 13:58:39.283865","Justin Townsend, Alexis Kreider, Al Henderson","42","2","7.87",NA,NA,NA,"1",NA,NA,NA,NA,NA,NA,NA,NA,NA,NA,NA,NA,NA,"1",NA,NA,NA,"1",NA,NA,NA,NA,NA,NA,NA,NA,44.9730314383548,-93.0052828484355,NA,NA,NA,NA,NA,NA,FALSE,FALSE
"Ramsey County Parks and Recreation","alexis.lipstein@co.ramsey.mn.us","62001600","2023-08-21","3","2024-06-07 13:58:39.283865","Justin Townsend, Alexis Kreider, Al Henderson","43","2","8.53",NA,NA,NA,"1",NA,NA,NA,NA,NA,NA,NA,NA,NA,NA,NA,NA,NA,"1",NA,NA,NA,"1",NA,NA,NA,NA,NA,NA,NA,NA,44.9726103346508,-93.0048268806957,NA,NA,NA,NA,NA,NA,FALSE,FALSE
"Ramsey County Parks and Recreation","alexis.lipstein@co.ramsey.mn.us","62001600","2023-08-21","3","2024-06-07 13:58:39.283865","Justin Townsend, Alexis Kreider, Al Henderson","44","2","8.53",NA,NA,NA,NA,NA,NA,NA,NA,NA,NA,NA,NA,NA,NA,NA,NA,NA,"1",NA,NA,NA,NA,NA,NA,NA,NA,NA,NA,NA,NA,44.9721892281948,-93.0043709170932,NA,NA,NA,NA,NA,NA,FALSE,FALSE
"Ramsey County Parks and Recreation","alexis.lipstein@co.ramsey.mn.us","62001600","2023-08-21","3","2024-06-07 13:58:39.283865","Justin Townsend, Alexis Kreider, Al Henderson","45","2","3.94",NA,NA,NA,"1",NA,NA,NA,NA,NA,NA,NA,NA,NA,NA,NA,NA,"v","2",NA,NA,NA,"1",NA,NA,NA,NA,NA,NA,"1",NA,44.9717681207872,-93.0039149601641,NA,NA,NA,NA,NA,NA,FALSE,FALSE
"Ramsey County Parks and Recreation","alexis.lipstein@co.ramsey.mn.us","62001600","2023-08-21","3","2024-06-07 13:58:39.283865","Justin Townsend, Alexis Kreider, Al Henderson","46","2","6.89",NA,NA,NA,"1",NA,NA,NA,NA,NA,NA,NA,NA,NA,NA,NA,NA,NA,"1",NA,NA,NA,"1",NA,NA,NA,NA,NA,NA,"1",NA,44.9750395060544,-93.0065135300596,NA,NA,NA,NA,NA,NA,FALSE,FALSE
"Ramsey County Parks and Recreation","alexis.lipstein@co.ramsey.mn.us","62001600","2023-08-21","3","2024-06-07 13:58:39.283865","Justin Townsend, Alexis Kreider, Al Henderson","47",NA,"10.5",NA,NA,NA,NA,NA,NA,NA,NA,NA,NA,NA,NA,NA,NA,NA,NA,NA,NA,NA,NA,NA,NA,NA,NA,NA,NA,NA,NA,NA,NA,44.9746184065136,-93.0060575373999,NA,NA,NA,NA,NA,NA,FALSE,FALSE
"Ramsey County Parks and Recreation","alexis.lipstein@co.ramsey.mn.us","62001600","2023-08-21","3","2024-06-07 13:58:39.283865","Justin Townsend, Alexis Kreider, Al Henderson","48","3","7.22",NA,NA,NA,"1",NA,NA,NA,NA,NA,NA,NA,NA,NA,NA,NA,NA,NA,"1",NA,NA,NA,"1",NA,NA,NA,NA,NA,NA,NA,NA,44.9741973051209,-93.0056015501463,NA,NA,NA,NA,NA,NA,FALSE,FALSE
"Ramsey County Parks and Recreation","alexis.lipstein@co.ramsey.mn.us","62001600","2023-08-21","3","2024-06-07 13:58:39.283865","Justin Townsend, Alexis Kreider, Al Henderson","49","3","7.87",NA,NA,NA,"1",NA,NA,NA,NA,NA,NA,NA,NA,NA,NA,NA,NA,NA,NA,NA,NA,NA,NA,NA,NA,NA,NA,NA,NA,NA,NA,44.9737762027763,-93.0051455682987,NA,NA,NA,NA,NA,NA,FALSE,FALSE
"Ramsey County Parks and Recreation","alexis.lipstein@co.ramsey.mn.us","62001600","2023-08-21","3","2024-06-07 13:58:39.283865","Justin Townsend, Alexis Kreider, Al Henderson","50","3","4.27",NA,NA,NA,"1",NA,NA,NA,NA,NA,NA,NA,NA,NA,NA,NA,NA,NA,"1",NA,NA,NA,"1",NA,NA,NA,NA,NA,NA,"1",NA,44.9733550985795,-93.0046895956616,NA,NA,NA,NA,NA,NA,FALSE,FALSE
"Ramsey County Parks and Recreation","alexis.lipstein@co.ramsey.mn.us","62001600","2023-08-21","3","2024-06-07 13:58:39.283865","Justin Townsend, Alexis Kreider, Al Henderson","51","2","4.59",NA,NA,NA,NA,NA,NA,NA,NA,NA,NA,NA,NA,NA,NA,NA,NA,NA,"1",NA,NA,NA,NA,NA,NA,NA,NA,NA,NA,NA,NA,44.972933992531,-93.004233627162,NA,NA,NA,NA,NA,NA,FALSE,FALSE
"Ramsey County Parks and Recreation","alexis.lipstein@co.ramsey.mn.us","62001600","2023-08-21","3","2024-06-07 13:58:39.283865","Justin Townsend, Alexis Kreider, Al Henderson","52","2","5.25",NA,NA,NA,"1",NA,NA,NA,NA,NA,NA,NA,NA,NA,NA,NA,NA,NA,"1",NA,NA,NA,NA,NA,NA,NA,NA,NA,NA,NA,NA,44.9725128837303,-93.0037776678723,NA,NA,NA,NA,NA,NA,FALSE,FALSE
"Ramsey County Parks and Recreation","alexis.lipstein@co.ramsey.mn.us","62001600","2023-08-21","3","2024-06-07 13:58:39.283865","Justin Townsend, Alexis Kreider, Al Henderson","53","2","8.2",NA,NA,NA,"1",NA,NA,NA,NA,NA,NA,NA,NA,NA,NA,NA,NA,NA,"2",NA,NA,NA,"1",NA,NA,NA,NA,NA,NA,NA,NA,44.9720917721777,-93.0033217139878,NA,NA,NA,NA,NA,NA,FALSE,FALSE
"Ramsey County Parks and Recreation","alexis.lipstein@co.ramsey.mn.us","62001600","2023-08-21","3","2024-06-07 13:58:39.283865","Justin Townsend, Alexis Kreider, Al Henderson","54","3","2.3",NA,NA,NA,"1","2",NA,NA,NA,NA,NA,NA,NA,NA,NA,NA,NA,NA,"1",NA,NA,NA,"3",NA,NA,NA,NA,NA,NA,"1",NA,44.9716706596736,-93.0028657667767,NA,NA,NA,NA,NA,NA,FALSE,FALSE
"Ramsey County Parks and Recreation","alexis.lipstein@co.ramsey.mn.us","62001600","2023-08-21","3","2024-06-07 13:58:39.283865","Justin Townsend, Alexis Kreider, Al Henderson","55","1","2.3",NA,NA,NA,"1",NA,NA,NA,NA,NA,NA,NA,NA,NA,NA,NA,NA,NA,"2",NA,NA,NA,"1",NA,NA,NA,NA,NA,NA,"1",NA,44.9753631716581,-93.0059202647745,NA,NA,NA,NA,NA,NA,FALSE,FALSE
"Ramsey County Parks and Recreation","alexis.lipstein@co.ramsey.mn.us","62001600","2023-08-21","3","2024-06-07 13:58:39.283865","Justin Townsend, Alexis Kreider, Al Henderson","56","1","9.51",NA,NA,NA,"1",NA,NA,NA,NA,NA,NA,NA,NA,NA,NA,NA,NA,NA,"1",NA,NA,NA,"1",NA,NA,NA,NA,NA,NA,NA,NA,44.9749420706728,-93.0054642726229,NA,NA,NA,NA,NA,NA,FALSE,FALSE
"Ramsey County Parks and Recreation","alexis.lipstein@co.ramsey.mn.us","62001600","2023-08-21","3","2024-06-07 13:58:39.283865","Justin Townsend, Alexis Kreider, Al Henderson","57","3","8.2",NA,NA,NA,"1",NA,NA,NA,NA,NA,NA,NA,NA,NA,NA,NA,NA,NA,"1",NA,NA,NA,"1",NA,NA,NA,NA,NA,NA,"1",NA,44.9745209660351,-93.0050082858774,NA,NA,NA,NA,NA,NA,FALSE,FALSE
"Ramsey County Parks and Recreation","alexis.lipstein@co.ramsey.mn.us","62001600","2023-08-21","3","2024-06-07 13:58:39.283865","Justin Townsend, Alexis Kreider, Al Henderson","58","2","4.59",NA,"v",NA,NA,NA,NA,NA,NA,NA,NA,NA,NA,NA,NA,NA,NA,NA,"1",NA,NA,NA,NA,NA,NA,NA,NA,NA,NA,NA,NA,44.9740998613456,-93.0045523083427,NA,NA,NA,NA,NA,NA,FALSE,FALSE
"Ramsey County Parks and Recreation","alexis.lipstein@co.ramsey.mn.us","62001600","2023-08-21","3","2024-06-07 13:58:39.283865","Justin Townsend, Alexis Kreider, Al Henderson","59","3","7.22",NA,NA,NA,"1",NA,NA,NA,NA,NA,NA,NA,NA,NA,NA,NA,NA,NA,"2",NA,NA,NA,"1",NA,NA,NA,NA,NA,NA,"1",NA,44.9736787548043,-93.0040963349457,NA,NA,NA,NA,NA,NA,FALSE,FALSE
"Ramsey County Parks and Recreation","alexis.lipstein@co.ramsey.mn.us","62001600","2023-08-21","3","2024-06-07 13:58:39.283865","Justin Townsend, Alexis Kreider, Al Henderson","60","3","7.22",NA,NA,NA,"1",NA,NA,NA,NA,NA,NA,NA,NA,NA,NA,NA,NA,NA,"2",NA,NA,NA,"1",NA,NA,NA,NA,NA,NA,NA,NA,44.9732576455108,-93.0036403694907,NA,NA,NA,NA,NA,NA,FALSE,FALSE
"Ramsey County Parks and Recreation","alexis.lipstein@co.ramsey.mn.us","62001600","2023-08-21","3","2024-06-07 13:58:39.283865","Justin Townsend, Alexis Kreider, Al Henderson","61","2","9.51",NA,"2",NA,"1",NA,NA,NA,NA,NA,NA,NA,NA,NA,NA,NA,NA,NA,"2",NA,NA,NA,"1",NA,NA,NA,NA,NA,NA,NA,NA,44.9728365352657,-93.0031844119778,NA,NA,NA,NA,NA,NA,FALSE,FALSE
"Ramsey County Parks and Recreation","alexis.lipstein@co.ramsey.mn.us","62001600","2023-08-21","3","2024-06-07 13:58:39.283865","Justin Townsend, Alexis Kreider, Al Henderson","62","3","4.27",NA,NA,NA,"1",NA,NA,NA,NA,NA,NA,NA,NA,NA,NA,NA,NA,NA,"1",NA,NA,NA,"1",NA,NA,NA,NA,NA,NA,NA,NA,44.9724154222687,-93.0027284598701,NA,NA,NA,NA,NA,NA,FALSE,FALSE
"Ramsey County Parks and Recreation","alexis.lipstein@co.ramsey.mn.us","62001600","2023-08-21","3","2024-06-07 13:58:39.283865","Justin Townsend, Alexis Kreider, Al Henderson","63","3","2.3",NA,"1",NA,"1",NA,NA,NA,NA,NA,NA,NA,NA,NA,NA,NA,NA,NA,"3",NA,NA,NA,NA,NA,NA,NA,NA,NA,NA,"1",NA,44.9719943056197,-93.0022725144358,NA,NA,NA,NA,NA,NA,FALSE,FALSE
"Ramsey County Parks and Recreation","alexis.lipstein@co.ramsey.mn.us","62001600","2023-08-21","3","2024-06-07 13:58:39.283865","Justin Townsend, Alexis Kreider, Al Henderson","64","1","3.94",NA,NA,NA,NA,"1",NA,NA,NA,NA,NA,NA,NA,NA,NA,NA,NA,NA,"1",NA,NA,NA,"1",NA,NA,NA,NA,NA,NA,NA,NA,44.9752657299316,-93.0048710024395,NA,NA,NA,NA,NA,NA,FALSE,FALSE
"Ramsey County Parks and Recreation","alexis.lipstein@co.ramsey.mn.us","62001600","2023-08-21","3","2024-06-07 13:58:39.283865","Justin Townsend, Alexis Kreider, Al Henderson","65","1","3.28",NA,NA,NA,"1",NA,NA,NA,NA,NA,NA,NA,NA,NA,NA,NA,NA,NA,"1",NA,NA,NA,"1",NA,NA,NA,NA,NA,NA,NA,NA,44.9748446247495,-93.0044150174707,NA,NA,NA,NA,NA,NA,FALSE,FALSE
"Ramsey County Parks and Recreation","alexis.lipstein@co.ramsey.mn.us","62001600","2023-08-21","3","2024-06-07 13:58:39.283865","Justin Townsend, Alexis Kreider, Al Henderson","66","2","7.55",NA,NA,NA,"1",NA,NA,NA,NA,NA,NA,NA,NA,NA,NA,NA,NA,NA,"1",NA,NA,NA,"1",NA,NA,NA,NA,NA,NA,"1",NA,44.9744235177153,-93.0039590404444,NA,NA,NA,NA,NA,NA,FALSE,FALSE
"Ramsey County Parks and Recreation","alexis.lipstein@co.ramsey.mn.us","62001600","2023-08-21","3","2024-06-07 13:58:39.283865","Justin Townsend, Alexis Kreider, Al Henderson","67","3","8.2",NA,NA,NA,NA,NA,NA,NA,NA,NA,NA,NA,NA,NA,NA,NA,NA,NA,"1",NA,NA,NA,"1",NA,NA,NA,NA,NA,NA,NA,NA,44.974002407929,-93.003503068824,NA,NA,NA,NA,NA,NA,FALSE,FALSE
"Ramsey County Parks and Recreation","alexis.lipstein@co.ramsey.mn.us","62001600","2023-08-21","3","2024-06-07 13:58:39.283865","Justin Townsend, Alexis Kreider, Al Henderson","68","2","8.86",NA,NA,NA,NA,NA,NA,NA,NA,NA,NA,NA,NA,NA,NA,NA,NA,NA,"1",NA,NA,NA,NA,NA,NA,NA,NA,NA,NA,NA,NA,44.973581297191,-93.0030471064141,NA,NA,NA,NA,NA,NA,FALSE,FALSE
"Ramsey County Parks and Recreation","alexis.lipstein@co.ramsey.mn.us","62001600","2023-08-21","3","2024-06-07 13:58:39.283865","Justin Townsend, Alexis Kreider, Al Henderson","69","2","7.87",NA,NA,NA,NA,NA,NA,NA,NA,NA,NA,NA,NA,NA,NA,NA,NA,NA,NA,NA,NA,NA,NA,NA,NA,NA,NA,NA,NA,NA,NA,44.9731601828009,-93.0025911481415,NA,NA,NA,NA,NA,NA,FALSE,FALSE
"Ramsey County Parks and Recreation","alexis.lipstein@co.ramsey.mn.us","62001600","2023-08-21","3","2024-06-07 13:58:39.283865","Justin Townsend, Alexis Kreider, Al Henderson","70","1","8.53",NA,NA,NA,NA,NA,NA,NA,NA,NA,NA,NA,NA,NA,NA,NA,NA,NA,"2",NA,NA,NA,"1",NA,NA,NA,NA,NA,NA,NA,NA,44.9727390674593,-93.002135199079,NA,NA,NA,NA,NA,NA,FALSE,FALSE
"Ramsey County Parks and Recreation","alexis.lipstein@co.ramsey.mn.us","62001600","2023-08-21","3","2024-06-07 13:58:39.283865","Justin Townsend, Alexis Kreider, Al Henderson","71","3","4.59","1",NA,NA,"1",NA,NA,NA,NA,NA,NA,NA,NA,NA,NA,NA,NA,NA,"1",NA,NA,NA,"1",NA,NA,NA,NA,NA,NA,NA,NA,44.9723179502662,-93.0016792541536,NA,NA,NA,NA,NA,NA,FALSE,FALSE
"Ramsey County Parks and Recreation","alexis.lipstein@co.ramsey.mn.us","62001600","2023-08-21","3","2024-06-07 13:58:39.283865","Justin Townsend, Alexis Kreider, Al Henderson","72","3","1.31",NA,NA,NA,"1",NA,NA,NA,NA,NA,NA,NA,NA,NA,NA,NA,NA,NA,"1",NA,NA,NA,"3",NA,NA,NA,NA,NA,NA,"1",NA,44.9718968321217,-93.0012233184378,NA,NA,NA,NA,NA,NA,FALSE,FALSE
"Ramsey County Parks and Recreation","alexis.lipstein@co.ramsey.mn.us","62001600","2023-08-21","3","2024-06-07 13:58:39.283865","Justin Townsend, Alexis Kreider, Al Henderson","73","2","4.27",NA,NA,NA,"1","2",NA,NA,NA,NA,NA,NA,NA,NA,NA,NA,NA,NA,"1",NA,NA,NA,"1",NA,NA,NA,NA,NA,NA,NA,NA,44.9751682785634,-93.0038217423895,NA,NA,NA,NA,NA,NA,FALSE,FALSE
"Ramsey County Parks and Recreation","alexis.lipstein@co.ramsey.mn.us","62001600","2023-08-21","3","2024-06-07 13:58:39.283865","Justin Townsend, Alexis Kreider, Al Henderson","74","3","4.59",NA,NA,NA,NA,NA,NA,NA,NA,NA,NA,NA,NA,NA,NA,NA,NA,NA,"1",NA,NA,NA,NA,NA,NA,NA,NA,NA,NA,NA,NA,44.9747471691844,-93.00336576714,NA,NA,NA,NA,NA,NA,FALSE,FALSE
"Ramsey County Parks and Recreation","alexis.lipstein@co.ramsey.mn.us","62001600","2023-08-21","3","2024-06-07 13:58:39.283865","Justin Townsend, Alexis Kreider, Al Henderson","75","3","5.91",NA,NA,NA,NA,NA,NA,NA,NA,NA,NA,NA,NA,NA,NA,NA,NA,NA,"1",NA,NA,NA,NA,NA,NA,NA,NA,NA,NA,NA,NA,44.9743260579536,-93.0029097972966,NA,NA,NA,NA,NA,NA,FALSE,FALSE
"Ramsey County Parks and Recreation","alexis.lipstein@co.ramsey.mn.us","62001600","2023-08-21","3","2024-06-07 13:58:39.283865","Justin Townsend, Alexis Kreider, Al Henderson","76","3","5.58",NA,NA,NA,NA,NA,NA,NA,NA,NA,NA,NA,NA,NA,NA,NA,NA,NA,"1",NA,NA,NA,NA,NA,NA,NA,NA,NA,NA,NA,NA,44.9739049439707,-93.0024538353954,NA,NA,NA,NA,NA,NA,FALSE,FALSE
"Ramsey County Parks and Recreation","alexis.lipstein@co.ramsey.mn.us","62001600","2023-08-21","3","2024-06-07 13:58:39.283865","Justin Townsend, Alexis Kreider, Al Henderson","77","3","7.87",NA,NA,NA,NA,NA,NA,NA,NA,NA,NA,NA,NA,NA,NA,NA,NA,NA,NA,NA,NA,NA,NA,NA,NA,NA,NA,NA,NA,NA,NA,44.9734838281362,-93.001997880168,NA,NA,NA,NA,NA,NA,FALSE,FALSE
"Ramsey County Parks and Recreation","alexis.lipstein@co.ramsey.mn.us","62001600","2023-08-21","3","2024-06-07 13:58:39.283865","Justin Townsend, Alexis Kreider, Al Henderson","78","3","4.59",NA,NA,NA,NA,NA,NA,NA,NA,NA,NA,NA,NA,NA,NA,NA,NA,NA,"1",NA,NA,NA,NA,NA,NA,NA,NA,NA,NA,NA,NA,44.97306271045,-93.0015419316144,NA,NA,NA,NA,NA,NA,FALSE,FALSE
"Ramsey County Parks and Recreation","alexis.lipstein@co.ramsey.mn.us","62001600","2023-08-21","3","2024-06-07 13:58:39.283865","Justin Townsend, Alexis Kreider, Al Henderson","79","3","2.62",NA,NA,NA,"1",NA,NA,NA,NA,NA,NA,NA,NA,NA,NA,NA,NA,NA,"1",NA,NA,NA,"1",NA,NA,NA,NA,NA,NA,"1",NA,44.9726415918126,-93.0010859884662,NA,NA,NA,NA,NA,NA,FALSE,FALSE
"Ramsey County Parks and Recreation","alexis.lipstein@co.ramsey.mn.us","62001600","2023-08-21","3","2024-06-07 13:58:39.283865","Justin Townsend, Alexis Kreider, Al Henderson","80","1","1.31",NA,NA,NA,"1","2",NA,NA,NA,NA,NA,NA,NA,NA,NA,NA,NA,NA,"1",NA,NA,NA,"1",NA,NA,NA,NA,NA,NA,NA,NA,44.9759130418496,-93.0036844407811,NA,NA,NA,NA,NA,NA,FALSE,FALSE
"Ramsey County Parks and Recreation","alexis.lipstein@co.ramsey.mn.us","62001600","2023-08-21","3","2024-06-07 13:58:39.283865","Justin Townsend, Alexis Kreider, Al Henderson","81","2","3.61",NA,NA,NA,NA,NA,NA,NA,NA,NA,NA,NA,NA,NA,NA,NA,NA,NA,NA,NA,NA,NA,NA,NA,NA,NA,NA,NA,NA,NA,NA,44.9754919310775,-93.0032284606341,NA,NA,NA,NA,NA,NA,FALSE,FALSE
"Ramsey County Parks and Recreation","alexis.lipstein@co.ramsey.mn.us","62001600","2023-08-21","3","2024-06-07 13:58:39.283865","Justin Townsend, Alexis Kreider, Al Henderson","82","3","4.59",NA,NA,NA,NA,NA,NA,NA,NA,NA,NA,NA,NA,NA,NA,NA,NA,NA,"1",NA,NA,NA,NA,NA,NA,NA,NA,NA,NA,NA,NA,44.9750708193538,-93.0027724871616,NA,NA,NA,NA,NA,NA,FALSE,FALSE
"Ramsey County Parks and Recreation","alexis.lipstein@co.ramsey.mn.us","62001600","2023-08-21","3","2024-06-07 13:58:39.283865","Justin Townsend, Alexis Kreider, Al Henderson","83","2","5.58",NA,NA,NA,NA,NA,NA,NA,NA,NA,NA,NA,NA,NA,NA,NA,NA,NA,"1",NA,NA,NA,NA,NA,NA,NA,NA,NA,NA,NA,NA,44.9746497057782,-93.0023165190951,NA,NA,NA,NA,NA,NA,FALSE,FALSE
"Ramsey County Parks and Recreation","alexis.lipstein@co.ramsey.mn.us","62001600","2023-08-21","3","2024-06-07 13:58:39.283865","Justin Townsend, Alexis Kreider, Al Henderson","84","3","4.59",NA,NA,NA,"1",NA,NA,NA,NA,NA,NA,NA,NA,NA,NA,NA,NA,NA,"1",NA,NA,NA,NA,NA,NA,NA,NA,NA,NA,NA,NA,44.9742285894507,-93.001860558971,NA,NA,NA,NA,NA,NA,FALSE,FALSE
"Ramsey County Parks and Recreation","alexis.lipstein@co.ramsey.mn.us","62001600","2023-08-21","3","2024-06-07 13:58:39.283865","Justin Townsend, Alexis Kreider, Al Henderson","85","3","4.27",NA,NA,NA,"1",NA,NA,NA,NA,NA,NA,NA,NA,NA,NA,NA,NA,NA,"1",NA,NA,NA,NA,NA,NA,NA,NA,NA,NA,NA,NA,44.9738074703713,-93.0014046055209,NA,NA,NA,NA,NA,NA,FALSE,FALSE
"Ramsey County Parks and Recreation","alexis.lipstein@co.ramsey.mn.us","62001600","2023-08-21","3","2024-06-07 13:58:39.283865","Justin Townsend, Alexis Kreider, Al Henderson","86","3","3.94",NA,NA,NA,"1",NA,NA,NA,NA,NA,NA,NA,NA,NA,NA,NA,NA,NA,"1",NA,NA,NA,"1",NA,NA,NA,NA,NA,NA,NA,NA,44.9733863503406,-93.0009486587445,NA,NA,NA,NA,NA,NA,FALSE,FALSE
"Ramsey County Parks and Recreation","alexis.lipstein@co.ramsey.mn.us","62001600","2023-08-21","3","2024-06-07 13:58:39.283865","Justin Townsend, Alexis Kreider, Al Henderson","87","3","1.64",NA,"1",NA,"1",NA,NA,NA,NA,NA,NA,NA,NA,NA,NA,NA,NA,NA,"1",NA,NA,NA,"3",NA,NA,NA,NA,NA,NA,"1",NA,44.9729652293585,-93.0004927173736,NA,NA,NA,NA,NA,NA,FALSE,FALSE
"Ramsey County Parks and Recreation","alexis.lipstein@co.ramsey.mn.us","62001600","2023-08-21","3","2024-06-07 13:58:39.283865","Justin Townsend, Alexis Kreider, Al Henderson","88","2","2.3",NA,NA,NA,"1",NA,NA,NA,NA,NA,NA,NA,NA,NA,NA,NA,NA,NA,"1",NA,NA,NA,NA,NA,NA,NA,NA,NA,NA,NA,NA,44.9758155786911,-93.0026351709358,NA,NA,NA,NA,NA,NA,FALSE,FALSE
"Ramsey County Parks and Recreation","alexis.lipstein@co.ramsey.mn.us","62001600","2023-08-21","3","2024-06-07 13:58:39.283865","Justin Townsend, Alexis Kreider, Al Henderson","89","3","4.27",NA,NA,NA,"1",NA,NA,NA,NA,NA,NA,NA,NA,NA,NA,NA,NA,NA,"1",NA,NA,NA,NA,NA,NA,NA,NA,NA,NA,NA,NA,44.9753944655227,-93.0021791992405,NA,NA,NA,NA,NA,NA,FALSE,FALSE
"Ramsey County Parks and Recreation","alexis.lipstein@co.ramsey.mn.us","62001600","2023-08-21","3","2024-06-07 13:58:39.283865","Justin Townsend, Alexis Kreider, Al Henderson","90","1","4.27",NA,NA,NA,NA,NA,NA,NA,NA,NA,NA,NA,NA,NA,NA,NA,NA,NA,"1",NA,NA,NA,NA,NA,NA,NA,NA,NA,NA,NA,NA,44.9749733487021,-93.0017232342195,NA,NA,NA,NA,NA,NA,FALSE,FALSE
"Ramsey County Parks and Recreation","alexis.lipstein@co.ramsey.mn.us","62001600","2023-08-21","3","2024-06-07 13:58:39.283865","Justin Townsend, Alexis Kreider, Al Henderson","91","3","2.95",NA,NA,NA,"1","1",NA,NA,NA,NA,NA,NA,NA,NA,NA,NA,NA,NA,"1",NA,NA,NA,"1",NA,NA,NA,NA,NA,NA,NA,NA,44.9745522300299,-93.0012672758727,NA,NA,NA,NA,NA,NA,FALSE,FALSE
"Ramsey County Parks and Recreation","alexis.lipstein@co.ramsey.mn.us","62001600","2023-08-21","3","2024-06-07 13:58:39.283865","Justin Townsend, Alexis Kreider, Al Henderson","92","2","1.64",NA,"1",NA,"1","2",NA,NA,NA,NA,NA,NA,NA,NA,NA,NA,NA,NA,"1",NA,NA,NA,"1",NA,NA,NA,NA,NA,NA,"1",NA,44.9765603395662,-93.0024978498874,NA,NA,NA,NA,NA,NA,FALSE,FALSE
"Ramsey County Parks and Recreation","alexis.lipstein@co.ramsey.mn.us","62001600","2023-08-21","3","2024-06-07 13:58:39.283865","Justin Townsend, Alexis Kreider, Al Henderson","93","1","1.64",NA,NA,NA,"1","2",NA,NA,NA,"v",NA,NA,NA,NA,NA,NA,NA,NA,"1",NA,NA,NA,"1",NA,NA,NA,NA,NA,NA,"1",NA,44.9761392250046,-93.0020418745631,NA,NA,NA,NA,NA,NA,FALSE,FALSE
"Ramsey County Parks and Recreation","alexis.lipstein@co.ramsey.mn.us","62001600","2023-08-21","3","2024-06-07 13:58:39.283865","Justin Townsend, Alexis Kreider, Al Henderson","94","2","4.59",NA,NA,NA,"1","1",NA,NA,NA,"1",NA,NA,NA,NA,NA,NA,NA,NA,NA,NA,NA,NA,"2",NA,NA,NA,NA,NA,NA,"1",NA,44.9757181094914,-93.0015859033768,NA,NA,NA,NA,NA,NA,FALSE,FALSE
"Ramsey County Parks and Recreation","alexis.lipstein@co.ramsey.mn.us","62001600","2023-08-21","3","2024-06-07 13:58:39.283865","Justin Townsend, Alexis Kreider, Al Henderson","95","2","4.27",NA,NA,NA,"1","1",NA,NA,NA,NA,NA,NA,NA,NA,NA,NA,NA,NA,"1",NA,NA,NA,"1",NA,NA,NA,NA,NA,NA,NA,NA,44.9752969903261,-93.0011299414015,NA,NA,NA,NA,NA,NA,FALSE,FALSE
"Ramsey County Parks and Recreation","alexis.lipstein@co.ramsey.mn.us","62001600","2023-08-21","3","2024-06-07 13:58:39.283865","Justin Townsend, Alexis Kreider, Al Henderson","96","1","1.64",NA,NA,NA,"1","2",NA,NA,NA,NA,NA,NA,NA,NA,NA,NA,NA,NA,"1",NA,NA,NA,"3",NA,NA,NA,NA,NA,NA,"1",NA,44.974875868409,-93.0006739835639,NA,NA,NA,NA,NA,NA,FALSE,FALSE
"Ramsey County Parks and Recreation","alexis.lipstein@co.ramsey.mn.us","62001600","2023-08-21","3","2024-06-07 13:58:39.283865","Justin Townsend, Alexis Kreider, Al Henderson","97","1","1.64",NA,NA,NA,"1","2",NA,NA,NA,NA,NA,NA,NA,NA,NA,NA,NA,NA,"1",NA,NA,NA,"1",NA,NA,NA,NA,NA,NA,NA,NA,44.9768839842239,-93.0019045463308,NA,NA,NA,NA,NA,NA,FALSE,FALSE
"Ramsey County Parks and Recreation","alexis.lipstein@co.ramsey.mn.us","62001600","2023-08-21","3","2024-06-07 13:58:39.283865","Justin Townsend, Alexis Kreider, Al Henderson","98","1","1.64",NA,"2",NA,"1","2",NA,NA,NA,"v",NA,NA,NA,NA,NA,NA,NA,NA,"1",NA,NA,NA,"1",NA,NA,NA,NA,NA,NA,"1",NA,44.9764628682177,-93.0014485715157,NA,NA,NA,NA,NA,NA,FALSE,FALSE
"Ramsey County Parks and Recreation","alexis.lipstein@co.ramsey.mn.us","62001600","2023-08-21","3","2024-06-07 13:58:39.283865","Justin Townsend, Alexis Kreider, Al Henderson","99","2","1.64",NA,"1",NA,"1","2",NA,NA,NA,NA,NA,NA,NA,NA,NA,NA,NA,NA,"1",NA,NA,NA,"1",NA,NA,NA,NA,NA,NA,"1",NA,44.9760417485593,-93.0009926021068,NA,NA,NA,NA,NA,NA,FALSE,FALSE
"Ramsey County Parks and Recreation","alexis.lipstein@co.ramsey.mn.us","62001600","2023-08-21","3","2024-06-07 13:58:39.283865","Justin Townsend, Alexis Kreider, Al Henderson","100","1","1.64",NA,"1",NA,"1","2",NA,NA,NA,NA,NA,NA,NA,NA,NA,NA,NA,NA,"1",NA,NA,NA,"1",NA,NA,NA,NA,NA,NA,"1",NA,44.9756206270492,-93.0005366419091,NA,NA,NA,NA,NA,NA,FALSE,FALSE
